scenario_id,turbine_idx,ws_free,wd,ti,target_rotor_dia_m,target_hub_height_m,target_rated_power_kw,nb_distance_km,nb_direction_deg,nb_n_turbines,nb_spacing_D,nb_rotor_dia_m,nb_hub_height_m,nb_rated_power_kw,power_kw,geom_n_blocking,geom_blocking_ratio,geom_blocking_distance,geom_streamwise_dist_1st,geom_lateral_dist_1st,geom_rotor_dia_1st,pi_n_blocking,pi_blocking_ratio,pi_blocking_distance,pi_streamwise_dist_1st,pi_lateral_dist_1st,pi_rotor_dia_1st,farm_name
0,0,14.731845868004315,240.0,0.04565064087325897,80,70,2000,24.749529788842356,270,174,9,80,70,2000,1997.563317211444,0,0.0,0.0,0.0,0.0,0.0,2,0.0,4414.977134972598,3468.2185300870383,156.27884268544972,80.0,Horns Rev III
0,1,14.731845868004315,240.0,0.04565064087325897,80,70,2000,24.749529788842356,270,174,9,80,70,2000,1939.0131159455234,4,1.0,6943.8798157350975,630.0633799860145,24.782000915958406,80.0,11,1.0,16240.879483206976,630.0633799860145,24.782000915958406,80.0,Horns Rev III
0,2,14.731845868004315,240.0,0.04565064087325897,80,70,2000,24.749529788842356,270,174,9,80,70,2000,1934.7686599200897,4,1.0,4525.8781572752105,1319.3935971540936,28.56141094829445,80.0,6,1.0,5741.721299050606,1319.3935971540936,28.56141094829445,80.0,Horns Rev III
0,3,14.731845868004315,240.0,0.04565064087325897,80,70,2000,24.749529788842356,270,174,9,80,70,2000,1997.5642350215576,0,0.0,0.0,0.0,0.0,0.0,0,0.0,0.0,0.0,0.0,0.0,Horns Rev III
0,4,14.731845868004315,240.0,0.04565064087325897,80,70,2000,24.749529788842356,270,174,9,80,70,2000,1980.8110592020314,1,0.7783168454888901,968.3755914914206,968.3755914914206,17.734652360888788,80.0,1,0.7783168454888901,968.3755914914206,968.3755914914206,17.734652360888788,80.0,Horns Rev III
0,5,14.731845868004315,240.0,0.04565064087325897,80,70,2000,24.749529788842356,270,174,9,80,70,2000,1997.547225433657,0,0.0,0.0,0.0,0.0,0.0,2,0.0,1918.6267284214885,1516.840974352147,124.79177190695827,80.0,Horns Rev III
0,6,14.731845868004315,240.0,0.04565064087325897,80,70,2000,24.749529788842356,270,174,9,80,70,2000,1997.564235021544,0,0.0,0.0,0.0,0.0,0.0,0,0.0,0.0,0.0,0.0,0.0,Horns Rev III
0,7,14.731845868004315,240.0,0.04565064087325897,80,70,2000,24.749529788842356,270,174,9,80,70,2000,1997.5642350215576,0,0.0,0.0,0.0,0.0,0.0,0,0.0,0.0,0.0,0.0,0.0,Horns Rev III
0,8,14.731845868004315,240.0,0.04565064087325897,80,70,2000,24.749529788842356,270,174,9,80,70,2000,1997.5642350215576,0,0.0,0.0,0.0,0.0,0.0,0,0.0,0.0,0.0,0.0,0.0,Horns Rev III
0,9,14.731845868004315,240.0,0.04565064087325897,80,70,2000,24.749529788842356,270,174,9,80,70,2000,1997.538173561672,1,0.0,1506.64745623019,1506.64745623019,111.40836193506095,80.0,1,0.0,1506.64745623019,1506.64745623019,111.40836193506095,80.0,Horns Rev III
0,10,14.731845868004315,240.0,0.04565064087325897,80,70,2000,24.749529788842356,270,174,9,80,70,2000,1994.8535721404346,1,0.35860774764829556,5084.369018044097,5084.369018044097,51.311380188136354,80.0,2,0.35860774764829556,4331.045289929002,3577.721561813907,162.7197421231972,80.0,Horns Rev III
0,11,14.731845868004315,240.0,0.04565064087325897,80,70,2000,24.749529788842356,270,174,9,80,70,2000,1997.5642350215567,0,0.0,0.0,0.0,0.0,0.0,0,0.0,0.0,0.0,0.0,0.0,Horns Rev III
0,12,14.731845868004315,240.0,0.04565064087325897,80,70,2000,24.749529788842356,270,174,9,80,70,2000,1997.5642350215576,0,0.0,0.0,0.0,0.0,0.0,0,0.0,0.0,0.0,0.0,0.0,Horns Rev III
0,13,14.731845868004315,240.0,0.04565064087325897,80,70,2000,24.749529788842356,270,174,9,80,70,2000,1973.9930076414241,1,0.9908138236737798,803.5715081386832,803.5715081386832,0.7348941060976131,80.0,1,0.9908138236737798,803.5715081386832,803.5715081386832,0.7348941060976131,80.0,Horns Rev III
0,14,14.731845868004315,240.0,0.04565064087325897,80,70,2000,24.749529788842356,270,174,9,80,70,2000,1997.5642350215576,0,0.0,0.0,0.0,0.0,0.0,0,0.0,0.0,0.0,0.0,0.0,Horns Rev III
0,15,14.731845868004315,240.0,0.04565064087325897,80,70,2000,24.749529788842356,270,174,9,80,70,2000,1997.5561690205009,0,0.0,0.0,0.0,0.0,0.0,3,0.0,2421.576647588376,1158.2062514223767,132.04707236784037,80.0,Horns Rev III
0,16,14.731845868004315,240.0,0.04565064087325897,80,70,2000,24.749529788842356,270,174,9,80,70,2000,1951.2570146333087,3,1.0,4275.3127468281555,2981.95193133544,5.413169077445218,80.0,5,1.0,5306.793242275815,2981.95193133544,5.413169077445218,80.0,Horns Rev III
0,17,14.731845868004315,240.0,0.04565064087325897,80,70,2000,24.749529788842356,270,174,9,80,70,2000,1997.5642350215576,0,0.0,0.0,0.0,0.0,0.0,0,0.0,0.0,0.0,0.0,0.0,Horns Rev III
0,18,14.731845868004315,240.0,0.04565064087325897,80,70,2000,24.749529788842356,270,174,9,80,70,2000,1993.0067978133993,1,0.4543400666417455,1893.5172097711186,1893.5172097711186,43.65279466866036,80.0,1,0.4543400666417455,1893.5172097711186,1893.5172097711186,43.65279466866036,80.0,Horns Rev III
0,19,14.731845868004315,240.0,0.04565064087325897,80,70,2000,24.749529788842356,270,174,9,80,70,2000,1997.5630864904674,0,0.0,0.0,0.0,0.0,0.0,1,0.0,1165.1584766553174,1165.1584766553174,134.98884297459279,80.0,Horns Rev III
0,20,14.731845868004315,240.0,0.04565064087325897,80,70,2000,24.749529788842356,270,174,9,80,70,2000,1983.048855733805,1,0.9156158867631262,2544.8594633832513,2544.8594633832513,6.750729058949901,80.0,1,0.9156158867631262,2544.8594633832513,2544.8594633832513,6.750729058949901,80.0,Horns Rev III
0,21,14.731845868004315,240.0,0.04565064087325897,80,70,2000,24.749529788842356,270,174,9,80,70,2000,1980.7125035134554,2,0.8326271855456,1865.4181047944553,1387.2450301857305,13.389825156352003,80.0,4,0.8326271855456,2750.893829127099,1387.2450301857305,13.389825156352003,80.0,Horns Rev III
0,22,14.731845868004315,240.0,0.04565064087325897,80,70,2000,24.749529788842356,270,174,9,80,70,2000,1981.1997074578462,2,1.0,3954.9765921572102,3393.7201401278053,37.506922220793285,80.0,3,1.0,3449.109058408259,2437.3739909103556,166.32030394576157,80.0,Horns Rev III
0,23,14.731845868004315,240.0,0.04565064087325897,80,70,2000,24.749529788842356,270,174,9,80,70,2000,1988.869283132019,1,0.5614551202685192,539.7378899926501,539.7378899926501,35.083590378518466,80.0,1,0.5614551202685192,539.7378899926501,539.7378899926501,35.083590378518466,80.0,Horns Rev III
0,24,14.731845868004315,240.0,0.04565064087325897,80,70,2000,24.749529788842356,270,174,9,80,70,2000,1984.7107151317289,1,0.7117479771124081,1308.3940072009914,1308.3940072009914,23.06016183100735,80.0,1,0.7117479771124081,1308.3940072009914,1308.3940072009914,23.06016183100735,80.0,Horns Rev III
0,25,14.731845868004315,240.0,0.04565064087325897,80,70,2000,24.749529788842356,270,174,9,80,70,2000,1997.5642350215576,0,0.0,0.0,0.0,0.0,0.0,0,0.0,0.0,0.0,0.0,0.0,Horns Rev III
0,26,14.731845868004315,240.0,0.04565064087325897,80,70,2000,24.749529788842356,270,174,9,80,70,2000,1991.7105470126683,3,1.0,17086.85682300942,15541.38320788945,70.60597197576408,80.0,19,1.0,18846.00583664319,14325.775619623108,243.8063576262557,80.0,Horns Rev III
0,27,14.731845868004315,240.0,0.04565064087325897,80,70,2000,24.749529788842356,270,174,9,80,70,2000,1987.216814522103,1,0.6390042925904481,1198.1899813008297,1198.1899813008297,28.87965659276415,80.0,2,0.6390042925904481,1999.5873739101817,1198.1899813008297,28.87965659276415,80.0,Horns Rev III
0,28,14.731845868004315,240.0,0.04565064087325897,80,70,2000,24.749529788842356,270,174,9,80,70,2000,1993.5683425097366,2,1.0,16730.039159915454,15970.62756251174,3.993793666944839,80.0,10,1.0,18705.81168089873,15970.62756251174,3.993793666944839,80.0,Horns Rev III
0,29,14.731845868004315,240.0,0.04565064087325897,80,70,2000,24.749529788842356,270,174,9,80,70,2000,1997.562083132641,0,0.0,0.0,0.0,0.0,0.0,1,0.0,2419.519020375672,2419.519020375672,138.9250203185087,80.0,Horns Rev III
0,30,14.731845868004315,240.0,0.04565064087325897,80,70,2000,24.749529788842356,270,174,9,80,70,2000,1996.319000464549,1,0.17584669756857635,2036.236213399811,2036.236213399811,65.93226419451389,80.0,2,0.17584669756857635,1738.3115839541806,1440.3869545085504,144.04089896092398,80.0,Horns Rev III
0,31,14.731845868004315,240.0,0.04565064087325897,80,70,2000,24.749529788842356,270,174,9,80,70,2000,1993.8965884859574,2,1.0,19890.629357700906,17611.06098942081,28.464241893138933,80.0,19,1.0,19332.742364417507,15381.3422501486,545.1491492101004,80.0,Horns Rev III
0,32,14.731845868004315,240.0,0.04565064087325897,80,70,2000,24.749529788842356,270,174,9,80,70,2000,1997.5613905304986,0,0.0,0.0,0.0,0.0,0.0,1,0.0,2078.8590532762596,2078.8590532762596,179.1615227106829,80.0,Horns Rev III
0,33,14.731845868004315,240.0,0.04565064087325897,80,70,2000,24.749529788842356,270,174,9,80,70,2000,1997.4774553296731,1,0.0,4216.793307612138,4216.793307612138,109.48082376465754,80.0,2,0.0,3732.6055118664276,3248.417716120717,127.21547612554627,80.0,Horns Rev III
0,34,14.731845868004315,240.0,0.04565064087325897,80,70,2000,24.749529788842356,270,174,9,80,70,2000,1997.03580362798,1,0.0009395415293852238,2711.189741031286,2711.189741031286,79.92483667764918,80.0,2,0.0009395415293852238,2246.5209984753074,1781.8522559193284,141.8144105122533,80.0,Horns Rev III
0,35,14.731845868004315,240.0,0.04565064087325897,80,70,2000,24.749529788842356,270,174,9,80,70,2000,1997.5642350215576,0,0.0,0.0,0.0,0.0,0.0,0,0.0,0.0,0.0,0.0,0.0,Horns Rev III
0,36,14.731845868004315,240.0,0.04565064087325897,80,70,2000,24.749529788842356,270,174,9,80,70,2000,1997.5642350215576,0,0.0,0.0,0.0,0.0,0.0,0,0.0,0.0,0.0,0.0,0.0,Horns Rev III
0,37,14.731845868004315,240.0,0.04565064087325897,80,70,2000,24.749529788842356,270,174,9,80,70,2000,1997.5642350215576,0,0.0,0.0,0.0,0.0,0.0,1,0.0,14909.239367859254,14909.239367859254,738.5292526942203,80.0,Horns Rev III
0,38,14.731845868004315,240.0,0.04565064087325897,80,70,2000,24.749529788842356,270,174,9,80,70,2000,1997.5642350215574,0,0.0,0.0,0.0,0.0,0.0,0,0.0,0.0,0.0,0.0,0.0,Horns Rev III
0,39,14.731845868004315,240.0,0.04565064087325897,80,70,2000,24.749529788842356,270,174,9,80,70,2000,1977.3508227166558,4,1.0,10238.137893254901,547.8643497599277,68.03273087201825,80.0,15,1.0,17200.581101715063,547.8643497599277,68.03273087201825,80.0,Horns Rev III
0,40,14.731845868004315,240.0,0.04565064087325897,80,70,2000,24.749529788842356,270,174,9,80,70,2000,1997.5642350215576,0,0.0,0.0,0.0,0.0,0.0,0,0.0,0.0,0.0,0.0,0.0,Horns Rev III
0,41,14.731845868004315,240.0,0.04565064087325897,80,70,2000,24.749529788842356,270,174,9,80,70,2000,1995.9433265424661,2,0.32291080519689785,20212.621056810793,19813.46794647064,66.53051941409103,80.0,16,0.32291080519689785,19121.80796635507,2277.122360007487,120.97393901933754,80.0,Horns Rev III
0,42,14.731845868004315,240.0,0.04565064087325897,80,70,2000,24.749529788842356,270,174,9,80,70,2000,1994.31810665949,1,0.37064823767856864,1122.51290405881,1122.51290405881,50.34814098571451,80.0,1,0.37064823767856864,1122.51290405881,1122.51290405881,50.34814098571451,80.0,Horns Rev III
0,43,14.731845868004315,240.0,0.04565064087325897,80,70,2000,24.749529788842356,270,174,9,80,70,2000,1981.3327034502693,1,0.9786611766025402,2163.487338966004,2163.487338966004,1.7071058717967844,80.0,1,0.9786611766025402,2163.487338966004,2163.487338966004,1.7071058717967844,80.0,Horns Rev III
0,44,14.731845868004315,240.0,0.04565064087325897,80,70,2000,24.749529788842356,270,174,9,80,70,2000,1996.0671843894677,1,0.31945725493442295,17536.34558646315,17536.34558646315,54.44341960524616,80.0,12,0.31945725493442295,17863.494569959188,15148.262758374189,121.88408814147624,80.0,Horns Rev III
0,45,14.731845868004315,240.0,0.04565064087325897,80,70,2000,24.749529788842356,270,174,9,80,70,2000,1924.0014208366451,4,1.0,4595.244408261009,2172.483494611889,25.653951169748666,80.0,4,1.0,4595.244408261009,2172.483494611889,25.653951169748666,80.0,Horns Rev III
0,46,14.731845868004315,240.0,0.04565064087325897,80,70,2000,24.749529788842356,270,174,9,80,70,2000,1997.5550620771323,0,0.0,0.0,0.0,0.0,0.0,3,0.0,4502.746581029366,3662.13518175557,132.63270470363045,80.0,Horns Rev III
0,47,14.731845868004315,240.0,0.04565064087325897,80,70,2000,24.749529788842356,270,174,9,80,70,2000,1993.662943405416,2,0.8366656497405471,9294.729564745841,1765.4644384528383,53.504105095018076,80.0,7,0.8366656497405471,15484.565176373171,1765.4644384528383,53.504105095018076,80.0,Horns Rev III
0,48,14.731845868004315,240.0,0.04565064087325897,80,70,2000,24.749529788842356,270,174,9,80,70,2000,1996.8907747180656,2,0.0,4128.841053244927,3047.097383761925,89.44607447974977,80.0,2,0.0,4128.841053244927,3047.097383761925,89.44607447974977,80.0,Horns Rev III
0,49,14.731845868004315,240.0,0.04565064087325897,80,70,2000,24.749529788842356,270,174,9,80,70,2000,1995.5252992518624,3,0.5336503987121887,12920.364724659965,1767.0052847163297,87.14439183563456,80.0,11,0.5336503987121887,18772.2886309879,1767.0052847163297,87.14439183563456,80.0,Horns Rev III
0,50,14.731845868004315,240.0,0.04565064087325897,80,70,2000,24.749529788842356,270,174,9,80,70,2000,1997.5642350215576,0,0.0,0.0,0.0,0.0,0.0,0,0.0,0.0,0.0,0.0,0.0,Horns Rev III
0,51,14.731845868004315,240.0,0.04565064087325897,80,70,2000,24.749529788842356,270,174,9,80,70,2000,1947.5516761054237,3,1.0,3230.3478848654927,1371.002977737068,37.97182679812613,80.0,3,1.0,3230.3478848654927,1371.002977737068,37.97182679812613,80.0,Horns Rev III
0,52,14.731845868004315,240.0,0.04565064087325897,80,70,2000,24.749529788842356,270,174,9,80,70,2000,1997.5642281681903,0,0.0,0.0,0.0,0.0,0.0,0,0.0,0.0,0.0,0.0,0.0,Horns Rev III
0,53,14.731845868004315,240.0,0.04565064087325897,80,70,2000,24.749529788842356,270,174,9,80,70,2000,1997.2185759890258,1,0.0,846.4462399663208,846.4462399663208,81.15217863290104,80.0,1,0.0,846.4462399663208,846.4462399663208,81.15217863290104,80.0,Horns Rev III
0,54,14.731845868004315,240.0,0.04565064087325897,80,70,2000,24.749529788842356,270,174,9,80,70,2000,1997.5642350215362,0,0.0,0.0,0.0,0.0,0.0,0,0.0,0.0,0.0,0.0,0.0,Horns Rev III
0,55,14.731845868004315,240.0,0.04565064087325897,80,70,2000,24.749529788842356,270,174,9,80,70,2000,1995.1560132086668,1,0.31143554664250955,1396.7437999259546,1396.7437999259546,55.085156268599235,80.0,3,0.31143554664250955,6787.926204337823,1396.7437999259546,55.085156268599235,80.0,Horns Rev III
0,56,14.731845868004315,240.0,0.04565064087325897,80,70,2000,24.749529788842356,270,174,9,80,70,2000,1984.2647351373334,1,0.9292782216883353,3041.5906508736393,3041.5906508736393,5.657742264933177,80.0,1,0.9292782216883353,3041.5906508736393,3041.5906508736393,5.657742264933177,80.0,Horns Rev III
0,57,14.731845868004315,240.0,0.04565064087325897,80,70,2000,24.749529788842356,270,174,9,80,70,2000,1991.2251456632498,2,0.5839096579541121,2108.963804092521,753.3689335768781,113.21206404132008,80.0,2,0.5839096579541121,2108.963804092521,753.3689335768781,113.21206404132008,80.0,Horns Rev III
0,58,14.731845868004315,240.0,0.04565064087325897,80,70,2000,24.749529788842356,270,174,9,80,70,2000,1997.5641973148286,0,0.0,0.0,0.0,0.0,0.0,1,0.0,3826.6169092499185,3826.6169092499185,180.1884909154394,80.0,Horns Rev III
0,59,14.731845868004315,240.0,0.04565064087325897,80,70,2000,24.749529788842356,270,174,9,80,70,2000,1982.6669849814843,2,1.0,1940.0412232390727,1340.9462325886577,51.43066264066874,80.0,4,1.0,2906.0516386754693,1340.9462325886577,51.43066264066874,80.0,Horns Rev III
0,60,14.731845868004315,240.0,0.04565064087325897,80,70,2000,24.749529788842356,270,174,9,80,70,2000,1997.5467869325867,1,0.0,1915.1141025111906,1915.1141025111906,117.40000992847752,80.0,1,0.0,1915.1141025111906,1915.1141025111906,117.40000992847752,80.0,Horns Rev III
0,61,14.731845868004315,240.0,0.04565064087325897,80,70,2000,24.749529788842356,270,174,9,80,70,2000,1997.5642350215576,0,0.0,0.0,0.0,0.0,0.0,0,0.0,0.0,0.0,0.0,0.0,Horns Rev III
0,62,14.731845868004315,240.0,0.04565064087325897,80,70,2000,24.749529788842356,270,174,9,80,70,2000,1997.5642350215576,0,0.0,0.0,0.0,0.0,0.0,0,0.0,0.0,0.0,0.0,0.0,Horns Rev III
0,63,14.731845868004315,240.0,0.04565064087325897,80,70,2000,24.749529788842356,270,174,9,80,70,2000,1995.3067218472677,1,0.30388925078021317,4664.3649384335495,4664.3649384335495,55.68885993758295,80.0,3,0.30388925078021317,3687.9647103078773,2715.5768004993315,161.3611380589441,80.0,Horns Rev III
0,64,14.731845868004315,240.0,0.04565064087325897,80,70,2000,24.749529788842356,270,174,9,80,70,2000,1997.521487839215,0,0.0,0.0,0.0,0.0,0.0,5,0.0,3900.133682820038,1439.196940335336,138.38563273891862,80.0,Horns Rev III
0,65,14.731845868004315,240.0,0.04565064087325897,80,70,2000,24.749529788842356,270,174,9,80,70,2000,1997.5642350215576,0,0.0,0.0,0.0,0.0,0.0,0,0.0,0.0,0.0,0.0,0.0,Horns Rev III
0,66,14.731845868004315,240.0,0.04565064087325897,80,70,2000,24.749529788842356,270,174,9,80,70,2000,1997.5642350215576,0,0.0,0.0,0.0,0.0,0.0,0,0.0,0.0,0.0,0.0,0.0,Horns Rev III
0,67,14.731845868004315,240.0,0.04565064087325897,80,70,2000,24.749529788842356,270,174,9,80,70,2000,1997.5642350215576,0,0.0,0.0,0.0,0.0,0.0,0,0.0,0.0,0.0,0.0,0.0,Horns Rev III
0,68,14.731845868004315,240.0,0.04565064087325897,80,70,2000,24.749529788842356,270,174,9,80,70,2000,1996.9757185674262,1,0.0,15058.530252586006,15058.530252586006,93.06674802075577,80.0,4,0.0,15524.77836117737,14180.059921937305,761.1727280904233,80.0,Horns Rev III
0,69,14.731845868004315,240.0,0.04565064087325897,80,70,2000,24.749529788842356,270,174,9,80,70,2000,1997.5623821421373,0,0.0,0.0,0.0,0.0,0.0,4,0.0,5874.25898328475,3905.163649650871,172.81855365841125,80.0,Horns Rev III
0,70,14.731845868004315,240.0,0.04565064087325897,80,70,2000,24.749529788842356,270,174,9,80,70,2000,1997.5642350215576,0,0.0,0.0,0.0,0.0,0.0,0,0.0,0.0,0.0,0.0,0.0,Horns Rev III
0,71,14.731845868004315,240.0,0.04565064087325897,80,70,2000,24.749529788842356,270,174,9,80,70,2000,1997.558527138669,0,0.0,0.0,0.0,0.0,0.0,1,0.0,3239.0167506802545,3239.0167506802545,135.03761362260434,80.0,Horns Rev III
0,72,14.731845868004315,240.0,0.04565064087325897,80,70,2000,24.749529788842356,270,174,9,80,70,2000,1997.5642350215576,0,0.0,0.0,0.0,0.0,0.0,0,0.0,0.0,0.0,0.0,0.0,Horns Rev III
0,73,14.731845868004315,240.0,0.04565064087325897,80,70,2000,24.749529788842356,270,174,9,80,70,2000,1997.1551824992896,1,0.023642065419874216,595.8492588912607,595.8492588912607,78.10863476641006,80.0,1,0.023642065419874216,595.8492588912607,595.8492588912607,78.10863476641006,80.0,Horns Rev III
0,74,14.731845868004315,240.0,0.04565064087325897,80,70,2000,24.749529788842356,270,174,9,80,70,2000,1973.097843110723,3,1.0,8418.421914332112,2221.9355378348832,6.590181602779694,80.0,10,1.0,17171.897713543058,2221.9355378348832,6.590181602779694,80.0,Horns Rev III
0,75,14.731845868004315,240.0,0.04565064087325897,80,70,2000,24.749529788842356,270,174,9,80,70,2000,1997.5642350215576,0,0.0,0.0,0.0,0.0,0.0,0,0.0,0.0,0.0,0.0,0.0,Horns Rev III
0,76,14.731845868004315,240.0,0.04565064087325897,80,70,2000,24.749529788842356,270,174,9,80,70,2000,1991.431687009929,2,0.6251134092010346,2789.0173606926373,1516.5876290010115,51.620099102483664,80.0,2,0.6251134092010346,2789.0173606926373,1516.5876290010115,51.620099102483664,80.0,Horns Rev III
0,77,14.731845868004315,240.0,0.04565064087325897,80,70,2000,24.749529788842356,270,174,9,80,70,2000,1997.5642350161572,0,0.0,0.0,0.0,0.0,0.0,3,0.0,6216.346595850176,5057.66395953672,318.7317701632803,80.0,Horns Rev III
0,78,14.731845868004315,240.0,0.04565064087325897,80,70,2000,24.749529788842356,270,174,9,80,70,2000,1996.2835313604085,2,0.12594973569221962,2567.4724697374277,1873.8499546445626,83.31384630097432,80.0,6,0.12594973569221962,4026.632143010358,1873.8499546445626,83.31384630097432,80.0,Horns Rev III
0,79,14.731845868004315,240.0,0.04565064087325897,80,70,2000,24.749529788842356,270,174,9,80,70,2000,1997.5605196455099,0,0.0,0.0,0.0,0.0,0.0,1,0.0,4170.109189899807,4170.109189899807,144.27259984367447,80.0,Horns Rev III
1,0,11.08251632088731,30.0,0.09560589933091612,80,70,2000,40.372893737462924,180,101,6,154,105,7000,1737.732479715861,0,0.0,0.0,0.0,0.0,0.0,0,0.0,0.0,0.0,0.0,0.0,Horns Rev III
1,1,11.08251632088731,30.0,0.09560589933091612,80,70,2000,40.372893737462924,180,101,6,154,105,7000,1737.7651878970983,0,0.0,0.0,0.0,0.0,0.0,0,0.0,0.0,0.0,0.0,0.0,Horns Rev III
1,2,11.08251632088731,30.0,0.09560589933091612,80,70,2000,40.372893737462924,180,101,6,154,105,7000,1737.7651878970983,0,0.0,0.0,0.0,0.0,0.0,0,0.0,0.0,0.0,0.0,0.0,Horns Rev III
1,3,11.08251632088731,30.0,0.09560589933091612,80,70,2000,40.372893737462924,180,101,6,154,105,7000,1737.7651364815817,0,0.0,0.0,0.0,0.0,0.0,0,0.0,0.0,0.0,0.0,0.0,Horns Rev III
1,4,11.08251632088731,30.0,0.09560589933091612,80,70,2000,40.372893737462924,180,101,6,154,105,7000,1737.7651878970983,0,0.0,0.0,0.0,0.0,0.0,0,0.0,0.0,0.0,0.0,0.0,Horns Rev III
1,5,11.08251632088731,30.0,0.09560589933091612,80,70,2000,40.372893737462924,180,101,6,154,105,7000,1319.3545257801056,1,0.7679651046513811,3927.504921124564,3927.504921124564,18.56279162788951,80.0,1,0.7679651046513811,3927.504921124564,3927.504921124564,18.56279162788951,80.0,Horns Rev III
1,6,11.08251632088731,30.0,0.09560589933091612,80,70,2000,40.372893737462924,180,101,6,154,105,7000,1737.3892139213674,0,0.0,0.0,0.0,0.0,0.0,3,0.0,2774.504410135802,1568.7920667197297,152.02476508672783,80.0,Horns Rev III
1,7,11.08251632088731,30.0,0.09560589933091612,80,70,2000,40.372893737462924,180,101,6,154,105,7000,1737.738372088896,0,0.0,0.0,0.0,0.0,0.0,2,0.0,5266.9180533908375,3398.154538310504,201.04170147016657,80.0,Horns Rev III
1,8,11.08251632088731,30.0,0.09560589933091612,80,70,2000,40.372893737462924,180,101,6,154,105,7000,1318.6150018625262,2,0.9625270830991042,4243.307098581799,2687.760293366672,55.33522567552018,80.0,3,0.9625270830991042,4947.836664826894,2687.760293366672,55.33522567552018,80.0,Horns Rev III
1,9,11.08251632088731,30.0,0.09560589933091612,80,70,2000,40.372893737462924,180,101,6,154,105,7000,1305.770943476867,1,0.6540922750128942,3111.093610430254,3111.093610430254,27.672617998968462,80.0,1,0.6540922750128942,3111.093610430254,3111.093610430254,27.672617998968462,80.0,Horns Rev III
1,10,11.08251632088731,30.0,0.09560589933091612,80,70,2000,40.372893737462924,180,101,6,154,105,7000,1737.7651878970983,0,0.0,0.0,0.0,0.0,0.0,0,0.0,0.0,0.0,0.0,0.0,Horns Rev III
1,11,11.08251632088731,30.0,0.09560589933091612,80,70,2000,40.372893737462924,180,101,6,154,105,7000,888.1103348255366,2,1.0,2648.146727043977,2287.9803350796487,5.2582292051274635,80.0,3,1.0,2374.414258397708,1826.9493211051704,166.28889278611723,80.0,Horns Rev III
1,12,11.08251632088731,30.0,0.09560589933091612,80,70,2000,40.372893737462924,180,101,6,154,105,7000,1200.2417855859653,2,1.0,5056.037217970406,2788.350134460584,33.583467707702766,80.0,4,1.0,5188.731138956262,2788.350134460584,33.583467707702766,80.0,Horns Rev III
1,13,11.08251632088731,30.0,0.09560589933091612,80,70,2000,40.372893737462924,180,101,6,154,105,7000,1613.6752223859855,1,0.09945951245888551,1720.4932010470066,1720.4932010470066,72.04323900328916,80.0,2,0.09945951245888551,3145.8263268456653,1720.4932010470066,72.04323900328916,80.0,Horns Rev III
1,14,11.08251632088731,30.0,0.09560589933091612,80,70,2000,40.372893737462924,180,101,6,154,105,7000,1580.5029255958864,1,0.17305129595146979,4146.064914196155,4146.064914196155,66.15589632388242,80.0,2,0.17305129595146979,3461.4174786461654,2776.770043096176,158.58721710750729,80.0,Horns Rev III
1,15,11.08251632088731,30.0,0.09560589933091612,80,70,2000,40.372893737462924,180,101,6,154,105,7000,1737.7651878970983,0,0.0,0.0,0.0,0.0,0.0,0,0.0,0.0,0.0,0.0,0.0,Horns Rev III
1,16,11.08251632088731,30.0,0.09560589933091612,80,70,2000,40.372893737462924,180,101,6,154,105,7000,1737.7651779061657,0,0.0,0.0,0.0,0.0,0.0,0,0.0,0.0,0.0,0.0,0.0,Horns Rev III
1,17,11.08251632088731,30.0,0.09560589933091612,80,70,2000,40.372893737462924,180,101,6,154,105,7000,1737.7651878970983,0,0.0,0.0,0.0,0.0,0.0,0,0.0,0.0,0.0,0.0,0.0,Horns Rev III
1,18,11.08251632088731,30.0,0.09560589933091612,80,70,2000,40.372893737462924,180,101,6,154,105,7000,769.9036291961485,3,1.0,1946.6792584669922,597.2278551183019,17.3165782410112,80.0,3,1.0,1946.6792584669922,597.2278551183019,17.3165782410112,80.0,Horns Rev III
1,19,11.08251632088731,30.0,0.09560589933091612,80,70,2000,40.372893737462924,180,101,6,154,105,7000,1421.17466002553,1,0.40191275892620126,2211.290630362202,2211.290630362202,47.8469792859039,80.0,3,0.40191275892620126,2733.6497257019378,2211.290630362202,47.8469792859039,80.0,Horns Rev III
1,20,11.08251632088731,30.0,0.09560589933091612,80,70,2000,40.372893737462924,180,101,6,154,105,7000,1737.7651878970983,0,0.0,0.0,0.0,0.0,0.0,0,0.0,0.0,0.0,0.0,0.0,Horns Rev III
1,21,11.08251632088731,30.0,0.09560589933091612,80,70,2000,40.372893737462924,180,101,6,154,105,7000,1737.7651878970983,0,0.0,0.0,0.0,0.0,0.0,0,0.0,0.0,0.0,0.0,0.0,Horns Rev III
1,22,11.08251632088731,30.0,0.09560589933091612,80,70,2000,40.372893737462924,180,101,6,154,105,7000,1737.7611971639667,0,0.0,0.0,0.0,0.0,0.0,0,0.0,0.0,0.0,0.0,0.0,Horns Rev III
1,23,11.08251632088731,30.0,0.09560589933091612,80,70,2000,40.372893737462924,180,101,6,154,105,7000,1641.5320057802319,1,0.0,5871.927278009177,5871.927278009177,81.746790847169,80.0,3,0.0,4462.868145518988,2202.7917740587673,184.1504387970408,80.0,Horns Rev III
1,24,11.08251632088731,30.0,0.09560589933091612,80,70,2000,40.372893737462924,180,101,6,154,105,7000,1443.3791355625237,1,0.4822213514517216,4150.142072674816,4150.142072674816,41.42229188386227,80.0,4,0.4822213514517216,3816.5344287435837,1416.153424247906,146.48673751146612,80.0,Horns Rev III
1,25,11.08251632088731,30.0,0.09560589933091612,80,70,2000,40.372893737462924,180,101,6,154,105,7000,1737.7651878958736,0,0.0,0.0,0.0,0.0,0.0,0,0.0,0.0,0.0,0.0,0.0,Horns Rev III
1,26,11.08251632088731,30.0,0.09560589933091612,80,70,2000,40.372893737462924,180,101,6,154,105,7000,1737.7651878970983,0,0.0,0.0,0.0,0.0,0.0,0,0.0,0.0,0.0,0.0,0.0,Horns Rev III
1,27,11.08251632088731,30.0,0.09560589933091612,80,70,2000,40.372893737462924,180,101,6,154,105,7000,1578.273885228748,1,0.12488907679731938,2099.106831776202,2099.106831776202,70.00887385621445,80.0,2,0.12488907679731938,2820.664260304643,2099.106831776202,70.00887385621445,80.0,Horns Rev III
1,28,11.08251632088731,30.0,0.09560589933091612,80,70,2000,40.372893737462924,180,101,6,154,105,7000,1737.7651878970983,0,0.0,0.0,0.0,0.0,0.0,0,0.0,0.0,0.0,0.0,0.0,Horns Rev III
1,29,11.08251632088731,30.0,0.09560589933091612,80,70,2000,40.372893737462924,180,101,6,154,105,7000,1737.7651878772576,0,0.0,0.0,0.0,0.0,0.0,0,0.0,0.0,0.0,0.0,0.0,Horns Rev III
1,30,11.08251632088731,30.0,0.09560589933091612,80,70,2000,40.372893737462924,180,101,6,154,105,7000,1737.7600648931352,0,0.0,0.0,0.0,0.0,0.0,0,0.0,0.0,0.0,0.0,0.0,Horns Rev III
1,31,11.08251632088731,30.0,0.09560589933091612,80,70,2000,40.372893737462924,180,101,6,154,105,7000,1737.7651878970983,0,0.0,0.0,0.0,0.0,0.0,0,0.0,0.0,0.0,0.0,0.0,Horns Rev III
1,32,11.08251632088731,30.0,0.09560589933091612,80,70,2000,40.372893737462924,180,101,6,154,105,7000,1265.8959438789325,2,0.7620645548805328,2024.1771050230354,832.3849245185313,115.26928704253754,80.0,2,0.7620645548805328,2024.1771050230354,832.3849245185313,115.26928704253754,80.0,Horns Rev III
1,33,11.08251632088731,30.0,0.09560589933091612,80,70,2000,40.372893737462924,180,101,6,154,105,7000,1737.7651878970983,0,0.0,0.0,0.0,0.0,0.0,0,0.0,0.0,0.0,0.0,0.0,Horns Rev III
1,34,11.08251632088731,30.0,0.09560589933091612,80,70,2000,40.372893737462924,180,101,6,154,105,7000,1344.5692233411805,2,0.8307349368114387,3634.681407723277,2733.988648426909,105.06444562760407,80.0,2,0.8307349368114387,3634.681407723277,2733.988648426909,105.06444562760407,80.0,Horns Rev III
1,35,11.08251632088731,30.0,0.09560589933091612,80,70,2000,40.372893737462924,180,101,6,154,105,7000,1299.1456033734573,1,0.5095860258774835,1604.0210946171146,1604.0210946171146,39.233117929801324,80.0,3,0.5095860258774835,3713.5218700624414,1604.0210946171146,39.233117929801324,80.0,Horns Rev III
1,36,11.08251632088731,30.0,0.09560589933091612,80,70,2000,40.372893737462924,180,101,6,154,105,7000,1539.2384758076707,1,0.2397579236972632,2661.771021030306,2661.771021030306,60.81936610421894,80.0,2,0.2397579236972632,4011.9667110867267,2661.771021030306,60.81936610421894,80.0,Horns Rev III
1,37,11.08251632088731,30.0,0.09560589933091612,80,70,2000,40.372893737462924,180,101,6,154,105,7000,1737.765157557971,0,0.0,0.0,0.0,0.0,0.0,0,0.0,0.0,0.0,0.0,0.0,Horns Rev III
1,38,11.08251632088731,30.0,0.09560589933091612,80,70,2000,40.372893737462924,180,101,6,154,105,7000,1516.0172787455954,2,0.1868749148824584,1515.091481533263,582.7900340490125,65.05000680940333,80.0,2,0.1868749148824584,1515.091481533263,582.7900340490125,65.05000680940333,80.0,Horns Rev III
1,39,11.08251632088731,30.0,0.09560589933091612,80,70,2000,40.372893737462924,180,101,6,154,105,7000,1737.7651878970983,0,0.0,0.0,0.0,0.0,0.0,0,0.0,0.0,0.0,0.0,0.0,Horns Rev III
1,40,11.08251632088731,30.0,0.09560589933091612,80,70,2000,40.372893737462924,180,101,6,154,105,7000,1559.5153451575954,2,0.19506191137285214,3347.684435063735,2386.83595020246,89.19438473744322,80.0,3,0.19506191137285214,3186.928977665199,2386.83595020246,89.19438473744322,80.0,Horns Rev III
1,41,11.08251632088731,30.0,0.09560589933091612,80,70,2000,40.372893737462924,180,101,6,154,105,7000,1737.7651878970983,0,0.0,0.0,0.0,0.0,0.0,0,0.0,0.0,0.0,0.0,0.0,Horns Rev III
1,42,11.08251632088731,30.0,0.09560589933091612,80,70,2000,40.372893737462924,180,101,6,154,105,7000,1220.9811165202884,2,0.8952780340976716,2337.669739157942,1405.3682916736911,56.46616996337343,80.0,2,0.8952780340976716,2337.669739157942,1405.3682916736911,56.46616996337343,80.0,Horns Rev III
1,43,11.08251632088731,30.0,0.09560589933091612,80,70,2000,40.372893737462924,180,101,6,154,105,7000,1737.727675907306,0,0.0,0.0,0.0,0.0,0.0,1,0.0,2850.6662515973176,2850.6662515973176,189.8630918474655,80.0,Horns Rev III
1,44,11.08251632088731,30.0,0.09560589933091612,80,70,2000,40.372893737462924,180,101,6,154,105,7000,1255.275113512939,1,0.530854085539896,1307.8847151800048,1307.8847151800048,37.531673156808324,80.0,1,0.530854085539896,1307.8847151800048,1307.8847151800048,37.531673156808324,80.0,Horns Rev III
1,45,11.08251632088731,30.0,0.09560589933091612,80,70,2000,40.372893737462924,180,101,6,154,105,7000,1737.7651878970983,0,0.0,0.0,0.0,0.0,0.0,0,0.0,0.0,0.0,0.0,0.0,Horns Rev III
1,46,11.08251632088731,30.0,0.09560589933091612,80,70,2000,40.372893737462924,180,101,6,154,105,7000,1737.7651878970983,0,0.0,0.0,0.0,0.0,0.0,0,0.0,0.0,0.0,0.0,0.0,Horns Rev III
1,47,11.08251632088731,30.0,0.09560589933091612,80,70,2000,40.372893737462924,180,101,6,154,105,7000,1667.7673291983058,1,0.0,1756.86033556247,1756.86033556247,83.24984701364474,80.0,1,0.0,1756.86033556247,1756.86033556247,83.24984701364474,80.0,Horns Rev III
1,48,11.08251632088731,30.0,0.09560589933091612,80,70,2000,40.372893737462924,180,101,6,154,105,7000,1732.3883052526865,1,0.0,1091.8173340430112,1091.8173340430112,116.73809802476904,80.0,1,0.0,1091.8173340430112,1091.8173340430112,116.73809802476904,80.0,Horns Rev III
1,49,11.08251632088731,30.0,0.09560589933091612,80,70,2000,40.372893737462924,180,101,6,154,105,7000,1737.7651872525837,0,0.0,0.0,0.0,0.0,0.0,0,0.0,0.0,0.0,0.0,0.0,Horns Rev III
1,50,11.08251632088731,30.0,0.09560589933091612,80,70,2000,40.372893737462924,180,101,6,154,105,7000,1594.2606996267086,1,0.13209051267595556,3441.83868102405,3441.83868102405,69.43275898592356,80.0,2,0.13209051267595556,3931.5607471682365,3441.83868102405,69.43275898592356,80.0,Horns Rev III
1,51,11.08251632088731,30.0,0.09560589933091612,80,70,2000,40.372893737462924,180,101,6,154,105,7000,1737.6188060909744,0,0.0,0.0,0.0,0.0,0.0,1,0.0,2167.6313425151748,2167.6313425151748,167.12217415895452,80.0,Horns Rev III
1,52,11.08251632088731,30.0,0.09560589933091612,80,70,2000,40.372893737462924,180,101,6,154,105,7000,1121.1905660832613,1,0.7565610429581155,1783.1165025150126,1783.1165025150126,19.475116563350753,80.0,1,0.7565610429581155,1783.1165025150126,1783.1165025150126,19.475116563350753,80.0,Horns Rev III
1,53,11.08251632088731,30.0,0.09560589933091612,80,70,2000,40.372893737462924,180,101,6,154,105,7000,1734.4819608861878,0,0.0,0.0,0.0,0.0,0.0,1,0.0,2383.5843610090083,2383.5843610090083,134.30412265209475,80.0,Horns Rev III
1,54,11.08251632088731,30.0,0.09560589933091612,80,70,2000,40.372893737462924,180,101,6,154,105,7000,1726.1727700473664,0,0.0,0.0,0.0,0.0,0.0,1,0.0,6219.982074080122,6219.982074080122,140.49480047161933,80.0,Horns Rev III
1,55,11.08251632088731,30.0,0.09560589933091612,80,70,2000,40.372893737462924,180,101,6,154,105,7000,1737.7647070947244,0,0.0,0.0,0.0,0.0,0.0,0,0.0,0.0,0.0,0.0,0.0,Horns Rev III
1,56,11.08251632088731,30.0,0.09560589933091612,80,70,2000,40.372893737462924,180,101,6,154,105,7000,1171.3211056720488,1,0.6930677168179912,1864.6028949685015,1864.6028949685015,24.554582654560704,80.0,1,0.6930677168179912,1864.6028949685015,1864.6028949685015,24.554582654560704,80.0,Horns Rev III
1,57,11.08251632088731,30.0,0.09560589933091612,80,70,2000,40.372893737462924,180,101,6,154,105,7000,918.7684030246706,1,0.8238453609069858,804.5368791441997,804.5368791441997,14.09237112744114,80.0,1,0.8238453609069858,804.5368791441997,804.5368791441997,14.09237112744114,80.0,Horns Rev III
1,58,11.08251632088731,30.0,0.09560589933091612,80,70,2000,40.372893737462924,180,101,6,154,105,7000,1737.7651878970983,0,0.0,0.0,0.0,0.0,0.0,0,0.0,0.0,0.0,0.0,0.0,Horns Rev III
1,59,11.08251632088731,30.0,0.09560589933091612,80,70,2000,40.372893737462924,180,101,6,154,105,7000,1737.5564072126367,0,0.0,0.0,0.0,0.0,0.0,1,0.0,2080.4354919104026,2080.4354919104026,162.46207344598588,80.0,Horns Rev III
1,60,11.08251632088731,30.0,0.09560589933091612,80,70,2000,40.372893737462924,180,101,6,154,105,7000,1538.9959034066205,1,0.2490262615995789,3152.649525379171,3152.649525379171,60.07789907203369,80.0,5,0.2490262615995789,3140.03274341996,1416.318925721923,146.52428206016668,80.0,Horns Rev III
1,61,11.08251632088731,30.0,0.09560589933091612,80,70,2000,40.372893737462924,180,101,6,154,105,7000,1438.778602459457,2,0.38589007803215053,3205.743167797397,2716.9905857345,81.62232192351007,80.0,4,0.38589007803215053,4903.290741947344,2716.9905857345,81.62232192351007,80.0,Horns Rev III
1,62,11.08251632088731,30.0,0.09560589933091612,80,70,2000,40.372893737462924,180,101,6,154,105,7000,1737.354094935135,0,0.0,0.0,0.0,0.0,0.0,1,0.0,1921.69696972255,1921.69696972255,153.58943182761504,80.0,Horns Rev III
1,63,11.08251632088731,30.0,0.09560589933091612,80,70,2000,40.372893737462924,180,101,6,154,105,7000,1737.7651878970983,0,0.0,0.0,0.0,0.0,0.0,0,0.0,0.0,0.0,0.0,0.0,Horns Rev III
1,64,11.08251632088731,30.0,0.09560589933091612,80,70,2000,40.372893737462924,180,101,6,154,105,7000,1737.7651878970983,0,0.0,0.0,0.0,0.0,0.0,0,0.0,0.0,0.0,0.0,0.0,Horns Rev III
1,65,11.08251632088731,30.0,0.09560589933091612,80,70,2000,40.372893737462924,180,101,6,154,105,7000,1657.4757648110462,1,0.0,2424.409037489353,2424.409037489353,82.33989006654451,80.0,2,0.0,3382.382627109425,2424.409037489353,82.33989006654451,80.0,Horns Rev III
1,66,11.08251632088731,30.0,0.09560589933091612,80,70,2000,40.372893737462924,180,101,6,154,105,7000,1289.3191792271457,1,0.7738355949915245,3552.2915717998503,3552.2915717998503,18.093152400678036,80.0,1,0.7738355949915245,3552.2915717998503,3552.2915717998503,18.093152400678036,80.0,Horns Rev III
1,67,11.08251632088731,30.0,0.09560589933091612,80,70,2000,40.372893737462924,180,101,6,154,105,7000,1634.6219649936022,1,0.012546251801745711,4292.91338365318,4292.91338365318,78.99629985586034,80.0,2,0.012546251801745711,4547.153788731155,4292.91338365318,78.99629985586034,80.0,Horns Rev III
1,68,11.08251632088731,30.0,0.09560589933091612,80,70,2000,40.372893737462924,180,101,6,154,105,7000,1737.7651528528718,0,0.0,0.0,0.0,0.0,0.0,0,0.0,0.0,0.0,0.0,0.0,Horns Rev III
1,69,11.08251632088731,30.0,0.09560589933091612,80,70,2000,40.372893737462924,180,101,6,154,105,7000,1737.7651878970983,0,0.0,0.0,0.0,0.0,0.0,0,0.0,0.0,0.0,0.0,0.0,Horns Rev III
1,70,11.08251632088731,30.0,0.09560589933091612,80,70,2000,40.372893737462924,180,101,6,154,105,7000,1737.4618459917137,0,0.0,0.0,0.0,0.0,0.0,3,0.0,5019.402449978379,4339.056176862126,214.61848841448068,80.0,Horns Rev III
1,71,11.08251632088731,30.0,0.09560589933091612,80,70,2000,40.372893737462924,180,101,6,154,105,7000,1737.7651849947097,0,0.0,0.0,0.0,0.0,0.0,0,0.0,0.0,0.0,0.0,0.0,Horns Rev III
1,72,11.08251632088731,30.0,0.09560589933091612,80,70,2000,40.372893737462924,180,101,6,154,105,7000,1736.0787486870802,0,0.0,0.0,0.0,0.0,0.0,1,0.0,3199.200294812801,3199.200294812801,202.44446605642952,80.0,Horns Rev III
1,73,11.08251632088731,30.0,0.09560589933091612,80,70,2000,40.372893737462924,180,101,6,154,105,7000,1608.5840608712112,1,0.10383312030635494,2221.6951306870083,2221.6951306870083,71.6933503754916,80.0,1,0.10383312030635494,2221.6951306870083,2221.6951306870083,71.6933503754916,80.0,Horns Rev III
1,74,11.08251632088731,30.0,0.09560589933091612,80,70,2000,40.372893737462924,180,101,6,154,105,7000,1737.7651878970983,0,0.0,0.0,0.0,0.0,0.0,0,0.0,0.0,0.0,0.0,0.0,Horns Rev III
1,75,11.08251632088731,30.0,0.09560589933091612,80,70,2000,40.372893737462924,180,101,6,154,105,7000,885.0873155801617,1,0.8033688969391009,616.5573820668168,616.5573820668168,15.730488244871935,80.0,1,0.8033688969391009,616.5573820668168,616.5573820668168,15.730488244871935,80.0,Horns Rev III
1,76,11.08251632088731,30.0,0.09560589933091612,80,70,2000,40.372893737462924,180,101,6,154,105,7000,1511.5769879034492,1,0.2646325955746903,1443.114857056882,1443.114857056882,58.829392354024776,80.0,1,0.2646325955746903,1443.114857056882,1443.114857056882,58.829392354024776,80.0,Horns Rev III
1,77,11.08251632088731,30.0,0.09560589933091612,80,70,2000,40.372893737462924,180,101,6,154,105,7000,1737.7651878970983,0,0.0,0.0,0.0,0.0,0.0,0,0.0,0.0,0.0,0.0,0.0,Horns Rev III
1,78,11.08251632088731,30.0,0.09560589933091612,80,70,2000,40.372893737462924,180,101,6,154,105,7000,920.2333320387991,1,0.7912364088603787,720.3327839286562,720.3327839286562,16.7010872911697,80.0,1,0.7912364088603787,720.3327839286562,720.3327839286562,16.7010872911697,80.0,Horns Rev III
1,79,11.08251632088731,30.0,0.09560589933091612,80,70,2000,40.372893737462924,180,101,6,154,105,7000,1730.3697435338902,1,0.0,1801.385518592736,1801.385518592736,118.60565068268897,80.0,1,0.0,1801.385518592736,1801.385518592736,118.60565068268897,80.0,Horns Rev III
2,0,13.103942891918402,90.0,0.04382903536625052,80,70,2000,24.9536389472299,270,60,8,112,84,3450,1810.8290071985462,1,0.8556786306202359,2327.2037792427,2327.2037792427,11.545709550381135,80.0,1,0.8556786306202359,2327.2037792427,2327.2037792427,11.545709550381135,80.0,Horns Rev III
2,1,13.103942891918402,90.0,0.04382903536625052,80,70,2000,24.9536389472299,270,60,8,112,84,3450,1974.6457379745607,1,0.0,2614.5482450957643,2614.5482450957643,111.08448295481455,80.0,1,0.0,2614.5482450957643,2614.5482450957643,111.08448295481455,80.0,Horns Rev III
2,2,13.103942891918402,90.0,0.04382903536625052,80,70,2000,24.9536389472299,270,60,8,112,84,3450,1975.4097434036755,0,0.0,0.0,0.0,0.0,0.0,0,0.0,0.0,0.0,0.0,0.0,Horns Rev III
2,3,13.103942891918402,90.0,0.04382903536625052,80,70,2000,24.9536389472299,270,60,8,112,84,3450,1965.8037515934466,1,0.0075319028110378385,5883.451526315534,5883.451526315534,79.39744777511697,80.0,1,0.0075319028110378385,5883.451526315534,5883.451526315534,79.39744777511697,80.0,Horns Rev III
2,4,13.103942891918402,90.0,0.04382903536625052,80,70,2000,24.9536389472299,270,60,8,112,84,3450,1975.4097434036755,0,0.0,0.0,0.0,0.0,0.0,0,0.0,0.0,0.0,0.0,0.0,Horns Rev III
2,5,13.103942891918402,90.0,0.04382903536625052,80,70,2000,24.9536389472299,270,60,8,112,84,3450,1975.4097434036755,0,0.0,0.0,0.0,0.0,0.0,0,0.0,0.0,0.0,0.0,0.0,Horns Rev III
2,6,13.103942891918402,90.0,0.04382903536625052,80,70,2000,24.9536389472299,270,60,8,112,84,3450,1771.70787671703,2,1.0,4729.441081697703,3231.316394277499,31.925891209393146,80.0,2,1.0,4729.441081697703,3231.316394277499,31.925891209393146,80.0,Horns Rev III
2,7,13.103942891918402,90.0,0.04382903536625052,80,70,2000,24.9536389472299,270,60,8,112,84,3450,1828.3026629890542,1,0.9314863602398038,3286.6011525527574,3286.6011525527574,5.481091180815689,80.0,4,0.9314863602398038,4962.88918503013,1726.781295752502,125.14359966106682,80.0,Horns Rev III
2,8,13.103942891918402,90.0,0.04382903536625052,80,70,2000,24.9536389472299,270,60,8,112,84,3450,1857.2016610344026,4,1.0,10059.27341839153,7727.354921992985,54.60878904070847,80.0,9,1.0,9456.815115097133,5119.2701835122425,177.75971612147893,80.0,Horns Rev III
2,9,13.103942891918402,90.0,0.04382903536625052,80,70,2000,24.9536389472299,270,60,8,112,84,3450,1973.5147161293385,1,0.0,956.9393481115112,956.9393481115112,93.57735099922883,80.0,4,0.0,3364.336446503614,956.9393481115112,93.57735099922883,80.0,Horns Rev III
2,10,13.103942891918402,90.0,0.04382903536625052,80,70,2000,24.9536389472299,270,60,8,112,84,3450,1974.914188430467,1,0.0,2966.3904924674425,2966.3904924674425,117.50172882806564,80.0,1,0.0,2966.3904924674425,2966.3904924674425,117.50172882806564,80.0,Horns Rev III
2,11,13.103942891918402,90.0,0.04382903536625052,80,70,2000,24.9536389472299,270,60,8,112,84,3450,1975.4097434036755,0,0.0,0.0,0.0,0.0,0.0,0,0.0,0.0,0.0,0.0,0.0,Horns Rev III
2,12,13.103942891918402,90.0,0.04382903536625052,80,70,2000,24.9536389472299,270,60,8,112,84,3450,1831.9373161476478,1,0.9744520819280215,3522.1197975107934,3522.1197975107934,2.0438334457582745,80.0,4,0.9744520819280215,3907.81557423505,2464.354585896479,185.10522805433675,80.0,Horns Rev III
2,13,13.103942891918402,90.0,0.04382903536625052,80,70,2000,24.9536389472299,270,60,8,112,84,3450,1975.4097434036755,0,0.0,0.0,0.0,0.0,0.0,0,0.0,0.0,0.0,0.0,0.0,Horns Rev III
2,14,13.103942891918402,90.0,0.04382903536625052,80,70,2000,24.9536389472299,270,60,8,112,84,3450,1914.1649323653508,1,0.4535652275313658,1521.6286494844826,1521.6286494844826,43.71478179749074,80.0,4,0.4535652275313658,3082.2676270870725,1521.6286494844826,43.71478179749074,80.0,Horns Rev III
2,15,13.103942891918402,90.0,0.04382903536625052,80,70,2000,24.9536389472299,270,60,8,112,84,3450,1969.441392338666,4,0.0,2163.1927424082533,774.2888109048363,109.23577492125347,80.0,5,0.0,2563.3183721241076,774.2888109048363,109.23577492125347,80.0,Horns Rev III
2,16,13.103942891918402,90.0,0.04382903536625052,80,70,2000,24.9536389472299,270,60,8,112,84,3450,1975.4097434036755,0,0.0,0.0,0.0,0.0,0.0,0,0.0,0.0,0.0,0.0,0.0,Horns Rev III
2,17,13.103942891918402,90.0,0.04382903536625052,80,70,2000,24.9536389472299,270,60,8,112,84,3450,1975.4097434025098,0,0.0,0.0,0.0,0.0,0.0,0,0.0,0.0,0.0,0.0,0.0,Horns Rev III
2,18,13.103942891918402,90.0,0.04382903536625052,80,70,2000,24.9536389472299,270,60,8,112,84,3450,1973.7897079828715,1,0.0,2024.2197082014754,2024.2197082014754,99.72774009313397,80.0,1,0.0,2024.2197082014754,2024.2197082014754,99.72774009313397,80.0,Horns Rev III
2,19,13.103942891918402,90.0,0.04382903536625052,80,70,2000,24.9536389472299,270,60,8,112,84,3450,1975.4097434036755,0,0.0,0.0,0.0,0.0,0.0,0,0.0,0.0,0.0,0.0,0.0,Horns Rev III
2,20,13.103942891918402,90.0,0.04382903536625052,80,70,2000,24.9536389472299,270,60,8,112,84,3450,1975.335128895316,0,0.0,0.0,0.0,0.0,0.0,2,0.0,4198.66299384454,4168.814206969342,143.0165708288558,80.0,Horns Rev III
2,21,13.103942891918402,90.0,0.04382903536625052,80,70,2000,24.9536389472299,270,60,8,112,84,3450,1973.6723030477194,1,0.0,3777.6946893826826,3777.6946893826826,104.37402638420532,80.0,1,0.0,3777.6946893826826,3777.6946893826826,104.37402638420532,80.0,Horns Rev III
2,22,13.103942891918402,90.0,0.04382903536625052,80,70,2000,24.9536389472299,270,60,8,112,84,3450,1795.5842067688518,1,0.8634200671222105,1940.3402532166801,1940.3402532166801,10.926394630223156,80.0,2,0.8634200671222105,2664.9361666496843,1940.3402532166801,10.926394630223156,80.0,Horns Rev III
2,23,13.103942891918402,90.0,0.04382903536625052,80,70,2000,24.9536389472299,270,60,8,112,84,3450,1974.8009917267457,0,0.0,0.0,0.0,0.0,0.0,11,0.0,7453.758885920979,1860.456104745157,166.0325810220089,80.0,Horns Rev III
2,24,13.103942891918402,90.0,0.04382903536625052,80,70,2000,24.9536389472299,270,60,8,112,84,3450,1975.2045845049242,1,0.0,1559.8198568002554,1559.8198568002554,119.66250848025112,80.0,2,0.0,4234.065226923733,1559.8198568002554,119.66250848025112,80.0,Horns Rev III
2,25,13.103942891918402,90.0,0.04382903536625052,80,70,2000,24.9536389472299,270,60,8,112,84,3450,1974.5637334535234,1,0.0,4268.174021695857,4268.174021695857,115.8957506129526,80.0,2,0.0,3451.127110733767,2634.080199771677,188.5658298302437,80.0,Horns Rev III
2,26,13.103942891918402,90.0,0.04382903536625052,80,70,2000,24.9536389472299,270,60,8,112,84,3450,1936.6550836074089,1,0.37261704376432264,3404.555860135006,3404.555860135006,50.19063649885419,80.0,3,0.37261704376432264,5724.996335803725,3404.555860135006,50.19063649885419,80.0,Horns Rev III
2,27,13.103942891918402,90.0,0.04382903536625052,80,70,2000,24.9536389472299,270,60,8,112,84,3450,1891.026473336534,2,0.7190242883749434,4644.463821744022,3716.633950355579,80.4436070313684,80.0,5,0.7190242883749434,4660.819402540755,2195.0053008710966,124.15838882885913,80.0,Horns Rev III
2,28,13.103942891918402,90.0,0.04382903536625052,80,70,2000,24.9536389472299,270,60,8,112,84,3450,1975.4096060261247,0,0.0,0.0,0.0,0.0,0.0,2,0.0,6383.734962381364,6064.568223751849,212.66322194319108,80.0,Horns Rev III
2,29,13.103942891918402,90.0,0.04382903536625052,80,70,2000,24.9536389472299,270,60,8,112,84,3450,1975.4097434036698,0,0.0,0.0,0.0,0.0,0.0,0,0.0,0.0,0.0,0.0,0.0,Horns Rev III
2,30,13.103942891918402,90.0,0.04382903536625052,80,70,2000,24.9536389472299,270,60,8,112,84,3450,1975.4097434036755,0,0.0,0.0,0.0,0.0,0.0,0,0.0,0.0,0.0,0.0,0.0,Horns Rev III
2,31,13.103942891918402,90.0,0.04382903536625052,80,70,2000,24.9536389472299,270,60,8,112,84,3450,1435.7213614467605,2,1.0,2267.761256551894,1662.5256735787261,3.6932081095877365,80.0,4,1.0,2812.0451748791675,1225.113101792056,129.4321324015034,80.0,Horns Rev III
2,32,13.103942891918402,90.0,0.04382903536625052,80,70,2000,24.9536389472299,270,60,8,112,84,3450,1971.9153301951505,1,0.0,2540.3797204348957,2540.3797204348957,90.7179900510232,80.0,1,0.0,2540.3797204348957,2540.3797204348957,90.7179900510232,80.0,Horns Rev III
2,33,13.103942891918402,90.0,0.04382903536625052,80,70,2000,24.9536389472299,270,60,8,112,84,3450,1975.4097434036755,0,0.0,0.0,0.0,0.0,0.0,0,0.0,0.0,0.0,0.0,0.0,Horns Rev III
2,34,13.103942891918402,90.0,0.04382903536625052,80,70,2000,24.9536389472299,270,60,8,112,84,3450,1970.588156577771,2,0.0,6469.034591370204,6166.163553272141,116.07964887749517,80.0,4,0.0,5618.6605009096675,4213.859018296003,134.33737015165465,80.0,Horns Rev III
2,35,13.103942891918402,90.0,0.04382903536625052,80,70,2000,24.9536389472299,270,60,8,112,84,3450,1833.9312706449136,2,0.754534532956311,2431.762471096881,1928.9082835050067,23.216638710349443,80.0,5,0.754534532956311,5807.575588927022,1928.9082835050067,23.216638710349443,80.0,Horns Rev III
2,36,13.103942891918402,90.0,0.04382903536625052,80,70,2000,24.9536389472299,270,60,8,112,84,3450,1891.9702606303642,1,0.9323505897889681,7095.767551795929,7095.767551795929,5.411952816882543,80.0,6,0.9323505897889681,7454.077623173653,4572.953365783673,174.2403727434567,80.0,Horns Rev III
2,37,13.103942891918402,90.0,0.04382903536625052,80,70,2000,24.9536389472299,270,60,8,112,84,3450,1855.5780951913653,1,0.6406640807981564,1698.1193625170272,1698.1193625170272,28.74687353614749,80.0,5,0.6406640807981564,4389.588519719919,1698.1193625170272,28.74687353614749,80.0,Horns Rev III
2,38,13.103942891918402,90.0,0.04382903536625052,80,70,2000,24.9536389472299,270,60,8,112,84,3450,1975.4096960171164,0,0.0,0.0,0.0,0.0,0.0,2,0.0,4132.485993354872,2916.4812464627903,194.280175578781,80.0,Horns Rev III
2,39,13.103942891918402,90.0,0.04382903536625052,80,70,2000,24.9536389472299,270,60,8,112,84,3450,1975.4096970563753,0,0.0,0.0,0.0,0.0,0.0,1,0.0,3384.5713317581685,3384.5713317581685,198.5824636993936,80.0,Horns Rev III
2,40,13.103942891918402,90.0,0.04382903536625052,80,70,2000,24.9536389472299,270,60,8,112,84,3450,1820.7418714205417,3,1.0,2204.530138800425,583.355158069171,66.53545154631126,80.0,7,1.0,5651.542437311977,583.355158069171,66.53545154631126,80.0,Horns Rev III
2,41,13.103942891918402,90.0,0.04382903536625052,80,70,2000,24.9536389472299,270,60,8,112,84,3450,1848.3580629891649,2,0.9857194513315433,2955.1578602808877,1647.8837377330055,109.94203906133801,80.0,2,0.9857194513315433,2955.1578602808877,1647.8837377330055,109.94203906133801,80.0,Horns Rev III
2,42,13.103942891918402,90.0,0.04382903536625052,80,70,2000,24.9536389472299,270,60,8,112,84,3450,1916.303136468169,1,0.4723618565127194,2603.235934875207,2603.235934875207,42.21105147898245,80.0,1,0.4723618565127194,2603.235934875207,2603.235934875207,42.21105147898245,80.0,Horns Rev III
2,43,13.103942891918402,90.0,0.04382903536625052,80,70,2000,24.9536389472299,270,60,8,112,84,3450,1975.4097434036755,0,0.0,0.0,0.0,0.0,0.0,0,0.0,0.0,0.0,0.0,0.0,Horns Rev III
2,44,13.103942891918402,90.0,0.04382903536625052,80,70,2000,24.9536389472299,270,60,8,112,84,3450,1872.2168135614222,2,0.7681260614306769,5994.834207242704,4511.638961008983,18.549915085545845,80.0,2,0.7681260614306769,5994.834207242704,4511.638961008983,18.549915085545845,80.0,Horns Rev III
2,45,13.103942891918402,90.0,0.04382903536625052,80,70,2000,24.9536389472299,270,60,8,112,84,3450,1975.4097434036755,0,0.0,0.0,0.0,0.0,0.0,0,0.0,0.0,0.0,0.0,0.0,Horns Rev III
2,46,13.103942891918402,90.0,0.04382903536625052,80,70,2000,24.9536389472299,270,60,8,112,84,3450,1975.4038032268952,0,0.0,0.0,0.0,0.0,0.0,1,0.0,1530.050888328813,1530.050888328813,148.88754487968953,80.0,Horns Rev III
2,47,13.103942891918402,90.0,0.04382903536625052,80,70,2000,24.9536389472299,270,60,8,112,84,3450,1975.409675976433,0,0.0,0.0,0.0,0.0,0.0,2,0.0,5106.511122860189,3840.217948620091,229.4096726793803,80.0,Horns Rev III
2,48,13.103942891918402,90.0,0.04382903536625052,80,70,2000,24.9536389472299,270,60,8,112,84,3450,1975.4097434036755,0,0.0,0.0,0.0,0.0,0.0,0,0.0,0.0,0.0,0.0,0.0,Horns Rev III
2,49,13.103942891918402,90.0,0.04382903536625052,80,70,2000,24.9536389472299,270,60,8,112,84,3450,1815.9044066562724,1,0.7102087318780861,1210.4711659463355,1210.4711659463355,23.18330144975312,80.0,2,0.7102087318780861,2517.7452884942177,1210.4711659463355,23.18330144975312,80.0,Horns Rev III
2,50,13.103942891918402,90.0,0.04382903536625052,80,70,2000,24.9536389472299,270,60,8,112,84,3450,1975.4097434036755,0,0.0,0.0,0.0,0.0,0.0,0,0.0,0.0,0.0,0.0,0.0,Horns Rev III
2,51,13.103942891918402,90.0,0.04382903536625052,80,70,2000,24.9536389472299,270,60,8,112,84,3450,1975.4097434028943,0,0.0,0.0,0.0,0.0,0.0,0,0.0,0.0,0.0,0.0,0.0,Horns Rev III
2,52,13.103942891918402,90.0,0.04382903536625052,80,70,2000,24.9536389472299,270,60,8,112,84,3450,1914.7744995484616,3,0.710782530729212,4324.328664584667,1419.6472913617035,119.64172404631998,80.0,6,0.710782530729212,5585.716522324869,1419.6472913617035,119.64172404631998,80.0,Horns Rev III
2,53,13.103942891918402,90.0,0.04382903536625052,80,70,2000,24.9536389472299,270,60,8,112,84,3450,1966.0114346184894,1,0.08396637436235128,878.3281934320694,878.3281934320694,73.2826900510119,80.0,3,0.08396637436235128,3437.7609247122505,878.3281934320694,73.2826900510119,80.0,Horns Rev III
2,54,13.103942891918402,90.0,0.04382903536625052,80,70,2000,24.9536389472299,270,60,8,112,84,3450,1972.5750796692187,2,0.0,2157.8634710797924,1488.0259781967616,106.55483935866532,80.0,7,0.0,4786.611635551804,1488.0259781967616,106.55483935866532,80.0,Horns Rev III
2,55,13.103942891918402,90.0,0.04382903536625052,80,70,2000,24.9536389472299,270,60,8,112,84,3450,1975.4097269627982,0,0.0,0.0,0.0,0.0,0.0,1,0.0,4715.122319458867,4715.122319458867,224.94852176122282,80.0,Horns Rev III
2,56,13.103942891918402,90.0,0.04382903536625052,80,70,2000,24.9536389472299,270,60,8,112,84,3450,1897.3271781371755,2,0.4533373786020082,896.5718955370248,457.40779882099014,43.733009711839344,80.0,4,0.4533373786020082,3035.728492355178,457.40779882099014,43.733009711839344,80.0,Horns Rev III
2,57,13.103942891918402,90.0,0.04382903536625052,80,70,2000,24.9536389472299,270,60,8,112,84,3450,1975.4097396505679,0,0.0,0.0,0.0,0.0,0.0,2,0.0,4956.691070011584,3850.5191774751293,219.1997202411287,80.0,Horns Rev III
2,58,13.103942891918402,90.0,0.04382903536625052,80,70,2000,24.9536389472299,270,60,8,112,84,3450,1975.4097429978915,0,0.0,0.0,0.0,0.0,0.0,0,0.0,0.0,0.0,0.0,0.0,Horns Rev III
2,59,13.103942891918402,90.0,0.04382903536625052,80,70,2000,24.9536389472299,270,60,8,112,84,3450,1975.0908919696644,0,0.0,0.0,0.0,0.0,0.0,1,0.0,2855.8255506679416,2855.8255506679416,121.84732547495462,80.0,Horns Rev III
2,60,13.103942891918402,90.0,0.04382903536625052,80,70,2000,24.9536389472299,270,60,8,112,84,3450,1579.6778300611666,2,1.0,1568.3788851765567,1339.6749857660616,7.428655135445543,80.0,6,1.0,3848.3499335808833,1339.6749857660616,7.428655135445543,80.0,Horns Rev III
2,61,13.103942891918402,90.0,0.04382903536625052,80,70,2000,24.9536389472299,270,60,8,112,84,3450,1975.3227322877392,0,0.0,0.0,0.0,0.0,0.0,4,0.0,3920.144450518448,2187.927161242813,137.05177015811245,80.0,Horns Rev III
2,62,13.103942891918402,90.0,0.04382903536625052,80,70,2000,24.9536389472299,270,60,8,112,84,3450,1819.140460534078,1,0.9477133151376689,2996.2493748404086,2996.2493748404086,4.18293478898649,80.0,1,0.9477133151376689,2996.2493748404086,2996.2493748404086,4.18293478898649,80.0,Horns Rev III
2,63,13.103942891918402,90.0,0.04382903536625052,80,70,2000,24.9536389472299,270,60,8,112,84,3450,1740.8562796729248,1,0.7936777626397102,605.7420761961257,605.7420761961257,16.505778988823185,80.0,1,0.7936777626397102,605.7420761961257,605.7420761961257,16.505778988823185,80.0,Horns Rev III
2,64,13.103942891918402,90.0,0.04382903536625052,80,70,2000,24.9536389472299,270,60,8,112,84,3450,1975.4097434036755,0,0.0,0.0,0.0,0.0,0.0,0,0.0,0.0,0.0,0.0,0.0,Horns Rev III
2,65,13.103942891918402,90.0,0.04382903536625052,80,70,2000,24.9536389472299,270,60,8,112,84,3450,1975.4097434036755,0,0.0,0.0,0.0,0.0,0.0,0,0.0,0.0,0.0,0.0,0.0,Horns Rev III
2,66,13.103942891918402,90.0,0.04382903536625052,80,70,2000,24.9536389472299,270,60,8,112,84,3450,1973.5624787345268,1,0.0,624.0980972790858,624.0980972790858,92.01808376424026,80.0,1,0.0,624.0980972790858,624.0980972790858,92.01808376424026,80.0,Horns Rev III
2,67,13.103942891918402,90.0,0.04382903536625052,80,70,2000,24.9536389472299,270,60,8,112,84,3450,1975.3794280902275,0,0.0,0.0,0.0,0.0,0.0,4,0.0,6784.024391353247,4304.940754867857,153.19708953145812,80.0,Horns Rev III
2,68,13.103942891918402,90.0,0.04382903536625052,80,70,2000,24.9536389472299,270,60,8,112,84,3450,1932.4645376847975,1,0.411980768339718,4136.0936284672935,4136.0936284672935,47.041538532822564,80.0,1,0.411980768339718,4136.0936284672935,4136.0936284672935,47.041538532822564,80.0,Horns Rev III
2,69,13.103942891918402,90.0,0.04382903536625052,80,70,2000,24.9536389472299,270,60,8,112,84,3450,1975.4097434036755,0,0.0,0.0,0.0,0.0,0.0,0,0.0,0.0,0.0,0.0,0.0,Horns Rev III
2,70,13.103942891918402,90.0,0.04382903536625052,80,70,2000,24.9536389472299,270,60,8,112,84,3450,1975.4097434036746,0,0.0,0.0,0.0,0.0,0.0,0,0.0,0.0,0.0,0.0,0.0,Horns Rev III
2,71,13.103942891918402,90.0,0.04382903536625052,80,70,2000,24.9536389472299,270,60,8,112,84,3450,1974.22426244804,1,0.0,1855.6597427768866,1855.6597427768866,102.92166396137293,80.0,1,0.0,1855.6597427768866,1855.6597427768866,102.92166396137293,80.0,Horns Rev III
2,72,13.103942891918402,90.0,0.04382903536625052,80,70,2000,24.9536389472299,270,60,8,112,84,3450,1974.0457797595996,2,0.0,2930.9679639213136,1005.708375183749,99.63723736349512,80.0,2,0.0,2930.9679639213136,1005.708375183749,99.63723736349512,80.0,Horns Rev III
2,73,13.103942891918402,90.0,0.04382903536625052,80,70,2000,24.9536389472299,270,60,8,112,84,3450,1960.9089915258758,1,0.12444124037864537,4430.3730029474245,4430.3730029474245,70.04470076970837,80.0,2,0.12444124037864537,3665.347558783018,2900.3221146186115,218.9322456493979,80.0,Horns Rev III
2,74,13.103942891918402,90.0,0.04382903536625052,80,70,2000,24.9536389472299,270,60,8,112,84,3450,1975.4097434036437,0,0.0,0.0,0.0,0.0,0.0,0,0.0,0.0,0.0,0.0,0.0,Horns Rev III
2,75,13.103942891918402,90.0,0.04382903536625052,80,70,2000,24.9536389472299,270,60,8,112,84,3450,1975.4097434036755,0,0.0,0.0,0.0,0.0,0.0,0,0.0,0.0,0.0,0.0,0.0,Horns Rev III
2,76,13.103942891918402,90.0,0.04382903536625052,80,70,2000,24.9536389472299,270,60,8,112,84,3450,1975.4097434036755,0,0.0,0.0,0.0,0.0,0.0,0,0.0,0.0,0.0,0.0,0.0,Horns Rev III
2,77,13.103942891918402,90.0,0.04382903536625052,80,70,2000,24.9536389472299,270,60,8,112,84,3450,1975.4097434036755,0,0.0,0.0,0.0,0.0,0.0,0,0.0,0.0,0.0,0.0,0.0,Horns Rev III
2,78,13.103942891918402,90.0,0.04382903536625052,80,70,2000,24.9536389472299,270,60,8,112,84,3450,1557.8903402418302,2,1.0,2255.1755730742007,1952.3045349761378,18.25772127415949,80.0,2,1.0,2255.1755730742007,1952.3045349761378,18.25772127415949,80.0,Horns Rev III
2,79,13.103942891918402,90.0,0.04382903536625052,80,70,2000,24.9536389472299,270,60,8,112,84,3450,1975.4097434036755,0,0.0,0.0,0.0,0.0,0.0,0,0.0,0.0,0.0,0.0,0.0,Horns Rev III
3,0,6.141025786371643,120.0,0.08670300982442572,80,70,2000,39.11394830384182,240,194,11,154,100,6000,315.097101536852,0,0.0,0.0,0.0,0.0,0.0,0,0.0,0.0,0.0,0.0,0.0,Horns Rev III
3,1,6.141025786371643,120.0,0.08670300982442572,80,70,2000,39.11394830384182,240,194,11,154,100,6000,315.0968080063003,0,0.0,0.0,0.0,0.0,0.0,2,0.0,8628.03442211,7318.33388774794,332.02030629106866,80.0,Horns Rev III
3,2,6.141025786371643,120.0,0.08670300982442572,80,70,2000,39.11394830384182,240,194,11,154,100,6000,315.097101536852,0,0.0,0.0,0.0,0.0,0.0,0,0.0,0.0,0.0,0.0,0.0,Horns Rev III
3,3,6.141025786371643,120.0,0.08670300982442572,80,70,2000,39.11394830384182,240,194,11,154,100,6000,309.75125342654496,0,0.0,0.0,0.0,0.0,0.0,1,0.0,3087.1212313998108,3087.1212313998108,122.15072710663708,80.0,Horns Rev III
3,4,6.141025786371643,120.0,0.08670300982442572,80,70,2000,39.11394830384182,240,194,11,154,100,6000,315.097101536852,0,0.0,0.0,0.0,0.0,0.0,0,0.0,0.0,0.0,0.0,0.0,Horns Rev III
3,5,6.141025786371643,120.0,0.08670300982442572,80,70,2000,39.11394830384182,240,194,11,154,100,6000,315.097101536852,0,0.0,0.0,0.0,0.0,0.0,0,0.0,0.0,0.0,0.0,0.0,Horns Rev III
3,6,6.141025786371643,120.0,0.08670300982442572,80,70,2000,39.11394830384182,240,194,11,154,100,6000,176.66428956883323,3,0.9074810790633904,7112.178226163412,2500.011441466896,22.78211085400949,80.0,8,0.9074810790633904,8027.535526090015,2500.011441466896,22.78211085400949,80.0,Horns Rev III
3,7,6.141025786371643,120.0,0.08670300982442572,80,70,2000,39.11394830384182,240,194,11,154,100,6000,228.84398788429914,1,0.5068079298922328,4788.237086031318,4788.237086031318,39.45536560862138,80.0,3,0.5068079298922328,4234.939048764212,2117.1641466983638,121.48153764316999,80.0,Horns Rev III
3,8,6.141025786371643,120.0,0.08670300982442572,80,70,2000,39.11394830384182,240,194,11,154,100,6000,271.18395477133635,1,0.06536734032812035,4310.954701989384,4310.954701989384,74.77061277375037,80.0,7,0.06536734032812035,6261.470924324938,3816.8572176470243,175.85372995905323,80.0,Horns Rev III
3,9,6.141025786371643,120.0,0.08670300982442572,80,70,2000,39.11394830384182,240,194,11,154,100,6000,188.05201810358565,3,1.0,6952.242678750903,4289.2029440215665,25.81922832016153,80.0,7,1.0,6765.127631879856,3843.1443138950144,205.08402232688127,80.0,Horns Rev III
3,10,6.141025786371643,120.0,0.08670300982442572,80,70,2000,39.11394830384182,240,194,11,154,100,6000,308.05145024988354,0,0.0,0.0,0.0,0.0,0.0,4,0.0,7767.824162184868,5936.289766861136,157.35756639956116,80.0,Horns Rev III
3,11,6.141025786371643,120.0,0.08670300982442572,80,70,2000,39.11394830384182,240,194,11,154,100,6000,315.09339213637406,0,0.0,0.0,0.0,0.0,0.0,0,0.0,0.0,0.0,0.0,0.0,Horns Rev III
3,12,6.141025786371643,120.0,0.08670300982442572,80,70,2000,39.11394830384182,240,194,11,154,100,6000,298.60453437710896,1,0.0,4144.199258676868,4144.199258676868,103.37375890724115,80.0,1,0.0,4144.199258676868,4144.199258676868,103.37375890724115,80.0,Horns Rev III
3,13,6.141025786371643,120.0,0.08670300982442572,80,70,2000,39.11394830384182,240,194,11,154,100,6000,315.097101536852,0,0.0,0.0,0.0,0.0,0.0,0,0.0,0.0,0.0,0.0,0.0,Horns Rev III
3,14,6.141025786371643,120.0,0.08670300982442572,80,70,2000,39.11394830384182,240,194,11,154,100,6000,131.16137400927823,2,1.0,3134.4790833995803,1281.8193035535824,5.864442844437576,80.0,3,1.0,3261.1497460900177,1281.8193035535824,5.864442844437576,80.0,Horns Rev III
3,15,6.141025786371643,120.0,0.08670300982442572,80,70,2000,39.11394830384182,240,194,11,154,100,6000,315.09710153685114,0,0.0,0.0,0.0,0.0,0.0,0,0.0,0.0,0.0,0.0,0.0,Horns Rev III
3,16,6.141025786371643,120.0,0.08670300982442572,80,70,2000,39.11394830384182,240,194,11,154,100,6000,249.8377656628981,2,0.1760638194694536,5253.231803915625,3943.531269553565,67.16911948034158,80.0,2,0.1760638194694536,5253.231803915625,3943.531269553565,67.16911948034158,80.0,Horns Rev III
3,17,6.141025786371643,120.0,0.08670300982442572,80,70,2000,39.11394830384182,240,194,11,154,100,6000,315.0476624260706,0,0.0,0.0,0.0,0.0,0.0,1,0.0,2409.951282863257,2409.951282863257,177.9597410006695,80.0,Horns Rev III
3,18,6.141025786371643,120.0,0.08670300982442572,80,70,2000,39.11394830384182,240,194,11,154,100,6000,315.0958691564741,0,0.0,0.0,0.0,0.0,0.0,1,0.0,2784.979871670752,2784.979871670752,218.55689187304915,80.0,Horns Rev III
3,19,6.141025786371643,120.0,0.08670300982442572,80,70,2000,39.11394830384182,240,194,11,154,100,6000,315.097101536852,0,0.0,0.0,0.0,0.0,0.0,0,0.0,0.0,0.0,0.0,0.0,Horns Rev III
3,20,6.141025786371643,120.0,0.08670300982442572,80,70,2000,39.11394830384182,240,194,11,154,100,6000,237.2228005470516,1,0.5270611135544356,6121.0812413568665,6121.0812413568665,37.835110915645146,80.0,6,0.5270611135544356,5897.886961919804,2967.621853049911,192.34528854468954,80.0,Horns Rev III
3,21,6.141025786371643,120.0,0.08670300982442572,80,70,2000,39.11394830384182,240,194,11,154,100,6000,314.5165548630693,0,0.0,0.0,0.0,0.0,0.0,1,0.0,1472.6477917746852,1472.6477917746852,140.66959418916974,80.0,Horns Rev III
3,22,6.141025786371643,120.0,0.08670300982442572,80,70,2000,39.11394830384182,240,194,11,154,100,6000,314.59302098759537,0,0.0,0.0,0.0,0.0,0.0,0,0.0,0.0,0.0,0.0,0.0,Horns Rev III
3,23,6.141025786371643,120.0,0.08670300982442572,80,70,2000,39.11394830384182,240,194,11,154,100,6000,248.4058953856301,2,0.5945874779559006,8112.501073462186,7606.911659696367,119.85524056412078,80.0,4,0.5945874779559006,5994.878860238208,2818.674573665049,159.31060617274238,80.0,Horns Rev III
3,24,6.141025786371643,120.0,0.08670300982442572,80,70,2000,39.11394830384182,240,194,11,154,100,6000,166.69095980609276,1,0.746419842450878,1861.5708560726935,1861.5708560726935,20.28641260392976,80.0,2,0.746419842450878,3254.0607919080694,1861.5708560726935,20.28641260392976,80.0,Horns Rev III
3,25,6.141025786371643,120.0,0.08670300982442572,80,70,2000,39.11394830384182,240,194,11,154,100,6000,314.8069593422117,0,0.0,0.0,0.0,0.0,0.0,1,0.0,2671.0729393329534,2671.0729393329534,160.93690325179136,80.0,Horns Rev III
3,26,6.141025786371643,120.0,0.08670300982442572,80,70,2000,39.11394830384182,240,194,11,154,100,6000,222.06818887520916,4,1.0,7652.244864590124,1271.4180003543113,104.84127710741524,80.0,10,1.0,7614.570958536411,1271.4180003543113,104.84127710741524,80.0,Horns Rev III
3,27,6.141025786371643,120.0,0.08670300982442572,80,70,2000,39.11394830384182,240,194,11,154,100,6000,272.8285164352263,2,0.0,6918.250177044774,6481.319273381987,90.89288473289344,80.0,4,0.0,6736.956499788782,4262.211465959408,231.19905187023187,80.0,Horns Rev III
3,28,6.141025786371643,120.0,0.08670300982442572,80,70,2000,39.11394830384182,240,194,11,154,100,6000,248.8932807481766,1,0.9781853069309477,9896.493049863057,9896.493049863057,1.7451754455241826,80.0,8,0.9781853069309477,8313.524260751896,3318.893757551167,179.51945049261371,80.0,Horns Rev III
3,29,6.141025786371643,120.0,0.08670300982442572,80,70,2000,39.11394830384182,240,194,11,154,100,6000,290.701550489621,1,0.0,3862.271524357554,3862.271524357554,92.57241097166911,80.0,1,0.0,3862.271524357554,3862.271524357554,92.57241097166911,80.0,Horns Rev III
3,30,6.141025786371643,120.0,0.08670300982442572,80,70,2000,39.11394830384182,240,194,11,154,100,6000,226.99879395296358,2,0.4647468813404032,3141.5498510135885,1776.2821983038357,85.16892646570989,80.0,4,0.4647468813404032,4419.178044433675,1776.2821983038357,85.16892646570989,80.0,Horns Rev III
3,31,6.141025786371643,120.0,0.08670300982442572,80,70,2000,39.11394830384182,240,194,11,154,100,6000,263.80718711282657,1,0.7754620012324495,12532.816255847854,12532.816255847854,17.963039901404045,80.0,7,0.7754620012324495,10277.877547424187,6769.775724859275,142.2222626231519,80.0,Horns Rev III
3,32,6.141025786371643,120.0,0.08670300982442572,80,70,2000,39.11394830384182,240,194,11,154,100,6000,313.7507247435372,0,0.0,0.0,0.0,0.0,0.0,1,0.0,3354.1571420090813,3354.1571420090813,146.3119127531063,80.0,Horns Rev III
3,33,6.141025786371643,120.0,0.08670300982442572,80,70,2000,39.11394830384182,240,194,11,154,100,6000,315.097101536852,0,0.0,0.0,0.0,0.0,0.0,0,0.0,0.0,0.0,0.0,0.0,Horns Rev III
3,34,6.141025786371643,120.0,0.08670300982442572,80,70,2000,39.11394830384182,240,194,11,154,100,6000,165.16970887940354,2,1.0,3994.5596020940047,1910.1048847826332,33.745767992857054,80.0,2,1.0,3994.5596020940047,1910.1048847826332,33.745767992857054,80.0,Horns Rev III
3,35,6.141025786371643,120.0,0.08670300982442572,80,70,2000,39.11394830384182,240,194,11,154,100,6000,136.34800637377543,3,1.0,3408.5140502223207,2433.1385940598757,15.192776183583419,80.0,7,1.0,5202.944480431759,2433.1385940598757,15.192776183583419,80.0,Horns Rev III
3,36,6.141025786371643,120.0,0.08670300982442572,80,70,2000,39.11394830384182,240,194,11,154,100,6000,315.09632011156714,0,0.0,0.0,0.0,0.0,0.0,2,0.0,7654.605621158334,6115.909348304214,273.2257006322707,80.0,Horns Rev III
3,37,6.141025786371643,120.0,0.08670300982442572,80,70,2000,39.11394830384182,240,194,11,154,100,6000,185.30108564934386,5,1.0,7211.258471602307,3669.257001530673,44.68784015756137,80.0,9,1.0,8362.23085292628,3669.257001530673,44.68784015756137,80.0,Horns Rev III
3,38,6.141025786371643,120.0,0.08670300982442572,80,70,2000,39.11394830384182,240,194,11,154,100,6000,236.09252425019895,1,0.26543889433214857,468.21255875715303,468.21255875715303,58.764888453428114,80.0,2,0.26543889433214857,2145.2911297616934,468.21255875715303,58.764888453428114,80.0,Horns Rev III
3,39,6.141025786371643,120.0,0.08670300982442572,80,70,2000,39.11394830384182,240,194,11,154,100,6000,311.9278008689698,1,0.0,821.6930278772523,821.6930278772523,116.83210081629755,80.0,5,0.0,6832.147284328026,821.6930278772523,116.83210081629755,80.0,Horns Rev III
3,40,6.141025786371643,120.0,0.08670300982442572,80,70,2000,39.11394830384182,240,194,11,154,100,6000,236.61396666500465,1,0.7160549651808082,7369.904011655295,7369.904011655295,22.71560278553534,80.0,4,0.7160549651808082,6376.44405677662,4584.924139984542,241.2724946585845,80.0,Horns Rev III
3,41,6.141025786371643,120.0,0.08670300982442572,80,70,2000,39.11394830384182,240,194,11,154,100,6000,206.77541886239584,3,0.7075898502787709,4957.511357004995,445.37306935748614,103.41635912327655,80.0,8,0.7075898502787709,8893.427245582247,3523.680982927298,35.42596566663997,80.0,Horns Rev III
3,42,6.141025786371643,120.0,0.08670300982442572,80,70,2000,39.11394830384182,240,194,11,154,100,6000,315.08944777267334,0,0.0,0.0,0.0,0.0,0.0,0,0.0,0.0,0.0,0.0,0.0,Horns Rev III
3,43,6.141025786371643,120.0,0.08670300982442572,80,70,2000,39.11394830384182,240,194,11,154,100,6000,315.097101536852,0,0.0,0.0,0.0,0.0,0.0,0,0.0,0.0,0.0,0.0,0.0,Horns Rev III
3,44,6.141025786371643,120.0,0.08670300982442572,80,70,2000,39.11394830384182,240,194,11,154,100,6000,230.24058782874667,2,0.3004821246013975,3157.3748140394373,1919.7360429804353,55.9614300318882,80.0,10,0.3004821246013975,6859.392839565744,1919.7360429804353,55.9614300318882,80.0,Horns Rev III
3,45,6.141025786371643,120.0,0.08670300982442572,80,70,2000,39.11394830384182,240,194,11,154,100,6000,315.0970783457042,0,0.0,0.0,0.0,0.0,0.0,0,0.0,0.0,0.0,0.0,0.0,Horns Rev III
3,46,6.141025786371643,120.0,0.08670300982442572,80,70,2000,39.11394830384182,240,194,11,154,100,6000,215.16409083410983,1,0.4706415378382246,2730.5353054195057,2730.5353054195057,42.34867697294203,80.0,3,0.4706415378382246,3523.8611281731187,2730.5353054195057,42.34867697294203,80.0,Horns Rev III
3,47,6.141025786371643,120.0,0.08670300982442572,80,70,2000,39.11394830384182,240,194,11,154,100,6000,189.80447816742458,3,1.0,5192.259394206911,2934.4639045914782,74.51476324481337,80.0,7,1.0,6177.750863052111,2934.4639045914782,74.51476324481337,80.0,Horns Rev III
3,48,6.141025786371643,120.0,0.08670300982442572,80,70,2000,39.11394830384182,240,194,11,154,100,6000,315.097101536852,0,0.0,0.0,0.0,0.0,0.0,0,0.0,0.0,0.0,0.0,0.0,Horns Rev III
3,49,6.141025786371643,120.0,0.08670300982442572,80,70,2000,39.11394830384182,240,194,11,154,100,6000,238.71715322944002,2,0.7159933716961333,5600.622115631379,743.1372818900405,67.27101745209131,80.0,9,0.7159933716961333,6767.929420593705,743.1372818900405,67.27101745209131,80.0,Horns Rev III
3,50,6.141025786371643,120.0,0.08670300982442572,80,70,2000,39.11394830384182,240,194,11,154,100,6000,315.097101536852,0,0.0,0.0,0.0,0.0,0.0,0,0.0,0.0,0.0,0.0,0.0,Horns Rev III
3,51,6.141025786371643,120.0,0.08670300982442572,80,70,2000,39.11394830384182,240,194,11,154,100,6000,293.81595852861295,1,0.0,7379.799035802906,7379.799035802906,103.39281197769878,80.0,5,0.0,6184.91755086665,2086.7693759683684,145.17239144117593,80.0,Horns Rev III
3,52,6.141025786371643,120.0,0.08670300982442572,80,70,2000,39.11394830384182,240,194,11,154,100,6000,152.45113369731106,3,1.0,3774.4731402829907,2380.464356527122,60.71569419701882,80.0,7,1.0,5646.591253073922,2380.464356527122,60.71569419701882,80.0,Horns Rev III
3,53,6.141025786371643,120.0,0.08670300982442572,80,70,2000,39.11394830384182,240,194,11,154,100,6000,220.89937030745554,1,0.5358197682418563,4168.909434622744,4168.909434622744,37.134418540651495,80.0,1,0.5358197682418563,4168.909434622744,4168.909434622744,37.134418540651495,80.0,Horns Rev III
3,54,6.141025786371643,120.0,0.08670300982442572,80,70,2000,39.11394830384182,240,194,11,154,100,6000,222.41163386245918,3,0.34470259463297165,2210.4709325496133,1160.227747597457,56.06868991271631,80.0,4,0.34470259463297165,3109.5478182474353,1160.227747597457,56.06868991271631,80.0,Horns Rev III
3,55,6.141025786371643,120.0,0.08670300982442572,80,70,2000,39.11394830384182,240,194,11,154,100,6000,187.58069267762983,1,0.6579094157071523,2475.277542118004,2475.277542118004,27.367246743427813,80.0,7,0.6579094157071523,5376.3521515647,2475.277542118004,27.367246743427813,80.0,Horns Rev III
3,56,6.141025786371643,120.0,0.08670300982442572,80,70,2000,39.11394830384182,240,194,11,154,100,6000,313.2348980828978,0,0.0,0.0,0.0,0.0,0.0,2,0.0,3403.005260284671,2219.1078074225793,140.30616713733843,80.0,Horns Rev III
3,57,6.141025786371643,120.0,0.08670300982442572,80,70,2000,39.11394830384182,240,194,11,154,100,6000,228.68238115110861,1,0.42855230971645997,3705.319559691996,3705.319559691996,45.715815222683204,80.0,2,0.42855230971645997,2968.9956638046533,2232.6717679173107,186.38540941185306,80.0,Horns Rev III
3,58,6.141025786371643,120.0,0.08670300982442572,80,70,2000,39.11394830384182,240,194,11,154,100,6000,315.0652548497503,0,0.0,0.0,0.0,0.0,0.0,0,0.0,0.0,0.0,0.0,0.0,Horns Rev III
3,59,6.141025786371643,120.0,0.08670300982442572,80,70,2000,39.11394830384182,240,194,11,154,100,6000,315.08777190606094,0,0.0,0.0,0.0,0.0,0.0,3,0.0,4487.376814302114,2618.8959940498435,202.89494507877498,80.0,Horns Rev III
3,60,6.141025786371643,120.0,0.08670300982442572,80,70,2000,39.11394830384182,240,194,11,154,100,6000,163.2340332186799,2,0.7268854210332378,1463.063184243668,1228.9569048650915,80.61405477076909,80.0,4,0.7268854210332378,2666.7329836868403,1228.9569048650915,80.61405477076909,80.0,Horns Rev III
3,61,6.141025786371643,120.0,0.08670300982442572,80,70,2000,39.11394830384182,240,194,11,154,100,6000,168.76750766635442,1,0.6459669308382587,1358.4671671889491,1358.4671671889491,28.322645532939305,80.0,2,0.6459669308382587,2694.003636855426,1358.4671671889491,28.322645532939305,80.0,Horns Rev III
3,62,6.141025786371643,120.0,0.08670300982442572,80,70,2000,39.11394830384182,240,194,11,154,100,6000,273.4028929994,1,0.056606561443058465,1910.8624158554485,1910.8624158554485,75.47147508455532,80.0,5,0.056606561443058465,4340.551236118225,1910.8624158554485,75.47147508455532,80.0,Horns Rev III
3,63,6.141025786371643,120.0,0.08670300982442572,80,70,2000,39.11394830384182,240,194,11,154,100,6000,315.097101536852,0,0.0,0.0,0.0,0.0,0.0,0,0.0,0.0,0.0,0.0,0.0,Horns Rev III
3,64,6.141025786371643,120.0,0.08670300982442572,80,70,2000,39.11394830384182,240,194,11,154,100,6000,183.64606808898102,1,0.6529901742858669,2198.9221982546806,2198.9221982546806,27.760786057130645,80.0,1,0.6529901742858669,2198.9221982546806,2198.9221982546806,27.760786057130645,80.0,Horns Rev III
3,65,6.141025786371643,120.0,0.08670300982442572,80,70,2000,39.11394830384182,240,194,11,154,100,6000,285.1068726772067,1,0.0,2361.847645002626,2361.847645002626,84.10917811153672,80.0,2,0.0,2068.600720712956,1775.353796423286,148.24987238061,80.0,Horns Rev III
3,66,6.141025786371643,120.0,0.08670300982442572,80,70,2000,39.11394830384182,240,194,11,154,100,6000,315.0971013841504,0,0.0,0.0,0.0,0.0,0.0,0,0.0,0.0,0.0,0.0,0.0,Horns Rev III
3,67,6.141025786371643,120.0,0.08670300982442572,80,70,2000,39.11394830384182,240,194,11,154,100,6000,286.47406365941504,1,0.0,9932.046609021349,9932.046609021349,97.5998992242512,80.0,9,0.0,6227.412398456677,1744.8037771533232,136.59640096842486,80.0,Horns Rev III
3,68,6.141025786371643,120.0,0.08670300982442572,80,70,2000,39.11394830384182,240,194,11,154,100,6000,108.3704067036076,4,1.0,6322.554739716668,988.4210700941092,13.102960994034447,80.0,10,1.0,8128.471109561154,988.4210700941092,13.102960994034447,80.0,Horns Rev III
3,69,6.141025786371643,120.0,0.08670300982442572,80,70,2000,39.11394830384182,240,194,11,154,100,6000,173.55525635377845,1,0.855291806477996,2619.4010687241216,2619.4010687241216,11.576655481760326,80.0,1,0.855291806477996,2619.4010687241216,2619.4010687241216,11.576655481760326,80.0,Horns Rev III
3,70,6.141025786371643,120.0,0.08670300982442572,80,70,2000,39.11394830384182,240,194,11,154,100,6000,314.9877009719686,0,0.0,0.0,0.0,0.0,0.0,0,0.0,0.0,0.0,0.0,0.0,Horns Rev III
3,71,6.141025786371643,120.0,0.08670300982442572,80,70,2000,39.11394830384182,240,194,11,154,100,6000,170.35585138483665,1,0.9372663509491048,2611.2021975076364,2611.2021975076364,5.018691924071618,80.0,2,0.9372663509491048,2999.944571292207,2611.2021975076364,5.018691924071618,80.0,Horns Rev III
3,72,6.141025786371643,120.0,0.08670300982442572,80,70,2000,39.11394830384182,240,194,11,154,100,6000,314.047908533981,0,0.0,0.0,0.0,0.0,0.0,3,0.0,4011.565284249357,2356.163514909186,145.51902601386269,80.0,Horns Rev III
3,73,6.141025786371643,120.0,0.08670300982442572,80,70,2000,39.11394830384182,240,194,11,154,100,6000,237.3523068395359,1,0.32544228247486445,2951.6616371354003,2951.6616371354003,53.964617402010845,80.0,2,0.32544228247486445,3314.2474709205308,2951.6616371354003,53.964617402010845,80.0,Horns Rev III
3,74,6.141025786371643,120.0,0.08670300982442572,80,70,2000,39.11394830384182,240,194,11,154,100,6000,257.90478066179503,2,0.1416997396309327,5695.29181800633,1675.6139685299813,68.66402082952538,80.0,6,0.1416997396309327,7911.003101500846,1675.6139685299813,68.66402082952538,80.0,Horns Rev III
3,75,6.141025786371643,120.0,0.08670300982442572,80,70,2000,39.11394830384182,240,194,11,154,100,6000,315.097101536852,0,0.0,0.0,0.0,0.0,0.0,0,0.0,0.0,0.0,0.0,0.0,Horns Rev III
3,76,6.141025786371643,120.0,0.08670300982442572,80,70,2000,39.11394830384182,240,194,11,154,100,6000,196.26533724992603,1,0.9586889382816451,4167.648009448632,4167.648009448632,3.304884937468387,80.0,5,0.9586889382816451,6338.637760239644,4167.648009448632,3.304884937468387,80.0,Horns Rev III
3,77,6.141025786371643,120.0,0.08670300982442572,80,70,2000,39.11394830384182,240,194,11,154,100,6000,315.0971015368506,0,0.0,0.0,0.0,0.0,0.0,0,0.0,0.0,0.0,0.0,0.0,Horns Rev III
3,78,6.141025786371643,120.0,0.08670300982442572,80,70,2000,39.11394830384182,240,194,11,154,100,6000,315.0965035776413,0,0.0,0.0,0.0,0.0,0.0,0,0.0,0.0,0.0,0.0,0.0,Horns Rev III
3,79,6.141025786371643,120.0,0.08670300982442572,80,70,2000,39.11394830384182,240,194,11,154,100,6000,185.10020268115773,2,1.0,4694.173209094888,3594.712109967548,23.06593057917621,80.0,3,1.0,4893.792026008105,3594.712109967548,23.06593057917621,80.0,Horns Rev III
4,0,14.64260705677631,120.0,0.08468572935446902,80,70,2000,6.971169460425295,150,47,9,112,84,3450,1990.0461771747887,1,0.6256087967730906,2401.6022981546703,2401.6022981546703,45.95129625815275,112.0,1,0.6256087967730906,2401.6022981546703,2401.6022981546703,45.95129625815275,112.0,Horns Rev III
4,1,14.64260705677631,120.0,0.08468572935446902,80,70,2000,6.971169460425295,150,47,9,112,84,3450,1997.2233649343243,0,0.0,0.0,0.0,0.0,0.0,2,0.0,8628.03442211,7318.33388774794,332.02030629106866,80.0,Horns Rev III
4,2,14.64260705677631,120.0,0.08468572935446902,80,70,2000,6.971169460425295,150,47,9,112,84,3450,1997.223365262449,0,0.0,0.0,0.0,0.0,0.0,0,0.0,0.0,0.0,0.0,0.0,Horns Rev III
4,3,14.64260705677631,120.0,0.08468572935446902,80,70,2000,6.971169460425295,150,47,9,112,84,3450,1971.4537184750302,5,1.0,5488.325420993314,687.2719183042253,103.18064702600483,112.0,8,1.0,5072.609919631961,687.2719183042253,103.18064702600483,112.0,Horns Rev III
4,4,14.64260705677631,120.0,0.08468572935446902,80,70,2000,6.971169460425295,150,47,9,112,84,3450,1984.3541464471457,2,0.9057081327941774,1875.3527000080724,1035.3018084595851,109.90347823908735,112.0,3,0.9057081327941774,2558.6528348292195,1035.3018084595851,109.90347823908735,112.0,Horns Rev III
4,5,14.64260705677631,120.0,0.08468572935446902,80,70,2000,6.971169460425295,150,47,9,112,84,3450,1997.2233650336675,0,0.0,0.0,0.0,0.0,0.0,0,0.0,0.0,0.0,0.0,0.0,Horns Rev III
4,6,14.64260705677631,120.0,0.08468572935446902,80,70,2000,6.971169460425295,150,47,9,112,84,3450,1967.159415634929,8,1.0,9432.176192131228,2500.011441466896,22.78211085400949,80.0,14,1.0,9408.326573062428,2500.011441466896,22.78211085400949,80.0,Horns Rev III
4,7,14.64260705677631,120.0,0.08468572935446902,80,70,2000,6.971169460425295,150,47,9,112,84,3450,1987.4757006395978,4,1.0,6501.814561249206,3956.307947184514,103.45628489295927,112.0,9,1.0,7473.14650608756,2117.1641466983638,121.48153764316999,80.0,Horns Rev III
4,8,14.64260705677631,120.0,0.08468572935446902,80,70,2000,6.971169460425295,150,47,9,112,84,3450,1995.1758038958621,2,0.06536734032812035,6166.700050957055,4310.954701989384,74.77061277375037,80.0,17,0.06536734032812035,8781.98738671611,3816.8572176470243,175.85372995905323,80.0,Horns Rev III
4,9,14.64260705677631,120.0,0.08468572935446902,80,70,2000,6.971169460425295,150,47,9,112,84,3450,1984.3215819157087,3,1.0,6952.242678750903,4289.2029440215665,25.81922832016153,80.0,15,1.0,8534.403974226847,3843.1443138950144,205.08402232688127,80.0,Horns Rev III
4,10,14.64260705677631,120.0,0.08468572935446902,80,70,2000,6.971169460425295,150,47,9,112,84,3450,1997.1261739408358,0,0.0,0.0,0.0,0.0,0.0,4,0.0,7767.824162184868,5936.289766861136,157.35756639956116,80.0,Horns Rev III
4,11,14.64260705677631,120.0,0.08468572935446902,80,70,2000,6.971169460425295,150,47,9,112,84,3450,1945.9140382185444,2,1.0,3553.834500804652,1837.6648224899782,8.656859287570569,112.0,3,1.0,3374.183647639918,1837.6648224899782,8.656859287570569,112.0,Horns Rev III
4,12,14.64260705677631,120.0,0.08468572935446902,80,70,2000,6.971169460425295,150,47,9,112,84,3450,1986.4772572728111,4,0.8339681720859204,5027.5752724394715,1744.3499455812826,122.3438389878736,112.0,8,0.8339681720859204,6129.687946909018,1744.3499455812826,122.3438389878736,112.0,Horns Rev III
4,13,14.64260705677631,120.0,0.08468572935446902,80,70,2000,6.971169460425295,150,47,9,112,84,3450,1994.0324633278997,1,0.37703837770775406,3367.96635567509,3367.96635567509,65.83692978337967,112.0,2,0.37703837770775406,2831.940692327541,2295.9150289799923,146.19206704952035,112.0,Horns Rev III
4,14,14.64260705677631,120.0,0.08468572935446902,80,70,2000,6.971169460425295,150,47,9,112,84,3450,1939.4115967003145,4,1.0,4998.485323326615,1281.8193035535824,5.864442844437576,80.0,6,1.0,5403.470722082408,1281.8193035535824,5.864442844437576,80.0,Horns Rev III
4,15,14.64260705677631,120.0,0.08468572935446902,80,70,2000,6.971169460425295,150,47,9,112,84,3450,1997.2233652624475,0,0.0,0.0,0.0,0.0,0.0,0,0.0,0.0,0.0,0.0,0.0,Horns Rev III
4,16,14.64260705677631,120.0,0.08468572935446902,80,70,2000,6.971169460425295,150,47,9,112,84,3450,1994.5985064485762,2,0.1760638194694536,5253.231803915625,3943.531269553565,67.16911948034158,80.0,2,0.1760638194694536,5253.231803915625,3943.531269553565,67.16911948034158,80.0,Horns Rev III
4,17,14.64260705677631,120.0,0.08468572935446902,80,70,2000,6.971169460425295,150,47,9,112,84,3450,1997.209718662462,0,0.0,0.0,0.0,0.0,0.0,3,0.0,4475.150272509886,2409.951282863257,177.9597410006695,80.0,Horns Rev III
4,18,14.64260705677631,120.0,0.08468572935446902,80,70,2000,6.971169460425295,150,47,9,112,84,3450,1957.8732720415433,3,1.0,1802.4572889462145,632.6173149549197,37.94612561973537,112.0,6,1.0,3697.6812000767823,632.6173149549197,37.94612561973537,112.0,Horns Rev III
4,19,14.64260705677631,120.0,0.08468572935446902,80,70,2000,6.971169460425295,150,47,9,112,84,3450,1997.2233652519978,0,0.0,0.0,0.0,0.0,0.0,0,0.0,0.0,0.0,0.0,0.0,Horns Rev III
4,20,14.64260705677631,120.0,0.08468572935446902,80,70,2000,6.971169460425295,150,47,9,112,84,3450,1991.0850033987085,3,1.0,8209.738117182724,6121.0812413568665,37.835110915645146,80.0,11,1.0,7748.047493087852,2967.621853049911,192.34528854468954,80.0,Horns Rev III
4,21,14.64260705677631,120.0,0.08468572935446902,80,70,2000,6.971169460425295,150,47,9,112,84,3450,1994.0146327366203,1,0.41970626197232264,5397.900896246199,5397.900896246199,62.42349904221419,112.0,3,0.41970626197232264,3686.2000237840434,1472.6477917746852,140.66959418916974,80.0,Horns Rev III
4,22,14.64260705677631,120.0,0.08468572935446902,80,70,2000,6.971169460425295,150,47,9,112,84,3450,1995.9415844689315,1,0.09676458015737807,3179.0870457238107,3179.0870457238107,88.25883358740975,112.0,1,0.09676458015737807,3179.0870457238107,3179.0870457238107,88.25883358740975,112.0,Horns Rev III
4,23,14.64260705677631,120.0,0.08468572935446902,80,70,2000,6.971169460425295,150,47,9,112,84,3450,1992.0020501595436,4,1.0,9781.266126508866,7606.911659696367,119.85524056412078,80.0,11,1.0,9159.48034834038,2818.674573665049,159.31060617274238,80.0,Horns Rev III
4,24,14.64260705677631,120.0,0.08468572935446902,80,70,2000,6.971169460425295,150,47,9,112,84,3450,1946.4666485548107,4,1.0,3213.413822782354,1861.5708560726935,20.28641260392976,80.0,7,1.0,5031.011884709936,1861.5708560726935,20.28641260392976,80.0,Horns Rev III
4,25,14.64260705677631,120.0,0.08468572935446902,80,70,2000,6.971169460425295,150,47,9,112,84,3450,1978.689914573289,1,0.9746843406223661,1839.1438004861502,1839.1438004861502,18.02525275021071,112.0,6,0.9746843406223661,5960.112304379581,1839.1438004861502,18.02525275021071,112.0,Horns Rev III
4,26,14.64260705677631,120.0,0.08468572935446902,80,70,2000,6.971169460425295,150,47,9,112,84,3450,1989.642353239491,5,1.0,8835.698561346508,1271.4180003543113,104.84127710741524,80.0,12,1.0,8723.094054561561,1271.4180003543113,104.84127710741524,80.0,Horns Rev III
4,27,14.64260705677631,120.0,0.08468572935446902,80,70,2000,6.971169460425295,150,47,9,112,84,3450,1980.250522855868,6,1.0,7660.18613177037,4905.6714744310775,31.117302671280868,112.0,9,1.0,7618.738183375583,4262.211465959408,231.19905187023187,80.0,Horns Rev III
4,28,14.64260705677631,120.0,0.08468572935446902,80,70,2000,6.971169460425295,150,47,9,112,84,3450,1992.2299098997921,2,1.0,11097.294198940392,9896.493049863057,1.7451754455241826,80.0,10,1.0,9249.677715468117,3318.893757551167,179.51945049261371,80.0,Horns Rev III
4,29,14.64260705677631,120.0,0.08468572935446902,80,70,2000,6.971169460425295,150,47,9,112,84,3450,1996.7793575330006,1,0.0,3862.271524357554,3862.271524357554,92.57241097166911,80.0,4,0.0,6678.6108819986985,3862.271524357554,92.57241097166911,80.0,Horns Rev III
4,30,14.64260705677631,120.0,0.08468572935446902,80,70,2000,6.971169460425295,150,47,9,112,84,3450,1993.1940347309383,2,0.4647468813404032,3141.5498510135885,1776.2821983038357,85.16892646570989,80.0,6,0.4647468813404032,5272.164557052701,1776.2821983038357,85.16892646570989,80.0,Horns Rev III
4,31,14.64260705677631,120.0,0.08468572935446902,80,70,2000,6.971169460425295,150,47,9,112,84,3450,1995.323284309866,1,0.7754620012324495,12532.816255847854,12532.816255847854,17.963039901404045,80.0,10,0.7754620012324495,11222.172896661974,6769.775724859275,142.2222626231519,80.0,Horns Rev III
4,32,14.64260705677631,120.0,0.08468572935446902,80,70,2000,6.971169460425295,150,47,9,112,84,3450,1997.2159135318577,0,0.0,0.0,0.0,0.0,0.0,2,0.0,4027.4421625877767,3354.1571420090813,146.3119127531063,80.0,Horns Rev III
4,33,14.64260705677631,120.0,0.08468572935446902,80,70,2000,6.971169460425295,150,47,9,112,84,3450,1997.223365262449,0,0.0,0.0,0.0,0.0,0.0,0,0.0,0.0,0.0,0.0,0.0,Horns Rev III
4,34,14.64260705677631,120.0,0.08468572935446902,80,70,2000,6.971169460425295,150,47,9,112,84,3450,1982.2977440642899,2,1.0,3994.5596020940047,1910.1048847826332,33.745767992857054,80.0,6,1.0,5699.999862833013,1910.1048847826332,33.745767992857054,80.0,Horns Rev III
4,35,14.64260705677631,120.0,0.08468572935446902,80,70,2000,6.971169460425295,150,47,9,112,84,3450,1965.244917475546,3,1.0,3408.5140502223207,2433.1385940598757,15.192776183583419,80.0,11,1.0,6667.668927353621,2433.1385940598757,15.192776183583419,80.0,Horns Rev III
4,36,14.64260705677631,120.0,0.08468572935446902,80,70,2000,6.971169460425295,150,47,9,112,84,3450,1994.8379868411978,1,1.0,14271.965768508562,14271.965768508562,13.177974903417635,112.0,9,1.0,10085.100377588255,5884.430947090099,163.38398078879982,112.0,Horns Rev III
4,37,14.64260705677631,120.0,0.08468572935446902,80,70,2000,6.971169460425295,150,47,9,112,84,3450,1982.728776648676,5,1.0,7211.258471602307,3669.257001530673,44.68784015756137,80.0,18,1.0,9642.8880924161,3669.257001530673,44.68784015756137,80.0,Horns Rev III
4,38,14.64260705677631,120.0,0.08468572935446902,80,70,2000,6.971169460425295,150,47,9,112,84,3450,1995.0929623357047,1,0.26543889433214857,468.21255875715303,468.21255875715303,58.764888453428114,80.0,4,0.26543889433214857,4220.895995294879,468.21255875715303,58.764888453428114,80.0,Horns Rev III
4,39,14.64260705677631,120.0,0.08468572935446902,80,70,2000,6.971169460425295,150,47,9,112,84,3450,1997.203600746731,1,0.0,821.6930278772523,821.6930278772523,116.83210081629755,80.0,5,0.0,6832.147284328026,821.6930278772523,116.83210081629755,80.0,Horns Rev III
4,40,14.64260705677631,120.0,0.08468572935446902,80,70,2000,6.971169460425295,150,47,9,112,84,3450,1991.2040254054752,3,1.0,7267.178573179596,3436.6163688630813,103.00955134757601,112.0,10,1.0,7126.8120624682215,3436.6163688630813,103.00955134757601,112.0,Horns Rev III
4,41,14.64260705677631,120.0,0.08468572935446902,80,70,2000,6.971169460425295,150,47,9,112,84,3450,1991.1516703786613,3,0.7075898502787709,4957.511357004995,445.37306935748614,103.41635912327655,80.0,9,0.7075898502787709,9274.8699648352,3523.680982927298,35.42596566663997,80.0,Horns Rev III
4,42,14.64260705677631,120.0,0.08468572935446902,80,70,2000,6.971169460425295,150,47,9,112,84,3450,1995.3057623957918,1,0.21107578053206452,3600.245203052361,3600.245203052361,79.11393755743484,112.0,3,0.21107578053206452,6246.268326527166,3600.245203052361,79.11393755743484,112.0,Horns Rev III
4,43,14.64260705677631,120.0,0.08468572935446902,80,70,2000,6.971169460425295,150,47,9,112,84,3450,1993.9070301542495,1,0.3809962181312258,2141.020133984875,2141.020133984875,65.52030254950193,112.0,2,0.3809962181312258,3268.581252889314,2141.020133984875,65.52030254950193,112.0,Horns Rev III
4,44,14.64260705677631,120.0,0.08468572935446902,80,70,2000,6.971169460425295,150,47,9,112,84,3450,1993.2767139535517,2,0.3004821246013975,3157.3748140394373,1919.7360429804353,55.9614300318882,80.0,14,0.3004821246013975,8660.418965012364,1919.7360429804353,55.9614300318882,80.0,Horns Rev III
4,45,14.64260705677631,120.0,0.08468572935446902,80,70,2000,6.971169460425295,150,47,9,112,84,3450,1997.2233652618768,0,0.0,0.0,0.0,0.0,0.0,0,0.0,0.0,0.0,0.0,0.0,Horns Rev III
4,46,14.64260705677631,120.0,0.08468572935446902,80,70,2000,6.971169460425295,150,47,9,112,84,3450,1989.7091429558268,2,0.9210580850453084,3753.576051787773,2730.5353054195057,42.34867697294203,80.0,4,0.9210580850453084,3837.0500456688487,2730.5353054195057,42.34867697294203,80.0,Horns Rev III
4,47,14.64260705677631,120.0,0.08468572935446902,80,70,2000,6.971169460425295,150,47,9,112,84,3450,1987.42358091255,3,1.0,5192.259394206911,2934.4639045914782,74.51476324481337,80.0,11,1.0,8272.201489834844,2934.4639045914782,74.51476324481337,80.0,Horns Rev III
4,48,14.64260705677631,120.0,0.08468572935446902,80,70,2000,6.971169460425295,150,47,9,112,84,3450,1997.2233652619188,0,0.0,0.0,0.0,0.0,0.0,0,0.0,0.0,0.0,0.0,0.0,Horns Rev III
4,49,14.64260705677631,120.0,0.08468572935446902,80,70,2000,6.971169460425295,150,47,9,112,84,3450,1994.5150595252771,2,0.7159933716961333,5600.622115631379,743.1372818900405,67.27101745209131,80.0,10,0.7159933716961333,7279.240343484469,743.1372818900405,67.27101745209131,80.0,Horns Rev III
4,50,14.64260705677631,120.0,0.08468572935446902,80,70,2000,6.971169460425295,150,47,9,112,84,3450,1987.9187767900503,3,1.0,4159.571680279564,816.302024425142,91.49220411376729,112.0,5,1.0,3743.2934759388613,816.302024425142,91.49220411376729,112.0,Horns Rev III
4,51,14.64260705677631,120.0,0.08468572935446902,80,70,2000,6.971169460425295,150,47,9,112,84,3450,1996.7793167743184,1,0.0,7379.799035802906,7379.799035802906,103.39281197769878,80.0,6,0.0,6621.219748377464,2086.7693759683684,145.17239144117593,80.0,Horns Rev III
4,52,14.64260705677631,120.0,0.08468572935446902,80,70,2000,6.971169460425295,150,47,9,112,84,3450,1935.1103728587555,6,1.0,5489.596694713237,2380.464356527122,60.71569419701882,80.0,12,1.0,7161.54674177448,2380.464356527122,60.71569419701882,80.0,Horns Rev III
4,53,14.64260705677631,120.0,0.08468572935446902,80,70,2000,6.971169460425295,150,47,9,112,84,3450,1992.6010990894904,1,0.5358197682418563,4168.909434622744,4168.909434622744,37.134418540651495,80.0,3,0.5358197682418563,5811.7416374282,4168.909434622744,37.134418540651495,80.0,Horns Rev III
4,54,14.64260705677631,120.0,0.08468572935446902,80,70,2000,6.971169460425295,150,47,9,112,84,3450,1983.2721076770717,6,1.0,3517.363412582989,1160.227747597457,56.06868991271631,80.0,9,1.0,5216.476846681159,1160.227747597457,56.06868991271631,80.0,Horns Rev III
4,55,14.64260705677631,120.0,0.08468572935446902,80,70,2000,6.971169460425295,150,47,9,112,84,3450,1988.443939763121,1,0.6579094157071523,2475.277542118004,2475.277542118004,27.367246743427813,80.0,10,0.6579094157071523,7170.890285302009,2475.277542118004,27.367246743427813,80.0,Horns Rev III
4,56,14.64260705677631,120.0,0.08468572935446902,80,70,2000,6.971169460425295,150,47,9,112,84,3450,1996.9657840308503,0,0.0,0.0,0.0,0.0,0.0,4,0.0,4587.973784255952,2219.1078074225793,140.30616713733843,80.0,Horns Rev III
4,57,14.64260705677631,120.0,0.08468572935446902,80,70,2000,6.971169460425295,150,47,9,112,84,3450,1983.4512852281991,3,1.0,4955.554693030711,3705.319559691996,45.715815222683204,80.0,5,1.0,4945.981702234591,2232.6717679173107,186.38540941185306,80.0,Horns Rev III
4,58,14.64260705677631,120.0,0.08468572935446902,80,70,2000,6.971169460425295,150,47,9,112,84,3450,1996.680031752111,1,0.0,2046.0814927365345,2046.0814927365345,102.31535319637533,112.0,1,0.0,2046.0814927365345,2046.0814927365345,102.31535319637533,112.0,Horns Rev III
4,59,14.64260705677631,120.0,0.08468572935446902,80,70,2000,6.971169460425295,150,47,9,112,84,3450,1996.9071011154724,0,0.0,0.0,0.0,0.0,0.0,6,0.0,6685.122601436587,2618.8959940498435,202.89494507877498,80.0,Horns Rev III
4,60,14.64260705677631,120.0,0.08468572935446902,80,70,2000,6.971169460425295,150,47,9,112,84,3450,1984.663819456771,2,0.7268854210332378,1463.063184243668,1228.9569048650915,80.61405477076909,80.0,7,0.7268854210332378,4829.684507221538,1228.9569048650915,80.61405477076909,80.0,Horns Rev III
4,61,14.64260705677631,120.0,0.08468572935446902,80,70,2000,6.971169460425295,150,47,9,112,84,3450,1967.7277613673093,2,1.0,2278.0390674320242,1358.4671671889491,28.322645532939305,80.0,8,1.0,6184.441522359728,1358.4671671889491,28.322645532939305,80.0,Horns Rev III
4,62,14.64260705677631,120.0,0.08468572935446902,80,70,2000,6.971169460425295,150,47,9,112,84,3450,1996.2385999283717,1,0.056606561443058465,1910.8624158554485,1910.8624158554485,75.47147508455532,80.0,6,0.056606561443058465,5078.256491146008,1910.8624158554485,75.47147508455532,80.0,Horns Rev III
4,63,14.64260705677631,120.0,0.08468572935446902,80,70,2000,6.971169460425295,150,47,9,112,84,3450,1997.223365262449,0,0.0,0.0,0.0,0.0,0.0,0,0.0,0.0,0.0,0.0,0.0,Horns Rev III
4,64,14.64260705677631,120.0,0.08468572935446902,80,70,2000,6.971169460425295,150,47,9,112,84,3450,1988.2485986360616,1,0.6529901742858669,2198.9221982546806,2198.9221982546806,27.760786057130645,80.0,2,0.6529901742858669,2660.0857241251488,2198.9221982546806,27.760786057130645,80.0,Horns Rev III
4,65,14.64260705677631,120.0,0.08468572935446902,80,70,2000,6.971169460425295,150,47,9,112,84,3450,1996.6900215490691,1,0.0,2361.847645002626,2361.847645002626,84.10917811153672,80.0,3,0.0,3179.222188404771,1775.353796423286,148.24987238061,80.0,Horns Rev III
4,66,14.64260705677631,120.0,0.08468572935446902,80,70,2000,6.971169460425295,150,47,9,112,84,3450,1991.1540818119338,1,0.6237467530143931,3625.1113273651163,3625.1113273651163,46.10025975884855,112.0,1,0.6237467530143931,3625.1113273651163,3625.1113273651163,46.10025975884855,112.0,Horns Rev III
4,67,14.64260705677631,120.0,0.08468572935446902,80,70,2000,6.971169460425295,150,47,9,112,84,3450,1991.8030477768077,4,1.0,10040.719210296053,7779.684052305516,83.01086702906196,112.0,15,1.0,7812.12743785881,1744.8037771533232,136.59640096842486,80.0,Horns Rev III
4,68,14.64260705677631,120.0,0.08468572935446902,80,70,2000,6.971169460425295,150,47,9,112,84,3450,1881.1168391507063,8,1.0,8921.070680205421,988.4210700941092,13.102960994034447,80.0,17,1.0,9964.012146718349,988.4210700941092,13.102960994034447,80.0,Horns Rev III
4,69,14.64260705677631,120.0,0.08468572935446902,80,70,2000,6.971169460425295,150,47,9,112,84,3450,1985.488510684237,1,0.855291806477996,2619.4010687241216,2619.4010687241216,11.576655481760326,80.0,1,0.855291806477996,2619.4010687241216,2619.4010687241216,11.576655481760326,80.0,Horns Rev III
4,70,14.64260705677631,120.0,0.08468572935446902,80,70,2000,6.971169460425295,150,47,9,112,84,3450,1980.3455468937811,2,1.0,3843.1195198591804,3307.093856511631,6.096175278128612,112.0,2,1.0,3843.1195198591804,3307.093856511631,6.096175278128612,112.0,Horns Rev III
4,71,14.64260705677631,120.0,0.08468572935446902,80,70,2000,6.971169460425295,150,47,9,112,84,3450,1982.1575928125828,2,1.0,4200.745720369541,2611.2021975076364,5.018691924071618,80.0,3,1.0,3930.0594619386197,2611.2021975076364,5.018691924071618,80.0,Horns Rev III
4,72,14.64260705677631,120.0,0.08468572935446902,80,70,2000,6.971169460425295,150,47,9,112,84,3450,1993.4942370556728,1,0.4204948681636381,4021.529119538325,4021.529119538325,62.36041054690895,112.0,7,0.4204948681636381,5910.911178772118,2356.163514909186,145.51902601386269,80.0,Horns Rev III
4,73,14.64260705677631,120.0,0.08468572935446902,80,70,2000,6.971169460425295,150,47,9,112,84,3450,1994.40131218673,1,0.32544228247486445,2951.6616371354003,2951.6616371354003,53.964617402010845,80.0,3,0.32544228247486445,4494.805097423511,2951.6616371354003,53.964617402010845,80.0,Horns Rev III
4,74,14.64260705677631,120.0,0.08468572935446902,80,70,2000,6.971169460425295,150,47,9,112,84,3450,1995.8024697672836,2,0.1416997396309327,5695.29181800633,1675.6139685299813,68.66402082952538,80.0,7,0.1416997396309327,8371.988568088054,1675.6139685299813,68.66402082952538,80.0,Horns Rev III
4,75,14.64260705677631,120.0,0.08468572935446902,80,70,2000,6.971169460425295,150,47,9,112,84,3450,1997.223346635334,0,0.0,0.0,0.0,0.0,0.0,0,0.0,0.0,0.0,0.0,0.0,Horns Rev III
4,76,14.64260705677631,120.0,0.08468572935446902,80,70,2000,6.971169460425295,150,47,9,112,84,3450,1989.0438772041298,1,0.9586889382816451,4167.648009448632,4167.648009448632,3.304884937468387,80.0,7,0.9586889382816451,7291.997764965985,4167.648009448632,3.304884937468387,80.0,Horns Rev III
4,77,14.64260705677631,120.0,0.08468572935446902,80,70,2000,6.971169460425295,150,47,9,112,84,3450,1997.223365262449,0,0.0,0.0,0.0,0.0,0.0,0,0.0,0.0,0.0,0.0,0.0,Horns Rev III
4,78,14.64260705677631,120.0,0.08468572935446902,80,70,2000,6.971169460425295,150,47,9,112,84,3450,1995.7832138767003,1,0.11472887278347628,3955.025334366207,3955.025334366207,86.8216901773219,112.0,1,0.11472887278347628,3955.025334366207,3955.025334366207,86.8216901773219,112.0,Horns Rev III
4,79,14.64260705677631,120.0,0.08468572935446902,80,70,2000,6.971169460425295,150,47,9,112,84,3450,1984.5346552783874,2,1.0,4694.173209094888,3594.712109967548,23.06593057917621,80.0,4,1.0,5349.33435949687,3594.712109967548,23.06593057917621,80.0,Horns Rev III
5,0,6.496002839559726,150.0,0.06854229557355603,80,70,2000,21.6706867715691,0,54,5,107,80,3600,376.34822251828615,0,0.0,0.0,0.0,0.0,0.0,0,0.0,0.0,0.0,0.0,0.0,Horns Rev III
5,1,6.496002839559726,150.0,0.06854229557355603,80,70,2000,21.6706867715691,0,54,5,107,80,3600,374.30023175868314,0,0.0,0.0,0.0,0.0,0.0,4,0.0,7671.624894636066,5029.091069522156,313.61290323249887,80.0,Horns Rev III
5,2,6.496002839559726,150.0,0.06854229557355603,80,70,2000,21.6706867715691,0,54,5,107,80,3600,376.3484278173307,0,0.0,0.0,0.0,0.0,0.0,1,0.0,4128.053237633005,4128.053237633005,276.637577370906,80.0,Horns Rev III
5,3,6.496002839559726,150.0,0.06854229557355603,80,70,2000,21.6706867715691,0,54,5,107,80,3600,376.3484330278615,0,0.0,0.0,0.0,0.0,0.0,0,0.0,0.0,0.0,0.0,0.0,Horns Rev III
5,4,6.496002839559726,150.0,0.06854229557355603,80,70,2000,21.6706867715691,0,54,5,107,80,3600,376.3484330278615,0,0.0,0.0,0.0,0.0,0.0,0,0.0,0.0,0.0,0.0,0.0,Horns Rev III
5,5,6.496002839559726,150.0,0.06854229557355603,80,70,2000,21.6706867715691,0,54,5,107,80,3600,376.3484330278615,0,0.0,0.0,0.0,0.0,0.0,0,0.0,0.0,0.0,0.0,0.0,Horns Rev III
5,6,6.496002839559726,150.0,0.06854229557355603,80,70,2000,21.6706867715691,0,54,5,107,80,3600,319.7385877299226,1,0.10567967269972059,2124.802706042316,2124.802706042316,71.54562618402235,80.0,2,0.10567967269972059,3281.6225559644545,2124.802706042316,71.54562618402235,80.0,Horns Rev III
5,7,6.496002839559726,150.0,0.06854229557355603,80,70,2000,21.6706867715691,0,54,5,107,80,3600,376.348433015926,0,0.0,0.0,0.0,0.0,0.0,0,0.0,0.0,0.0,0.0,0.0,Horns Rev III
5,8,6.496002839559726,150.0,0.06854229557355603,80,70,2000,21.6706867715691,0,54,5,107,80,3600,376.3484330278615,0,0.0,0.0,0.0,0.0,0.0,0,0.0,0.0,0.0,0.0,0.0,Horns Rev III
5,9,6.496002839559726,150.0,0.06854229557355603,80,70,2000,21.6706867715691,0,54,5,107,80,3600,316.5273837517211,1,0.14228907156551146,6094.958696809057,6094.958696809057,68.61687427475908,80.0,4,0.14228907156551146,4430.635018337294,2047.3144644972924,121.37987633761145,80.0,Horns Rev III
5,10,6.496002839559726,150.0,0.06854229557355603,80,70,2000,21.6706867715691,0,54,5,107,80,3600,242.0849471897215,3,0.9971720751550435,4300.004809318768,708.58150705878,91.81415477004657,80.0,7,0.9971720751550435,6171.439434890628,708.58150705878,91.81415477004657,80.0,Horns Rev III
5,11,6.496002839559726,150.0,0.06854229557355603,80,70,2000,21.6706867715691,0,54,5,107,80,3600,376.3484049348196,0,0.0,0.0,0.0,0.0,0.0,0,0.0,0.0,0.0,0.0,0.0,Horns Rev III
5,12,6.496002839559726,150.0,0.06854229557355603,80,70,2000,21.6706867715691,0,54,5,107,80,3600,376.3484330278615,0,0.0,0.0,0.0,0.0,0.0,0,0.0,0.0,0.0,0.0,0.0,Horns Rev III
5,13,6.496002839559726,150.0,0.06854229557355603,80,70,2000,21.6706867715691,0,54,5,107,80,3600,376.3484330278615,0,0.0,0.0,0.0,0.0,0.0,0,0.0,0.0,0.0,0.0,0.0,Horns Rev III
5,14,6.496002839559726,150.0,0.06854229557355603,80,70,2000,21.6706867715691,0,54,5,107,80,3600,211.9770653165349,2,0.7463392938173457,1859.0475616950682,999.8082373195775,117.53803828241229,80.0,4,0.7463392938173457,3219.387800557092,999.8082373195775,117.53803828241229,80.0,Horns Rev III
5,15,6.496002839559726,150.0,0.06854229557355603,80,70,2000,21.6706867715691,0,54,5,107,80,3600,376.348428719082,0,0.0,0.0,0.0,0.0,0.0,0,0.0,0.0,0.0,0.0,0.0,Horns Rev III
5,16,6.496002839559726,150.0,0.06854229557355603,80,70,2000,21.6706867715691,0,54,5,107,80,3600,267.3021315799212,1,0.5606576432531142,5595.823539622386,5595.823539622386,35.147388539750864,80.0,3,0.5606576432531142,5783.6096183438085,4237.877459423629,156.8342341896639,80.0,Horns Rev III
5,17,6.496002839559726,150.0,0.06854229557355603,80,70,2000,21.6706867715691,0,54,5,107,80,3600,317.70143947936606,1,0.12437920686382994,1088.0970642794841,1088.0970642794841,70.0496634508936,80.0,1,0.12437920686382994,1088.0970642794841,1088.0970642794841,70.0496634508936,80.0,Horns Rev III
5,18,6.496002839559726,150.0,0.06854229557355603,80,70,2000,21.6706867715691,0,54,5,107,80,3600,333.3931176811539,1,0.024070581416415847,1769.969715591115,1769.969715591115,78.07435348668673,80.0,1,0.024070581416415847,1769.969715591115,1769.969715591115,78.07435348668673,80.0,Horns Rev III
5,19,6.496002839559726,150.0,0.06854229557355603,80,70,2000,21.6706867715691,0,54,5,107,80,3600,376.3484330278615,0,0.0,0.0,0.0,0.0,0.0,0,0.0,0.0,0.0,0.0,0.0,Horns Rev III
5,20,6.496002839559726,150.0,0.06854229557355603,80,70,2000,21.6706867715691,0,54,5,107,80,3600,376.3475702697831,0,0.0,0.0,0.0,0.0,0.0,1,0.0,3977.0770082360445,3977.0770082360445,231.83499749700127,80.0,Horns Rev III
5,21,6.496002839559726,150.0,0.06854229557355603,80,70,2000,21.6706867715691,0,54,5,107,80,3600,370.30946568924566,1,0.0,1222.7502537702374,1222.7502537702374,110.22825349620985,80.0,3,0.0,2094.2551020276983,1222.7502537702374,110.22825349620985,80.0,Horns Rev III
5,22,6.496002839559726,150.0,0.06854229557355603,80,70,2000,21.6706867715691,0,54,5,107,80,3600,376.3467187558073,0,0.0,0.0,0.0,0.0,0.0,0,0.0,0.0,0.0,0.0,0.0,Horns Rev III
5,23,6.496002839559726,150.0,0.06854229557355603,80,70,2000,21.6706867715691,0,54,5,107,80,3600,376.3484330278615,0,0.0,0.0,0.0,0.0,0.0,0,0.0,0.0,0.0,0.0,0.0,Horns Rev III
5,24,6.496002839559726,150.0,0.06854229557355603,80,70,2000,21.6706867715691,0,54,5,107,80,3600,376.3484330278615,0,0.0,0.0,0.0,0.0,0.0,0,0.0,0.0,0.0,0.0,0.0,Horns Rev III
5,25,6.496002839559726,150.0,0.06854229557355603,80,70,2000,21.6706867715691,0,54,5,107,80,3600,376.3484330278615,0,0.0,0.0,0.0,0.0,0.0,0,0.0,0.0,0.0,0.0,0.0,Horns Rev III
5,26,6.496002839559726,150.0,0.06854229557355603,80,70,2000,21.6706867715691,0,54,5,107,80,3600,255.73395264802892,3,1.0,5717.853754071498,922.7817667735169,95.86059462017158,80.0,7,1.0,6054.0619320492,922.7817667735169,95.86059462017158,80.0,Horns Rev III
5,27,6.496002839559726,150.0,0.06854229557355603,80,70,2000,21.6706867715691,0,54,5,107,80,3600,154.0646881817699,3,1.0,2342.1987682072872,784.5567614647675,28.56022459098608,80.0,3,1.0,2342.1987682072872,784.5567614647675,28.56022459098608,80.0,Horns Rev III
5,28,6.496002839559726,150.0,0.06854229557355603,80,70,2000,21.6706867715691,0,54,5,107,80,3600,143.43411060467835,6,1.0,4064.7593807518365,703.6748293284609,25.103202121596098,80.0,7,1.0,4680.015946348173,703.6748293284609,25.103202121596098,80.0,Horns Rev III
5,29,6.496002839559726,150.0,0.06854229557355603,80,70,2000,21.6706867715691,0,54,5,107,80,3600,121.84853690912202,2,1.0,2152.5948588865167,793.4514158512375,13.6395261134968,80.0,5,1.0,3368.961656296911,793.4514158512375,13.6395261134968,80.0,Horns Rev III
5,30,6.496002839559726,150.0,0.06854229557355603,80,70,2000,21.6706867715691,0,54,5,107,80,3600,183.20881916027855,2,1.0,1895.1068387355615,1351.0583065958194,58.758797934392874,80.0,4,1.0,3749.4727880465025,1351.0583065958194,58.758797934392874,80.0,Horns Rev III
5,31,6.496002839559726,150.0,0.06854229557355603,80,70,2000,21.6706867715691,0,54,5,107,80,3600,240.54432120864814,1,0.6158154170810632,3583.4235373551724,3583.4235373551724,30.734766633514937,80.0,3,0.6158154170810632,6614.556740310946,3583.4235373551724,30.734766633514937,80.0,Horns Rev III
5,32,6.496002839559726,150.0,0.06854229557355603,80,70,2000,21.6706867715691,0,54,5,107,80,3600,236.34295301046257,1,0.5809029583511347,2853.149477734468,2853.149477734468,33.52776333190923,80.0,1,0.5809029583511347,2853.149477734468,2853.149477734468,33.52776333190923,80.0,Horns Rev III
5,33,6.496002839559726,150.0,0.06854229557355603,80,70,2000,21.6706867715691,0,54,5,107,80,3600,376.3484330278615,0,0.0,0.0,0.0,0.0,0.0,0,0.0,0.0,0.0,0.0,0.0,Horns Rev III
5,34,6.496002839559726,150.0,0.06854229557355603,80,70,2000,21.6706867715691,0,54,5,107,80,3600,375.4376032315,0,0.0,0.0,0.0,0.0,0.0,2,0.0,2962.705379235107,1718.4786487509812,137.8308947770248,80.0,Horns Rev III
5,35,6.496002839559726,150.0,0.06854229557355603,80,70,2000,21.6706867715691,0,54,5,107,80,3600,157.5764271331186,2,1.0,2336.463010113779,1278.464034596842,31.97891202930964,80.0,2,1.0,2336.463010113779,1278.464034596842,31.97891202930964,80.0,Horns Rev III
5,36,6.496002839559726,150.0,0.06854229557355603,80,70,2000,21.6706867715691,0,54,5,107,80,3600,263.20924326582946,1,0.3414492169201587,694.6140788467823,694.6140788467823,52.684062646387304,80.0,1,0.3414492169201587,694.6140788467823,694.6140788467823,52.684062646387304,80.0,Horns Rev III
5,37,6.496002839559726,150.0,0.06854229557355603,80,70,2000,21.6706867715691,0,54,5,107,80,3600,256.0490788113481,1,0.3699201699964739,762.5468420851341,762.5468420851341,50.40638640028209,80.0,1,0.3699201699964739,762.5468420851341,762.5468420851341,50.40638640028209,80.0,Horns Rev III
5,38,6.496002839559726,150.0,0.06854229557355603,80,70,2000,21.6706867715691,0,54,5,107,80,3600,376.34658106259883,0,0.0,0.0,0.0,0.0,0.0,1,0.0,3288.0158922157907,3288.0158922157907,216.742156459258,80.0,Horns Rev III
5,39,6.496002839559726,150.0,0.06854229557355603,80,70,2000,21.6706867715691,0,54,5,107,80,3600,233.8170911258481,4,1.0,5494.0319669968485,677.9729867620649,118.03729876297047,80.0,7,1.0,7720.724191085183,4881.217207417133,81.86178686828953,80.0,Horns Rev III
5,40,6.496002839559726,150.0,0.06854229557355603,80,70,2000,21.6706867715691,0,54,5,107,80,3600,375.0899669636524,0,0.0,0.0,0.0,0.0,0.0,3,0.0,3177.7607384533344,2466.212419147685,173.23402352050402,80.0,Horns Rev III
5,41,6.496002839559726,150.0,0.06854229557355603,80,70,2000,21.6706867715691,0,54,5,107,80,3600,235.19070086530772,3,1.0,7516.226394278284,3454.589556398508,51.90287223119799,80.0,11,1.0,7642.455054196247,3454.589556398508,51.90287223119799,80.0,Horns Rev III
5,42,6.496002839559726,150.0,0.06854229557355603,80,70,2000,21.6706867715691,0,54,5,107,80,3600,376.3178969362426,0,0.0,0.0,0.0,0.0,0.0,1,0.0,2981.2279653533387,2981.2279653533387,186.30240441067576,80.0,Horns Rev III
5,43,6.496002839559726,150.0,0.06854229557355603,80,70,2000,21.6706867715691,0,54,5,107,80,3600,153.3639479409386,1,0.8853566963173343,922.6470972826994,922.6470972826994,9.171464294613259,80.0,1,0.8853566963173343,922.6470972826994,922.6470972826994,9.171464294613259,80.0,Horns Rev III
5,44,6.496002839559726,150.0,0.06854229557355603,80,70,2000,21.6706867715691,0,54,5,107,80,3600,275.9468388734202,2,0.5216425978236089,7192.607980946972,6916.001408570537,44.133448808158846,80.0,5,0.5216425978236089,6703.297326400844,4449.788989422852,217.36747232866287,80.0,Horns Rev III
5,45,6.496002839559726,150.0,0.06854229557355603,80,70,2000,21.6706867715691,0,54,5,107,80,3600,346.6962682208345,1,0.0,5353.402465621193,5353.402465621193,92.91735881902514,80.0,1,0.0,5353.402465621193,5353.402465621193,92.91735881902514,80.0,Horns Rev III
5,46,6.496002839559726,150.0,0.06854229557355603,80,70,2000,21.6706867715691,0,54,5,107,80,3600,330.70355957132085,1,0.01123371846566954,4704.430084185052,4704.430084185052,79.10130252274644,80.0,2,0.01123371846566954,3367.9131246676748,2031.3961651502975,147.71722972427074,80.0,Horns Rev III
5,47,6.496002839559726,150.0,0.06854229557355603,80,70,2000,21.6706867715691,0,54,5,107,80,3600,171.05709642307977,5,1.0,4033.3014617080494,860.9681856607339,114.14239943454004,80.0,6,1.0,4639.064636522997,860.9681856607339,114.14239943454004,80.0,Horns Rev III
5,48,6.496002839559726,150.0,0.06854229557355603,80,70,2000,21.6706867715691,0,54,5,107,80,3600,376.3484330278615,0,0.0,0.0,0.0,0.0,0.0,0,0.0,0.0,0.0,0.0,0.0,Horns Rev III
5,49,6.496002839559726,150.0,0.06854229557355603,80,70,2000,21.6706867715691,0,54,5,107,80,3600,188.6630304747197,5,1.0,5037.431668440791,2697.3421894189605,47.909998659278244,80.0,11,1.0,7169.757244238859,2697.3421894189605,47.909998659278244,80.0,Horns Rev III
5,50,6.496002839559726,150.0,0.06854229557355603,80,70,2000,21.6706867715691,0,54,5,107,80,3600,376.3484330278615,0,0.0,0.0,0.0,0.0,0.0,0,0.0,0.0,0.0,0.0,0.0,Horns Rev III
5,51,6.496002839559726,150.0,0.06854229557355603,80,70,2000,21.6706867715691,0,54,5,107,80,3600,258.9042222352278,2,0.4323794727390521,4698.714066269682,2878.9353082791586,45.409642180875835,80.0,6,0.4323794727390521,6373.334249137155,2878.9353082791586,45.409642180875835,80.0,Horns Rev III
5,52,6.496002839559726,150.0,0.06854229557355603,80,70,2000,21.6706867715691,0,54,5,107,80,3600,376.34727423503506,0,0.0,0.0,0.0,0.0,0.0,0,0.0,0.0,0.0,0.0,0.0,Horns Rev III
5,53,6.496002839559726,150.0,0.06854229557355603,80,70,2000,21.6706867715691,0,54,5,107,80,3600,376.3484330278615,0,0.0,0.0,0.0,0.0,0.0,0,0.0,0.0,0.0,0.0,0.0,Horns Rev III
5,54,6.496002839559726,150.0,0.06854229557355603,80,70,2000,21.6706867715691,0,54,5,107,80,3600,206.8239316187415,1,0.6995188681569701,2115.9979510338744,2115.9979510338744,24.038490547442393,80.0,1,0.6995188681569701,2115.9979510338744,2115.9979510338744,24.038490547442393,80.0,Horns Rev III
5,55,6.496002839559726,150.0,0.06854229557355603,80,70,2000,21.6706867715691,0,54,5,107,80,3600,373.211794558153,0,0.0,0.0,0.0,0.0,0.0,4,0.0,3965.4165950591446,2208.7675189036795,127.00819244110255,80.0,Horns Rev III
5,56,6.496002839559726,150.0,0.06854229557355603,80,70,2000,21.6706867715691,0,54,5,107,80,3600,178.36441934625987,1,0.9045918472508632,1757.172168175593,1757.172168175593,7.632652219930947,80.0,2,0.9045918472508632,2696.4590179145916,1757.172168175593,7.632652219930947,80.0,Horns Rev III
5,57,6.496002839559726,150.0,0.06854229557355603,80,70,2000,21.6706867715691,0,54,5,107,80,3600,374.17635765539126,0,0.0,0.0,0.0,0.0,0.0,1,0.0,3014.7087774474535,3014.7087774474535,135.71941542578088,80.0,Horns Rev III
5,58,6.496002839559726,150.0,0.06854229557355603,80,70,2000,21.6706867715691,0,54,5,107,80,3600,376.3484330278615,0,0.0,0.0,0.0,0.0,0.0,0,0.0,0.0,0.0,0.0,0.0,Horns Rev III
5,59,6.496002839559726,150.0,0.06854229557355603,80,70,2000,21.6706867715691,0,54,5,107,80,3600,313.19237170918666,2,0.1421053725996785,6862.611747504486,6463.197978933766,97.46503762741395,80.0,5,0.1421053725996785,5129.9985909309835,2950.7436455814322,166.09449027870187,80.0,Horns Rev III
5,60,6.496002839559726,150.0,0.06854229557355603,80,70,2000,21.6706867715691,0,54,5,107,80,3600,343.0634548648686,2,0.0,2820.6678878171033,1330.0539051404342,88.83948432399967,80.0,2,0.0,2820.6678878171033,1330.0539051404342,88.83948432399967,80.0,Horns Rev III
5,61,6.496002839559726,150.0,0.06854229557355603,80,70,2000,21.6706867715691,0,54,5,107,80,3600,179.2711508513297,1,0.6249788180275789,553.2131447528691,553.2131447528691,30.001694557793684,80.0,1,0.6249788180275789,553.2131447528691,553.2131447528691,30.001694557793684,80.0,Horns Rev III
5,62,6.496002839559726,150.0,0.06854229557355603,80,70,2000,21.6706867715691,0,54,5,107,80,3600,253.6823679421657,3,0.6482025059183399,4826.496005421691,2294.5775026257475,108.90224662046876,80.0,5,0.6482025059183399,5005.252734583545,2294.5775026257475,108.90224662046876,80.0,Horns Rev III
5,63,6.496002839559726,150.0,0.06854229557355603,80,70,2000,21.6706867715691,0,54,5,107,80,3600,136.81242094013774,1,0.8877664467282237,583.2323027839072,583.2323027839072,8.978684261742103,80.0,1,0.8877664467282237,583.2323027839072,583.2323027839072,8.978684261742103,80.0,Horns Rev III
5,64,6.496002839559726,150.0,0.06854229557355603,80,70,2000,21.6706867715691,0,54,5,107,80,3600,376.34843288349197,0,0.0,0.0,0.0,0.0,0.0,0,0.0,0.0,0.0,0.0,0.0,Horns Rev III
5,65,6.496002839559726,150.0,0.06854229557355603,80,70,2000,21.6706867715691,0,54,5,107,80,3600,376.3484328848207,0,0.0,0.0,0.0,0.0,0.0,0,0.0,0.0,0.0,0.0,0.0,Horns Rev III
5,66,6.496002839559726,150.0,0.06854229557355603,80,70,2000,21.6706867715691,0,54,5,107,80,3600,376.3484330278615,0,0.0,0.0,0.0,0.0,0.0,0,0.0,0.0,0.0,0.0,0.0,Horns Rev III
5,67,6.496002839559726,150.0,0.06854229557355603,80,70,2000,21.6706867715691,0,54,5,107,80,3600,376.34843302582567,0,0.0,0.0,0.0,0.0,0.0,0,0.0,0.0,0.0,0.0,0.0,Horns Rev III
5,68,6.496002839559726,150.0,0.06854229557355603,80,70,2000,21.6706867715691,0,54,5,107,80,3600,376.2602382024105,0,0.0,0.0,0.0,0.0,0.0,0,0.0,0.0,0.0,0.0,0.0,Horns Rev III
5,69,6.496002839559726,150.0,0.06854229557355603,80,70,2000,21.6706867715691,0,54,5,107,80,3600,318.7773635534054,1,0.11357389773723128,1749.8022309185644,1749.8022309185644,70.9140881810215,80.0,1,0.11357389773723128,1749.8022309185644,1749.8022309185644,70.9140881810215,80.0,Horns Rev III
5,70,6.496002839559726,150.0,0.06854229557355603,80,70,2000,21.6706867715691,0,54,5,107,80,3600,376.3328651304841,0,0.0,0.0,0.0,0.0,0.0,0,0.0,0.0,0.0,0.0,0.0,Horns Rev III
5,71,6.496002839559726,150.0,0.06854229557355603,80,70,2000,21.6706867715691,0,54,5,107,80,3600,332.0311077015612,1,0.0,5016.399290221648,5016.399290221648,80.22623398759652,80.0,2,0.0,4327.978403101348,3639.557515981047,140.89756983296752,80.0,Horns Rev III
5,72,6.496002839559726,150.0,0.06854229557355603,80,70,2000,21.6706867715691,0,54,5,107,80,3600,312.6662631211309,1,0.1527318818840982,475.93050227024094,475.93050227024094,67.78144944927215,80.0,3,0.1527318818840982,2690.5620035526913,475.93050227024094,67.78144944927215,80.0,Horns Rev III
5,73,6.496002839559726,150.0,0.06854229557355603,80,70,2000,21.6706867715691,0,54,5,107,80,3600,226.5387026917597,3,0.5002295449599373,2615.2107317004125,1191.1289361273077,39.981636403205016,80.0,4,0.5002295449599373,3482.510902038499,1191.1289361273077,39.981636403205016,80.0,Horns Rev III
5,74,6.496002839559726,150.0,0.06854229557355603,80,70,2000,21.6706867715691,0,54,5,107,80,3600,339.5795508228176,2,0.0,7530.495850142033,6651.9097660542375,96.52865438875278,80.0,7,0.0,7054.344372699248,4203.244220655068,199.89908563125982,80.0,Horns Rev III
5,75,6.496002839559726,150.0,0.06854229557355603,80,70,2000,21.6706867715691,0,54,5,107,80,3600,376.3484330278615,0,0.0,0.0,0.0,0.0,0.0,0,0.0,0.0,0.0,0.0,0.0,Horns Rev III
5,76,6.496002839559726,150.0,0.06854229557355603,80,70,2000,21.6706867715691,0,54,5,107,80,3600,104.35563835490501,3,1.0,2835.5627452990047,1400.499506041327,0.39359480882524167,80.0,9,1.0,4555.227421882895,1400.499506041327,0.39359480882524167,80.0,Horns Rev III
5,77,6.496002839559726,150.0,0.06854229557355603,80,70,2000,21.6706867715691,0,54,5,107,80,3600,364.2257611909266,1,0.0,6318.140039691189,6318.140039691189,118.78124005587733,80.0,3,0.0,7455.799447660534,6318.140039691189,118.78124005587733,80.0,Horns Rev III
5,78,6.496002839559726,150.0,0.06854229557355603,80,70,2000,21.6706867715691,0,54,5,107,80,3600,376.3484330278615,0,0.0,0.0,0.0,0.0,0.0,0,0.0,0.0,0.0,0.0,0.0,Horns Rev III
5,79,6.496002839559726,150.0,0.06854229557355603,80,70,2000,21.6706867715691,0,54,5,107,80,3600,374.3283639999153,0,0.0,0.0,0.0,0.0,0.0,1,0.0,4620.976684750722,4620.976684750722,146.20181007552583,80.0,Horns Rev III
6,0,13.154857815347212,150.0,0.05874199848292247,80,70,2000,24.671836349254882,240,169,9,154,100,6000,1977.0062984976414,0,0.0,0.0,0.0,0.0,0.0,0,0.0,0.0,0.0,0.0,0.0,Horns Rev III
6,1,13.154857815347212,150.0,0.05874199848292247,80,70,2000,24.671836349254882,240,169,9,154,100,6000,1976.884582974377,0,0.0,0.0,0.0,0.0,0.0,4,0.0,7671.624894636066,5029.091069522156,313.61290323249887,80.0,Horns Rev III
6,2,13.154857815347212,150.0,0.05874199848292247,80,70,2000,24.671836349254882,240,169,9,154,100,6000,1977.0062988293244,0,0.0,0.0,0.0,0.0,0.0,1,0.0,4128.053237633005,4128.053237633005,276.637577370906,80.0,Horns Rev III
6,3,13.154857815347212,150.0,0.05874199848292247,80,70,2000,24.671836349254882,240,169,9,154,100,6000,1977.0062988313578,0,0.0,0.0,0.0,0.0,0.0,0,0.0,0.0,0.0,0.0,0.0,Horns Rev III
6,4,13.154857815347212,150.0,0.05874199848292247,80,70,2000,24.671836349254882,240,169,9,154,100,6000,1977.0062988313578,0,0.0,0.0,0.0,0.0,0.0,0,0.0,0.0,0.0,0.0,0.0,Horns Rev III
6,5,13.154857815347212,150.0,0.05874199848292247,80,70,2000,24.671836349254882,240,169,9,154,100,6000,1977.0062988313578,0,0.0,0.0,0.0,0.0,0.0,0,0.0,0.0,0.0,0.0,0.0,Horns Rev III
6,6,13.154857815347212,150.0,0.05874199848292247,80,70,2000,24.671836349254882,240,169,9,154,100,6000,1965.7220216397272,1,0.10567967269972059,2124.802706042316,2124.802706042316,71.54562618402235,80.0,2,0.10567967269972059,3281.6225559644545,2124.802706042316,71.54562618402235,80.0,Horns Rev III
6,7,13.154857815347212,150.0,0.05874199848292247,80,70,2000,24.671836349254882,240,169,9,154,100,6000,1977.0062988313248,0,0.0,0.0,0.0,0.0,0.0,0,0.0,0.0,0.0,0.0,0.0,Horns Rev III
6,8,13.154857815347212,150.0,0.05874199848292247,80,70,2000,24.671836349254882,240,169,9,154,100,6000,1977.0062988313578,0,0.0,0.0,0.0,0.0,0.0,0,0.0,0.0,0.0,0.0,0.0,Horns Rev III
6,9,13.154857815347212,150.0,0.05874199848292247,80,70,2000,24.671836349254882,240,169,9,154,100,6000,1962.0325402407802,1,0.14228907156551146,6094.958696809057,6094.958696809057,68.61687427475908,80.0,4,0.14228907156551146,4430.635018337294,2047.3144644972924,121.37987633761145,80.0,Horns Rev III
6,10,13.154857815347212,150.0,0.05874199848292247,80,70,2000,24.671836349254882,240,169,9,154,100,6000,1907.0443399062208,3,0.9971720751550435,4300.004809318768,708.58150705878,91.81415477004657,80.0,7,0.9971720751550435,6171.439434890628,708.58150705878,91.81415477004657,80.0,Horns Rev III
6,11,13.154857815347212,150.0,0.05874199848292247,80,70,2000,24.671836349254882,240,169,9,154,100,6000,1977.0062988106445,0,0.0,0.0,0.0,0.0,0.0,0,0.0,0.0,0.0,0.0,0.0,Horns Rev III
6,12,13.154857815347212,150.0,0.05874199848292247,80,70,2000,24.671836349254882,240,169,9,154,100,6000,1977.0062988313578,0,0.0,0.0,0.0,0.0,0.0,0,0.0,0.0,0.0,0.0,0.0,Horns Rev III
6,13,13.154857815347212,150.0,0.05874199848292247,80,70,2000,24.671836349254882,240,169,9,154,100,6000,1977.0062988313578,0,0.0,0.0,0.0,0.0,0.0,0,0.0,0.0,0.0,0.0,0.0,Horns Rev III
6,14,13.154857815347212,150.0,0.05874199848292247,80,70,2000,24.671836349254882,240,169,9,154,100,6000,1866.7837324004768,2,0.7463392938173457,1859.0475616950682,999.8082373195775,117.53803828241229,80.0,4,0.7463392938173457,3219.387800557092,999.8082373195775,117.53803828241229,80.0,Horns Rev III
6,15,13.154857815347212,150.0,0.05874199848292247,80,70,2000,24.671836349254882,240,169,9,154,100,6000,1977.0062988021064,0,0.0,0.0,0.0,0.0,0.0,0,0.0,0.0,0.0,0.0,0.0,Horns Rev III
6,16,13.154857815347212,150.0,0.05874199848292247,80,70,2000,24.671836349254882,240,169,9,154,100,6000,1928.819182813058,1,0.5606576432531142,5595.823539622386,5595.823539622386,35.147388539750864,80.0,3,0.5606576432531142,5783.6096183438085,4237.877459423629,156.8342341896639,80.0,Horns Rev III
6,17,13.154857815347212,150.0,0.05874199848292247,80,70,2000,24.671836349254882,240,169,9,154,100,6000,1965.8337353935992,1,0.12437920686382994,1088.0970642794841,1088.0970642794841,70.0496634508936,80.0,1,0.12437920686382994,1088.0970642794841,1088.0970642794841,70.0496634508936,80.0,Horns Rev III
6,18,13.154857815347212,150.0,0.05874199848292247,80,70,2000,24.671836349254882,240,169,9,154,100,6000,1969.8680614385478,1,0.024070581416415847,1769.969715591115,1769.969715591115,78.07435348668673,80.0,1,0.024070581416415847,1769.969715591115,1769.969715591115,78.07435348668673,80.0,Horns Rev III
6,19,13.154857815347212,150.0,0.05874199848292247,80,70,2000,24.671836349254882,240,169,9,154,100,6000,1977.0062988313578,0,0.0,0.0,0.0,0.0,0.0,0,0.0,0.0,0.0,0.0,0.0,Horns Rev III
6,20,13.154857815347212,150.0,0.05874199848292247,80,70,2000,24.671836349254882,240,169,9,154,100,6000,1977.0062963600983,0,0.0,0.0,0.0,0.0,0.0,1,0.0,3977.0770082360445,3977.0770082360445,231.83499749700127,80.0,Horns Rev III
6,21,13.154857815347212,150.0,0.05874199848292247,80,70,2000,24.671836349254882,240,169,9,154,100,6000,1976.5690880210425,1,0.0,1222.7502537702374,1222.7502537702374,110.22825349620985,80.0,3,0.0,2094.2551020276983,1222.7502537702374,110.22825349620985,80.0,Horns Rev III
6,22,13.154857815347212,150.0,0.05874199848292247,80,70,2000,24.671836349254882,240,169,9,154,100,6000,1977.0062926846545,0,0.0,0.0,0.0,0.0,0.0,0,0.0,0.0,0.0,0.0,0.0,Horns Rev III
6,23,13.154857815347212,150.0,0.05874199848292247,80,70,2000,24.671836349254882,240,169,9,154,100,6000,1977.0062988313578,0,0.0,0.0,0.0,0.0,0.0,0,0.0,0.0,0.0,0.0,0.0,Horns Rev III
6,24,13.154857815347212,150.0,0.05874199848292247,80,70,2000,24.671836349254882,240,169,9,154,100,6000,1977.0062988313578,0,0.0,0.0,0.0,0.0,0.0,0,0.0,0.0,0.0,0.0,0.0,Horns Rev III
6,25,13.154857815347212,150.0,0.05874199848292247,80,70,2000,24.671836349254882,240,169,9,154,100,6000,1977.0062988313578,0,0.0,0.0,0.0,0.0,0.0,0,0.0,0.0,0.0,0.0,0.0,Horns Rev III
6,26,13.154857815347212,150.0,0.05874199848292247,80,70,2000,24.671836349254882,240,169,9,154,100,6000,1901.9407538139585,3,1.0,5717.853754071498,922.7817667735169,95.86059462017158,80.0,7,1.0,6054.0619320492,922.7817667735169,95.86059462017158,80.0,Horns Rev III
6,27,13.154857815347212,150.0,0.05874199848292247,80,70,2000,24.671836349254882,240,169,9,154,100,6000,1538.732390315615,3,1.0,2342.1987682072872,784.5567614647675,28.56022459098608,80.0,3,1.0,2342.1987682072872,784.5567614647675,28.56022459098608,80.0,Horns Rev III
6,28,13.154857815347212,150.0,0.05874199848292247,80,70,2000,24.671836349254882,240,169,9,154,100,6000,1359.275658807357,6,1.0,4064.7593807518365,703.6748293284609,25.103202121596098,80.0,7,1.0,4680.015946348173,703.6748293284609,25.103202121596098,80.0,Horns Rev III
6,29,13.154857815347212,150.0,0.05874199848292247,80,70,2000,24.671836349254882,240,169,9,154,100,6000,1436.4414290675936,2,1.0,2152.5948588865167,793.4514158512375,13.6395261134968,80.0,5,1.0,3368.961656296911,793.4514158512375,13.6395261134968,80.0,Horns Rev III
6,30,13.154857815347212,150.0,0.05874199848292247,80,70,2000,24.671836349254882,240,169,9,154,100,6000,1819.3210778098073,2,1.0,1895.1068387355615,1351.0583065958194,58.758797934392874,80.0,4,1.0,3749.4727880465025,1351.0583065958194,58.758797934392874,80.0,Horns Rev III
6,31,13.154857815347212,150.0,0.05874199848292247,80,70,2000,24.671836349254882,240,169,9,154,100,6000,1905.8744444418096,1,0.6158154170810632,3583.4235373551724,3583.4235373551724,30.734766633514937,80.0,3,0.6158154170810632,6614.556740310946,3583.4235373551724,30.734766633514937,80.0,Horns Rev III
6,32,13.154857815347212,150.0,0.05874199848292247,80,70,2000,24.671836349254882,240,169,9,154,100,6000,1904.789098277478,1,0.5809029583511347,2853.149477734468,2853.149477734468,33.52776333190923,80.0,1,0.5809029583511347,2853.149477734468,2853.149477734468,33.52776333190923,80.0,Horns Rev III
6,33,13.154857815347212,150.0,0.05874199848292247,80,70,2000,24.671836349254882,240,169,9,154,100,6000,1977.0062988313578,0,0.0,0.0,0.0,0.0,0.0,0,0.0,0.0,0.0,0.0,0.0,Horns Rev III
6,34,13.154857815347212,150.0,0.05874199848292247,80,70,2000,24.671836349254882,240,169,9,154,100,6000,1976.972065920882,0,0.0,0.0,0.0,0.0,0.0,2,0.0,2962.705379235107,1718.4786487509812,137.8308947770248,80.0,Horns Rev III
6,35,13.154857815347212,150.0,0.05874199848292247,80,70,2000,24.671836349254882,240,169,9,154,100,6000,1664.0036105249712,2,1.0,2336.463010113779,1278.464034596842,31.97891202930964,80.0,2,1.0,2336.463010113779,1278.464034596842,31.97891202930964,80.0,Horns Rev III
6,36,13.154857815347212,150.0,0.05874199848292247,80,70,2000,24.671836349254882,240,169,9,154,100,6000,1941.8162612599986,1,0.3414492169201587,694.6140788467823,694.6140788467823,52.684062646387304,80.0,1,0.3414492169201587,694.6140788467823,694.6140788467823,52.684062646387304,80.0,Horns Rev III
6,37,13.154857815347212,150.0,0.05874199848292247,80,70,2000,24.671836349254882,240,169,9,154,100,6000,1936.4849194191477,1,0.3699201699964739,762.5468420851341,762.5468420851341,50.40638640028209,80.0,1,0.3699201699964739,762.5468420851341,762.5468420851341,50.40638640028209,80.0,Horns Rev III
6,38,13.154857815347212,150.0,0.05874199848292247,80,70,2000,24.671836349254882,240,169,9,154,100,6000,1977.0062904925253,0,0.0,0.0,0.0,0.0,0.0,1,0.0,3288.0158922157907,3288.0158922157907,216.742156459258,80.0,Horns Rev III
6,39,13.154857815347212,150.0,0.05874199848292247,80,70,2000,24.671836349254882,240,169,9,154,100,6000,1847.2467294102876,4,1.0,5494.0319669968485,677.9729867620649,118.03729876297047,80.0,7,1.0,7720.724191085183,4881.217207417133,81.86178686828953,80.0,Horns Rev III
6,40,13.154857815347212,150.0,0.05874199848292247,80,70,2000,24.671836349254882,240,169,9,154,100,6000,1976.9509511171523,0,0.0,0.0,0.0,0.0,0.0,3,0.0,3177.7607384533344,2466.212419147685,173.23402352050402,80.0,Horns Rev III
6,41,13.154857815347212,150.0,0.05874199848292247,80,70,2000,24.671836349254882,240,169,9,154,100,6000,1884.2027248257161,3,1.0,7516.226394278284,3454.589556398508,51.90287223119799,80.0,11,1.0,7642.455054196247,3454.589556398508,51.90287223119799,80.0,Horns Rev III
6,42,13.154857815347212,150.0,0.05874199848292247,80,70,2000,24.671836349254882,240,169,9,154,100,6000,1977.0059651289716,0,0.0,0.0,0.0,0.0,0.0,1,0.0,2981.2279653533387,2981.2279653533387,186.30240441067576,80.0,Horns Rev III
6,43,13.154857815347212,150.0,0.05874199848292247,80,70,2000,24.671836349254882,240,169,9,154,100,6000,1756.1028967888865,1,0.8853566963173343,922.6470972826994,922.6470972826994,9.171464294613259,80.0,1,0.8853566963173343,922.6470972826994,922.6470972826994,9.171464294613259,80.0,Horns Rev III
6,44,13.154857815347212,150.0,0.05874199848292247,80,70,2000,24.671836349254882,240,169,9,154,100,6000,1917.1658905443528,2,0.5216425978236089,7192.607980946972,6916.001408570537,44.133448808158846,80.0,5,0.5216425978236089,6703.297326400844,4449.788989422852,217.36747232866287,80.0,Horns Rev III
6,45,13.154857815347212,150.0,0.05874199848292247,80,70,2000,24.671836349254882,240,169,9,154,100,6000,1972.2794057684644,1,0.0,5353.402465621193,5353.402465621193,92.91735881902514,80.0,1,0.0,5353.402465621193,5353.402465621193,92.91735881902514,80.0,Horns Rev III
6,46,13.154857815347212,150.0,0.05874199848292247,80,70,2000,24.671836349254882,240,169,9,154,100,6000,1968.041097611495,1,0.01123371846566954,4704.430084185052,4704.430084185052,79.10130252274644,80.0,2,0.01123371846566954,3367.9131246676748,2031.3961651502975,147.71722972427074,80.0,Horns Rev III
6,47,13.154857815347212,150.0,0.05874199848292247,80,70,2000,24.671836349254882,240,169,9,154,100,6000,1549.7489657526935,5,1.0,4033.3014617080494,860.9681856607339,114.14239943454004,80.0,6,1.0,4639.064636522997,860.9681856607339,114.14239943454004,80.0,Horns Rev III
6,48,13.154857815347212,150.0,0.05874199848292247,80,70,2000,24.671836349254882,240,169,9,154,100,6000,1977.0062988313578,0,0.0,0.0,0.0,0.0,0.0,0,0.0,0.0,0.0,0.0,0.0,Horns Rev III
6,49,13.154857815347212,150.0,0.05874199848292247,80,70,2000,24.671836349254882,240,169,9,154,100,6000,1673.5334909000435,5,1.0,5037.431668440791,2697.3421894189605,47.909998659278244,80.0,11,1.0,7169.757244238859,2697.3421894189605,47.909998659278244,80.0,Horns Rev III
6,50,13.154857815347212,150.0,0.05874199848292247,80,70,2000,24.671836349254882,240,169,9,154,100,6000,1977.0062988313578,0,0.0,0.0,0.0,0.0,0.0,0,0.0,0.0,0.0,0.0,0.0,Horns Rev III
6,51,13.154857815347212,150.0,0.05874199848292247,80,70,2000,24.671836349254882,240,169,9,154,100,6000,1927.173508218197,2,0.4323794727390521,4698.714066269682,2878.9353082791586,45.409642180875835,80.0,6,0.4323794727390521,6373.334249137155,2878.9353082791586,45.409642180875835,80.0,Horns Rev III
6,52,13.154857815347212,150.0,0.05874199848292247,80,70,2000,24.671836349254882,240,169,9,154,100,6000,1977.0062952896499,0,0.0,0.0,0.0,0.0,0.0,0,0.0,0.0,0.0,0.0,0.0,Horns Rev III
6,53,13.154857815347212,150.0,0.05874199848292247,80,70,2000,24.671836349254882,240,169,9,154,100,6000,1977.0062988313578,0,0.0,0.0,0.0,0.0,0.0,0,0.0,0.0,0.0,0.0,0.0,Horns Rev III
6,54,13.154857815347212,150.0,0.05874199848292247,80,70,2000,24.671836349254882,240,169,9,154,100,6000,1864.231842147351,1,0.6995188681569701,2115.9979510338744,2115.9979510338744,24.038490547442393,80.0,1,0.6995188681569701,2115.9979510338744,2115.9979510338744,24.038490547442393,80.0,Horns Rev III
6,55,13.154857815347212,150.0,0.05874199848292247,80,70,2000,24.671836349254882,240,169,9,154,100,6000,1976.2731312026476,0,0.0,0.0,0.0,0.0,0.0,4,0.0,3965.4165950591446,2208.7675189036795,127.00819244110255,80.0,Horns Rev III
6,56,13.154857815347212,150.0,0.05874199848292247,80,70,2000,24.671836349254882,240,169,9,154,100,6000,1804.0654475880672,1,0.9045918472508632,1757.172168175593,1757.172168175593,7.632652219930947,80.0,2,0.9045918472508632,2696.4590179145916,1757.172168175593,7.632652219930947,80.0,Horns Rev III
6,57,13.154857815347212,150.0,0.05874199848292247,80,70,2000,24.671836349254882,240,169,9,154,100,6000,1976.884303757495,0,0.0,0.0,0.0,0.0,0.0,1,0.0,3014.7087774474535,3014.7087774474535,135.71941542578088,80.0,Horns Rev III
6,58,13.154857815347212,150.0,0.05874199848292247,80,70,2000,24.671836349254882,240,169,9,154,100,6000,1977.0062988313578,0,0.0,0.0,0.0,0.0,0.0,0,0.0,0.0,0.0,0.0,0.0,Horns Rev III
6,59,13.154857815347212,150.0,0.05874199848292247,80,70,2000,24.671836349254882,240,169,9,154,100,6000,1961.0595453347592,2,0.1421053725996785,6862.611747504486,6463.197978933766,97.46503762741395,80.0,5,0.1421053725996785,5129.9985909309835,2950.7436455814322,166.09449027870187,80.0,Horns Rev III
6,60,13.154857815347212,150.0,0.05874199848292247,80,70,2000,24.671836349254882,240,169,9,154,100,6000,1972.5442841829426,2,0.0,2820.6678878171033,1330.0539051404342,88.83948432399967,80.0,2,0.0,2820.6678878171033,1330.0539051404342,88.83948432399967,80.0,Horns Rev III
6,61,13.154857815347212,150.0,0.05874199848292247,80,70,2000,24.671836349254882,240,169,9,154,100,6000,1842.0541371991571,1,0.6249788180275789,553.2131447528691,553.2131447528691,30.001694557793684,80.0,1,0.6249788180275789,553.2131447528691,553.2131447528691,30.001694557793684,80.0,Horns Rev III
6,62,13.154857815347212,150.0,0.05874199848292247,80,70,2000,24.671836349254882,240,169,9,154,100,6000,1911.8122197339571,3,0.6482025059183399,4826.496005421691,2294.5775026257475,108.90224662046876,80.0,5,0.6482025059183399,5005.252734583545,2294.5775026257475,108.90224662046876,80.0,Horns Rev III
6,63,13.154857815347212,150.0,0.05874199848292247,80,70,2000,24.671836349254882,240,169,9,154,100,6000,1719.9513212160412,1,0.8877664467282237,583.2323027839072,583.2323027839072,8.978684261742103,80.0,1,0.8877664467282237,583.2323027839072,583.2323027839072,8.978684261742103,80.0,Horns Rev III
6,64,13.154857815347212,150.0,0.05874199848292247,80,70,2000,24.671836349254882,240,169,9,154,100,6000,1977.0062988313437,0,0.0,0.0,0.0,0.0,0.0,0,0.0,0.0,0.0,0.0,0.0,Horns Rev III
6,65,13.154857815347212,150.0,0.05874199848292247,80,70,2000,24.671836349254882,240,169,9,154,100,6000,1977.006298831345,0,0.0,0.0,0.0,0.0,0.0,0,0.0,0.0,0.0,0.0,0.0,Horns Rev III
6,66,13.154857815347212,150.0,0.05874199848292247,80,70,2000,24.671836349254882,240,169,9,154,100,6000,1977.0062988313578,0,0.0,0.0,0.0,0.0,0.0,0,0.0,0.0,0.0,0.0,0.0,Horns Rev III
6,67,13.154857815347212,150.0,0.05874199848292247,80,70,2000,24.671836349254882,240,169,9,154,100,6000,1977.0062988313575,0,0.0,0.0,0.0,0.0,0.0,0,0.0,0.0,0.0,0.0,0.0,Horns Rev III
6,68,13.154857815347212,150.0,0.05874199848292247,80,70,2000,24.671836349254882,240,169,9,154,100,6000,1977.0034158916524,0,0.0,0.0,0.0,0.0,0.0,0,0.0,0.0,0.0,0.0,0.0,Horns Rev III
6,69,13.154857815347212,150.0,0.05874199848292247,80,70,2000,24.671836349254882,240,169,9,154,100,6000,1965.6578879984695,1,0.11357389773723128,1749.8022309185644,1749.8022309185644,70.9140881810215,80.0,1,0.11357389773723128,1749.8022309185644,1749.8022309185644,70.9140881810215,80.0,Horns Rev III
6,70,13.154857815347212,150.0,0.05874199848292247,80,70,2000,24.671836349254882,240,169,9,154,100,6000,1977.0061662487203,0,0.0,0.0,0.0,0.0,0.0,0,0.0,0.0,0.0,0.0,0.0,Horns Rev III
6,71,13.154857815347212,150.0,0.05874199848292247,80,70,2000,24.671836349254882,240,169,9,154,100,6000,1968.3368858059462,1,0.0,5016.399290221648,5016.399290221648,80.22623398759652,80.0,2,0.0,4327.978403101348,3639.557515981047,140.89756983296752,80.0,Horns Rev III
6,72,13.154857815347212,150.0,0.05874199848292247,80,70,2000,24.671836349254882,240,169,9,154,100,6000,1965.082004761402,1,0.1527318818840982,475.93050227024094,475.93050227024094,67.78144944927215,80.0,3,0.1527318818840982,2690.5620035526913,475.93050227024094,67.78144944927215,80.0,Horns Rev III
6,73,13.154857815347212,150.0,0.05874199848292247,80,70,2000,24.671836349254882,240,169,9,154,100,6000,1905.9921050507833,3,0.5002295449599373,2615.2107317004125,1191.1289361273077,39.981636403205016,80.0,4,0.5002295449599373,3482.510902038499,1191.1289361273077,39.981636403205016,80.0,Horns Rev III
6,74,13.154857815347212,150.0,0.05874199848292247,80,70,2000,24.671836349254882,240,169,9,154,100,6000,1967.6735395938567,2,0.0,7530.495850142033,6651.9097660542375,96.52865438875278,80.0,7,0.0,7054.344372699248,4203.244220655068,199.89908563125982,80.0,Horns Rev III
6,75,13.154857815347212,150.0,0.05874199848292247,80,70,2000,24.671836349254882,240,169,9,154,100,6000,1977.0062988313578,0,0.0,0.0,0.0,0.0,0.0,0,0.0,0.0,0.0,0.0,0.0,Horns Rev III
6,76,13.154857815347212,150.0,0.05874199848292247,80,70,2000,24.671836349254882,240,169,9,154,100,6000,1137.592896649317,3,1.0,2835.5627452990047,1400.499506041327,0.39359480882524167,80.0,9,1.0,4555.227421882895,1400.499506041327,0.39359480882524167,80.0,Horns Rev III
6,77,13.154857815347212,150.0,0.05874199848292247,80,70,2000,24.671836349254882,240,169,9,154,100,6000,1975.6728642291039,1,0.0,6318.140039691189,6318.140039691189,118.78124005587733,80.0,3,0.0,7455.799447660534,6318.140039691189,118.78124005587733,80.0,Horns Rev III
6,78,13.154857815347212,150.0,0.05874199848292247,80,70,2000,24.671836349254882,240,169,9,154,100,6000,1977.0062988313578,0,0.0,0.0,0.0,0.0,0.0,0,0.0,0.0,0.0,0.0,0.0,Horns Rev III
6,79,13.154857815347212,150.0,0.05874199848292247,80,70,2000,24.671836349254882,240,169,9,154,100,6000,1976.8949662296689,0,0.0,0.0,0.0,0.0,0.0,1,0.0,4620.976684750722,4620.976684750722,146.20181007552583,80.0,Horns Rev III
7,0,4.0809849672610605,90.0,0.0519944921485065,80,70,2000,22.43652705635785,300,142,5,154,105,7000,32.5216368664664,1,0.8556786306202359,2327.2037792427,2327.2037792427,11.545709550381135,80.0,1,0.8556786306202359,2327.2037792427,2327.2037792427,11.545709550381135,80.0,Horns Rev III
7,1,4.0809849672610605,90.0,0.0519944921485065,80,70,2000,22.43652705635785,300,142,5,154,105,7000,77.15024686694274,1,0.0,2614.5482450957643,2614.5482450957643,111.08448295481455,80.0,1,0.0,2614.5482450957643,2614.5482450957643,111.08448295481455,80.0,Horns Rev III
7,2,4.0809849672610605,90.0,0.0519944921485065,80,70,2000,22.43652705635785,300,142,5,154,105,7000,79.18617970248594,0,0.0,0.0,0.0,0.0,0.0,0,0.0,0.0,0.0,0.0,0.0,Horns Rev III
7,3,4.0809849672610605,90.0,0.0519944921485065,80,70,2000,22.43652705635785,300,142,5,154,105,7000,67.94685781392475,1,0.0075319028110378385,5883.451526315534,5883.451526315534,79.39744777511697,80.0,1,0.0075319028110378385,5883.451526315534,5883.451526315534,79.39744777511697,80.0,Horns Rev III
7,4,4.0809849672610605,90.0,0.0519944921485065,80,70,2000,22.43652705635785,300,142,5,154,105,7000,79.18617970248594,0,0.0,0.0,0.0,0.0,0.0,0,0.0,0.0,0.0,0.0,0.0,Horns Rev III
7,5,4.0809849672610605,90.0,0.0519944921485065,80,70,2000,22.43652705635785,300,142,5,154,105,7000,79.18617970248594,0,0.0,0.0,0.0,0.0,0.0,0,0.0,0.0,0.0,0.0,0.0,Horns Rev III
7,6,4.0809849672610605,90.0,0.0519944921485065,80,70,2000,22.43652705635785,300,142,5,154,105,7000,36.00085672640908,2,1.0,4729.441081697703,3231.316394277499,31.925891209393146,80.0,2,1.0,4729.441081697703,3231.316394277499,31.925891209393146,80.0,Horns Rev III
7,7,4.0809849672610605,90.0,0.0519944921485065,80,70,2000,22.43652705635785,300,142,5,154,105,7000,35.52669677299386,1,0.9314863602398038,3286.6011525527574,3286.6011525527574,5.481091180815689,80.0,4,0.9314863602398038,4962.88918503013,1726.781295752502,125.14359966106682,80.0,Horns Rev III
7,8,4.0809849672610605,90.0,0.0519944921485065,80,70,2000,22.43652705635785,300,142,5,154,105,7000,46.44974649893457,4,1.0,10059.27341839153,7727.354921992985,54.60878904070847,80.0,9,1.0,9456.815115097133,5119.2701835122425,177.75971612147893,80.0,Horns Rev III
7,9,4.0809849672610605,90.0,0.0519944921485065,80,70,2000,22.43652705635785,300,142,5,154,105,7000,75.0759816093943,1,0.0,956.9393481115112,956.9393481115112,93.57735099922883,80.0,4,0.0,3364.336446503614,956.9393481115112,93.57735099922883,80.0,Horns Rev III
7,10,4.0809849672610605,90.0,0.0519944921485065,80,70,2000,22.43652705635785,300,142,5,154,105,7000,77.70367094628632,1,0.0,2966.3904924674425,2966.3904924674425,117.50172882806564,80.0,1,0.0,2966.3904924674425,2966.3904924674425,117.50172882806564,80.0,Horns Rev III
7,11,4.0809849672610605,90.0,0.0519944921485065,80,70,2000,22.43652705635785,300,142,5,154,105,7000,79.18617970248594,0,0.0,0.0,0.0,0.0,0.0,0,0.0,0.0,0.0,0.0,0.0,Horns Rev III
7,12,4.0809849672610605,90.0,0.0519944921485065,80,70,2000,22.43652705635785,300,142,5,154,105,7000,36.18187138039516,1,0.9744520819280215,3522.1197975107934,3522.1197975107934,2.0438334457582745,80.0,4,0.9744520819280215,3907.81557423505,2464.354585896479,185.10522805433675,80.0,Horns Rev III
7,13,4.0809849672610605,90.0,0.0519944921485065,80,70,2000,22.43652705635785,300,142,5,154,105,7000,79.18617970248594,0,0.0,0.0,0.0,0.0,0.0,0,0.0,0.0,0.0,0.0,0.0,Horns Rev III
7,14,4.0809849672610605,90.0,0.0519944921485065,80,70,2000,22.43652705635785,300,142,5,154,105,7000,45.99248375895901,1,0.4535652275313658,1521.6286494844826,1521.6286494844826,43.71478179749074,80.0,4,0.4535652275313658,3082.2676270870725,1521.6286494844826,43.71478179749074,80.0,Horns Rev III
7,15,4.0809849672610605,90.0,0.0519944921485065,80,70,2000,22.43652705635785,300,142,5,154,105,7000,73.09142060600857,4,0.0,2163.1927424082533,774.2888109048363,109.23577492125347,80.0,5,0.0,2563.3183721241076,774.2888109048363,109.23577492125347,80.0,Horns Rev III
7,16,4.0809849672610605,90.0,0.0519944921485065,80,70,2000,22.43652705635785,300,142,5,154,105,7000,79.18617970248594,0,0.0,0.0,0.0,0.0,0.0,0,0.0,0.0,0.0,0.0,0.0,Horns Rev III
7,17,4.0809849672610605,90.0,0.0519944921485065,80,70,2000,22.43652705635785,300,142,5,154,105,7000,79.18617876279744,0,0.0,0.0,0.0,0.0,0.0,0,0.0,0.0,0.0,0.0,0.0,Horns Rev III
7,18,4.0809849672610605,90.0,0.0519944921485065,80,70,2000,22.43652705635785,300,142,5,154,105,7000,75.61696191478,1,0.0,2024.2197082014754,2024.2197082014754,99.72774009313397,80.0,1,0.0,2024.2197082014754,2024.2197082014754,99.72774009313397,80.0,Horns Rev III
7,19,4.0809849672610605,90.0,0.0519944921485065,80,70,2000,22.43652705635785,300,142,5,154,105,7000,79.18617970248594,0,0.0,0.0,0.0,0.0,0.0,0,0.0,0.0,0.0,0.0,0.0,Horns Rev III
7,20,4.0809849672610605,90.0,0.0519944921485065,80,70,2000,22.43652705635785,300,142,5,154,105,7000,78.79694286864424,0,0.0,0.0,0.0,0.0,0.0,2,0.0,4198.66299384454,4168.814206969342,143.0165708288558,80.0,Horns Rev III
7,21,4.0809849672610605,90.0,0.0519944921485065,80,70,2000,22.43652705635785,300,142,5,154,105,7000,75.55497848121091,1,0.0,3777.6946893826826,3777.6946893826826,104.37402638420532,80.0,1,0.0,3777.6946893826826,3777.6946893826826,104.37402638420532,80.0,Horns Rev III
7,22,4.0809849672610605,90.0,0.0519944921485065,80,70,2000,22.43652705635785,300,142,5,154,105,7000,30.55464646856876,1,0.8634200671222105,1940.3402532166801,1940.3402532166801,10.926394630223156,80.0,2,0.8634200671222105,2664.9361666496843,1940.3402532166801,10.926394630223156,80.0,Horns Rev III
7,23,4.0809849672610605,90.0,0.0519944921485065,80,70,2000,22.43652705635785,300,142,5,154,105,7000,77.57492174235324,0,0.0,0.0,0.0,0.0,0.0,11,0.0,7453.758885920979,1860.456104745157,166.0325810220089,80.0,Horns Rev III
7,24,4.0809849672610605,90.0,0.0519944921485065,80,70,2000,22.43652705635785,300,142,5,154,105,7000,78.3708013948881,1,0.0,1559.8198568002554,1559.8198568002554,119.66250848025112,80.0,2,0.0,4234.065226923733,1559.8198568002554,119.66250848025112,80.0,Horns Rev III
7,25,4.0809849672610605,90.0,0.0519944921485065,80,70,2000,22.43652705635785,300,142,5,154,105,7000,77.05652884789166,1,0.0,4268.174021695857,4268.174021695857,115.8957506129526,80.0,2,0.0,3451.127110733767,2634.080199771677,188.5658298302437,80.0,Horns Rev III
7,26,4.0809849672610605,90.0,0.0519944921485065,80,70,2000,22.43652705635785,300,142,5,154,105,7000,53.50735289287726,1,0.37261704376432264,3404.555860135006,3404.555860135006,50.19063649885419,80.0,3,0.37261704376432264,5724.996335803725,3404.555860135006,50.19063649885419,80.0,Horns Rev III
7,27,4.0809849672610605,90.0,0.0519944921485065,80,70,2000,22.43652705635785,300,142,5,154,105,7000,44.59147619637637,2,0.7190242883749434,4644.463821744022,3716.633950355579,80.4436070313684,80.0,5,0.7190242883749434,4660.819402540755,2195.0053008710966,124.15838882885913,80.0,Horns Rev III
7,28,4.0809849672610605,90.0,0.0519944921485065,80,70,2000,22.43652705635785,300,142,5,154,105,7000,79.18215590647607,0,0.0,0.0,0.0,0.0,0.0,2,0.0,6383.734962381364,6064.568223751849,212.66322194319108,80.0,Horns Rev III
7,29,4.0809849672610605,90.0,0.0519944921485065,80,70,2000,22.43652705635785,300,142,5,154,105,7000,79.18617968182218,0,0.0,0.0,0.0,0.0,0.0,0,0.0,0.0,0.0,0.0,0.0,Horns Rev III
7,30,4.0809849672610605,90.0,0.0519944921485065,80,70,2000,22.43652705635785,300,142,5,154,105,7000,79.18617970248594,0,0.0,0.0,0.0,0.0,0.0,0,0.0,0.0,0.0,0.0,0.0,Horns Rev III
7,31,4.0809849672610605,90.0,0.0519944921485065,80,70,2000,22.43652705635785,300,142,5,154,105,7000,18.167383760971024,2,1.0,2267.761256551894,1662.5256735787261,3.6932081095877365,80.0,4,1.0,2812.0451748791675,1225.113101792056,129.4321324015034,80.0,Horns Rev III
7,32,4.0809849672610605,90.0,0.0519944921485065,80,70,2000,22.43652705635785,300,142,5,154,105,7000,72.96130887220833,1,0.0,2540.3797204348957,2540.3797204348957,90.7179900510232,80.0,1,0.0,2540.3797204348957,2540.3797204348957,90.7179900510232,80.0,Horns Rev III
7,33,4.0809849672610605,90.0,0.0519944921485065,80,70,2000,22.43652705635785,300,142,5,154,105,7000,79.18617970248594,0,0.0,0.0,0.0,0.0,0.0,0,0.0,0.0,0.0,0.0,0.0,Horns Rev III
7,34,4.0809849672610605,90.0,0.0519944921485065,80,70,2000,22.43652705635785,300,142,5,154,105,7000,72.68220207115984,2,0.0,6469.034591370204,6166.163553272141,116.07964887749517,80.0,4,0.0,5618.6605009096675,4213.859018296003,134.33737015165465,80.0,Horns Rev III
7,35,4.0809849672610605,90.0,0.0519944921485065,80,70,2000,22.43652705635785,300,142,5,154,105,7000,33.83359952868305,2,0.754534532956311,2431.762471096881,1928.9082835050067,23.216638710349443,80.0,5,0.754534532956311,5807.575588927022,1928.9082835050067,23.216638710349443,80.0,Horns Rev III
7,36,4.0809849672610605,90.0,0.0519944921485065,80,70,2000,22.43652705635785,300,142,5,154,105,7000,46.659453144653426,1,0.9323505897889681,7095.767551795929,7095.767551795929,5.411952816882543,80.0,6,0.9323505897889681,7454.077623173653,4572.953365783673,174.2403727434567,80.0,Horns Rev III
7,37,4.0809849672610605,90.0,0.0519944921485065,80,70,2000,22.43652705635785,300,142,5,154,105,7000,36.614549631136484,1,0.6406640807981564,1698.1193625170272,1698.1193625170272,28.74687353614749,80.0,5,0.6406640807981564,4389.588519719919,1698.1193625170272,28.74687353614749,80.0,Horns Rev III
7,38,4.0809849672610605,90.0,0.0519944921485065,80,70,2000,22.43652705635785,300,142,5,154,105,7000,79.18426510100969,0,0.0,0.0,0.0,0.0,0.0,2,0.0,4132.485993354872,2916.4812464627903,194.280175578781,80.0,Horns Rev III
7,39,4.0809849672610605,90.0,0.0519944921485065,80,70,2000,22.43652705635785,300,142,5,154,105,7000,79.18429462978584,0,0.0,0.0,0.0,0.0,0.0,1,0.0,3384.5713317581685,3384.5713317581685,198.5824636993936,80.0,Horns Rev III
7,40,4.0809849672610605,90.0,0.0519944921485065,80,70,2000,22.43652705635785,300,142,5,154,105,7000,34.60187638820287,3,1.0,2204.530138800425,583.355158069171,66.53545154631126,80.0,7,1.0,5651.542437311977,583.355158069171,66.53545154631126,80.0,Horns Rev III
7,41,4.0809849672610605,90.0,0.0519944921485065,80,70,2000,22.43652705635785,300,142,5,154,105,7000,38.684682024949886,2,0.9857194513315433,2955.1578602808877,1647.8837377330055,109.94203906133801,80.0,2,0.9857194513315433,2955.1578602808877,1647.8837377330055,109.94203906133801,80.0,Horns Rev III
7,42,4.0809849672610605,90.0,0.0519944921485065,80,70,2000,22.43652705635785,300,142,5,154,105,7000,47.48926824439523,1,0.4723618565127194,2603.235934875207,2603.235934875207,42.21105147898245,80.0,1,0.4723618565127194,2603.235934875207,2603.235934875207,42.21105147898245,80.0,Horns Rev III
7,43,4.0809849672610605,90.0,0.0519944921485065,80,70,2000,22.43652705635785,300,142,5,154,105,7000,79.18617970248594,0,0.0,0.0,0.0,0.0,0.0,0,0.0,0.0,0.0,0.0,0.0,Horns Rev III
7,44,4.0809849672610605,90.0,0.0519944921485065,80,70,2000,22.43652705635785,300,142,5,154,105,7000,41.61971868766151,2,0.7681260614306769,5994.834207242704,4511.638961008983,18.549915085545845,80.0,2,0.7681260614306769,5994.834207242704,4511.638961008983,18.549915085545845,80.0,Horns Rev III
7,45,4.0809849672610605,90.0,0.0519944921485065,80,70,2000,22.43652705635785,300,142,5,154,105,7000,79.18617970248594,0,0.0,0.0,0.0,0.0,0.0,0,0.0,0.0,0.0,0.0,0.0,Horns Rev III
7,46,4.0809849672610605,90.0,0.0519944921485065,80,70,2000,22.43652705635785,300,142,5,154,105,7000,79.12352676180832,0,0.0,0.0,0.0,0.0,0.0,1,0.0,1530.050888328813,1530.050888328813,148.88754487968953,80.0,Horns Rev III
7,47,4.0809849672610605,90.0,0.0519944921485065,80,70,2000,22.43652705635785,300,142,5,154,105,7000,79.18377177675264,0,0.0,0.0,0.0,0.0,0.0,2,0.0,5106.511122860189,3840.217948620091,229.4096726793803,80.0,Horns Rev III
7,48,4.0809849672610605,90.0,0.0519944921485065,80,70,2000,22.43652705635785,300,142,5,154,105,7000,79.18617970248594,0,0.0,0.0,0.0,0.0,0.0,0,0.0,0.0,0.0,0.0,0.0,Horns Rev III
7,49,4.0809849672610605,90.0,0.0519944921485065,80,70,2000,22.43652705635785,300,142,5,154,105,7000,31.050118068937284,1,0.7102087318780861,1210.4711659463355,1210.4711659463355,23.18330144975312,80.0,2,0.7102087318780861,2517.7452884942177,1210.4711659463355,23.18330144975312,80.0,Horns Rev III
7,50,4.0809849672610605,90.0,0.0519944921485065,80,70,2000,22.43652705635785,300,142,5,154,105,7000,79.18617970248594,0,0.0,0.0,0.0,0.0,0.0,0,0.0,0.0,0.0,0.0,0.0,Horns Rev III
7,51,4.0809849672610605,90.0,0.0519944921485065,80,70,2000,22.43652705635785,300,142,5,154,105,7000,79.18617905010134,0,0.0,0.0,0.0,0.0,0.0,0,0.0,0.0,0.0,0.0,0.0,Horns Rev III
7,52,4.0809849672610605,90.0,0.0519944921485065,80,70,2000,22.43652705635785,300,142,5,154,105,7000,50.902455418219915,3,0.710782530729212,4324.328664584667,1419.6472913617035,119.64172404631998,80.0,6,0.710782530729212,5585.716522324869,1419.6472913617035,119.64172404631998,80.0,Horns Rev III
7,53,4.0809849672610605,90.0,0.0519944921485065,80,70,2000,22.43652705635785,300,142,5,154,105,7000,66.71962602926418,1,0.08396637436235128,878.3281934320694,878.3281934320694,73.2826900510119,80.0,3,0.08396637436235128,3437.7609247122505,878.3281934320694,73.2826900510119,80.0,Horns Rev III
7,54,4.0809849672610605,90.0,0.0519944921485065,80,70,2000,22.43652705635785,300,142,5,154,105,7000,76.25484308522526,2,0.0,2157.8634710797924,1488.0259781967616,106.55483935866532,80.0,7,0.0,4786.611635551804,1488.0259781967616,106.55483935866532,80.0,Horns Rev III
7,55,4.0809849672610605,90.0,0.0519944921485065,80,70,2000,22.43652705635785,300,142,5,154,105,7000,79.18524079012394,0,0.0,0.0,0.0,0.0,0.0,1,0.0,4715.122319458867,4715.122319458867,224.94852176122282,80.0,Horns Rev III
7,56,4.0809849672610605,90.0,0.0519944921485065,80,70,2000,22.43652705635785,300,142,5,154,105,7000,41.414035775922095,2,0.4533373786020082,896.5718955370248,457.40779882099014,43.733009711839344,80.0,4,0.4533373786020082,3035.728492355178,457.40779882099014,43.733009711839344,80.0,Horns Rev III
7,57,4.0809849672610605,90.0,0.0519944921485065,80,70,2000,22.43652705635785,300,142,5,154,105,7000,79.18586950752739,0,0.0,0.0,0.0,0.0,0.0,2,0.0,4956.691070011584,3850.5191774751293,219.1997202411287,80.0,Horns Rev III
7,58,4.0809849672610605,90.0,0.0519944921485065,80,70,2000,22.43652705635785,300,142,5,154,105,7000,79.18617642173525,0,0.0,0.0,0.0,0.0,0.0,0,0.0,0.0,0.0,0.0,0.0,Horns Rev III
7,59,4.0809849672610605,90.0,0.0519944921485065,80,70,2000,22.43652705635785,300,142,5,154,105,7000,78.09829364772297,0,0.0,0.0,0.0,0.0,0.0,1,0.0,2855.8255506679416,2855.8255506679416,121.84732547495462,80.0,Horns Rev III
7,60,4.0809849672610605,90.0,0.0519944921485065,80,70,2000,22.43652705635785,300,142,5,154,105,7000,22.58650055910991,2,1.0,1568.3788851765567,1339.6749857660616,7.428655135445543,80.0,6,1.0,3848.3499335808833,1339.6749857660616,7.428655135445543,80.0,Horns Rev III
7,61,4.0809849672610605,90.0,0.0519944921485065,80,70,2000,22.43652705635785,300,142,5,154,105,7000,78.90881801102188,0,0.0,0.0,0.0,0.0,0.0,4,0.0,3920.144450518448,2187.927161242813,137.05177015811245,80.0,Horns Rev III
7,62,4.0809849672610605,90.0,0.0519944921485065,80,70,2000,22.43652705635785,300,142,5,154,105,7000,34.280068106267095,1,0.9477133151376689,2996.2493748404086,2996.2493748404086,4.18293478898649,80.0,1,0.9477133151376689,2996.2493748404086,2996.2493748404086,4.18293478898649,80.0,Horns Rev III
7,63,4.0809849672610605,90.0,0.0519944921485065,80,70,2000,22.43652705635785,300,142,5,154,105,7000,22.48106748281592,1,0.7936777626397102,605.7420761961257,605.7420761961257,16.505778988823185,80.0,1,0.7936777626397102,605.7420761961257,605.7420761961257,16.505778988823185,80.0,Horns Rev III
7,64,4.0809849672610605,90.0,0.0519944921485065,80,70,2000,22.43652705635785,300,142,5,154,105,7000,79.18617970248594,0,0.0,0.0,0.0,0.0,0.0,0,0.0,0.0,0.0,0.0,0.0,Horns Rev III
7,65,4.0809849672610605,90.0,0.0519944921485065,80,70,2000,22.43652705635785,300,142,5,154,105,7000,79.1861797024821,0,0.0,0.0,0.0,0.0,0.0,0,0.0,0.0,0.0,0.0,0.0,Horns Rev III
7,66,4.0809849672610605,90.0,0.0519944921485065,80,70,2000,22.43652705635785,300,142,5,154,105,7000,75.099147929147,1,0.0,624.0980972790858,624.0980972790858,92.01808376424026,80.0,1,0.0,624.0980972790858,624.0980972790858,92.01808376424026,80.0,Horns Rev III
7,67,4.0809849672610605,90.0,0.0519944921485065,80,70,2000,22.43652705635785,300,142,5,154,105,7000,78.98058143202661,0,0.0,0.0,0.0,0.0,0.0,4,0.0,6784.024391353247,4304.940754867857,153.19708953145812,80.0,Horns Rev III
7,68,4.0809849672610605,90.0,0.0519944921485065,80,70,2000,22.43652705635785,300,142,5,154,105,7000,52.76199061691078,1,0.411980768339718,4136.0936284672935,4136.0936284672935,47.041538532822564,80.0,1,0.411980768339718,4136.0936284672935,4136.0936284672935,47.041538532822564,80.0,Horns Rev III
7,69,4.0809849672610605,90.0,0.0519944921485065,80,70,2000,22.43652705635785,300,142,5,154,105,7000,79.18617970248594,0,0.0,0.0,0.0,0.0,0.0,0,0.0,0.0,0.0,0.0,0.0,Horns Rev III
7,70,4.0809849672610605,90.0,0.0519944921485065,80,70,2000,22.43652705635785,300,142,5,154,105,7000,79.1861796966575,0,0.0,0.0,0.0,0.0,0.0,0,0.0,0.0,0.0,0.0,0.0,Horns Rev III
7,71,4.0809849672610605,90.0,0.0519944921485065,80,70,2000,22.43652705635785,300,142,5,154,105,7000,76.34176415409783,1,0.0,1855.6597427768866,1855.6597427768866,102.92166396137293,80.0,1,0.0,1855.6597427768866,1855.6597427768866,102.92166396137293,80.0,Horns Rev III
7,72,4.0809849672610605,90.0,0.0519944921485065,80,70,2000,22.43652705635785,300,142,5,154,105,7000,75.78588500174874,2,0.0,2930.9679639213136,1005.708375183749,99.63723736349512,80.0,2,0.0,2930.9679639213136,1005.708375183749,99.63723736349512,80.0,Horns Rev III
7,73,4.0809849672610605,90.0,0.0519944921485065,80,70,2000,22.43652705635785,300,142,5,154,105,7000,64.33326101243503,1,0.12444124037864537,4430.3730029474245,4430.3730029474245,70.04470076970837,80.0,2,0.12444124037864537,3665.347558783018,2900.3221146186115,218.9322456493979,80.0,Horns Rev III
7,74,4.0809849672610605,90.0,0.0519944921485065,80,70,2000,22.43652705635785,300,142,5,154,105,7000,79.18617962796321,0,0.0,0.0,0.0,0.0,0.0,0,0.0,0.0,0.0,0.0,0.0,Horns Rev III
7,75,4.0809849672610605,90.0,0.0519944921485065,80,70,2000,22.43652705635785,300,142,5,154,105,7000,79.18617970248594,0,0.0,0.0,0.0,0.0,0.0,0,0.0,0.0,0.0,0.0,0.0,Horns Rev III
7,76,4.0809849672610605,90.0,0.0519944921485065,80,70,2000,22.43652705635785,300,142,5,154,105,7000,79.18617970248594,0,0.0,0.0,0.0,0.0,0.0,0,0.0,0.0,0.0,0.0,0.0,Horns Rev III
7,77,4.0809849672610605,90.0,0.0519944921485065,80,70,2000,22.43652705635785,300,142,5,154,105,7000,79.18617970248594,0,0.0,0.0,0.0,0.0,0.0,0,0.0,0.0,0.0,0.0,0.0,Horns Rev III
7,78,4.0809849672610605,90.0,0.0519944921485065,80,70,2000,22.43652705635785,300,142,5,154,105,7000,24.304735907067478,2,1.0,2255.1755730742007,1952.3045349761378,18.25772127415949,80.0,2,1.0,2255.1755730742007,1952.3045349761378,18.25772127415949,80.0,Horns Rev III
7,79,4.0809849672610605,90.0,0.0519944921485065,80,70,2000,22.43652705635785,300,142,5,154,105,7000,79.18617970248594,0,0.0,0.0,0.0,0.0,0.0,0,0.0,0.0,0.0,0.0,0.0,Horns Rev III
8,0,10.256153155481831,0.0,0.0675349465323004,80,70,2000,34.91828854664145,270,146,10,154,105,7000,1442.3534454921,1,0.0,479.77990182489157,479.77990182489157,91.05886153783655,80.0,1,0.0,479.77990182489157,479.77990182489157,91.05886153783655,80.0,Horns Rev III
8,1,10.256153155481831,0.0,0.0675349465323004,80,70,2000,34.91828854664145,270,146,10,154,105,7000,1488.243504437797,0,0.0,0.0,0.0,0.0,0.0,0,0.0,0.0,0.0,0.0,0.0,Horns Rev III
8,2,10.256153155481831,0.0,0.0675349465323004,80,70,2000,34.91828854664145,270,146,10,154,105,7000,1488.243504437797,0,0.0,0.0,0.0,0.0,0.0,0,0.0,0.0,0.0,0.0,0.0,Horns Rev III
8,3,10.256153155481831,0.0,0.0675349465323004,80,70,2000,34.91828854664145,270,146,10,154,105,7000,977.8711144369543,3,0.5081306888314402,3176.42372671701,533.2392844259739,85.34541534178432,80.0,6,0.5081306888314402,4153.715598540381,533.2392844259739,85.34541534178432,80.0,Horns Rev III
8,4,10.256153155481831,0.0,0.0675349465323004,80,70,2000,34.91828854664145,270,146,10,154,105,7000,1488.2434999899415,0,0.0,0.0,0.0,0.0,0.0,0,0.0,0.0,0.0,0.0,0.0,Horns Rev III
8,5,10.256153155481831,0.0,0.0675349465323004,80,70,2000,34.91828854664145,270,146,10,154,105,7000,929.9364059548834,2,0.8617642307770431,3133.88996718172,2894.000016269274,63.53508683678193,80.0,2,0.8617642307770431,3133.88996718172,2894.000016269274,63.53508683678193,80.0,Horns Rev III
8,6,10.256153155481831,0.0,0.0675349465323004,80,70,2000,34.91828854664145,270,146,10,154,105,7000,1488.2433060299527,0,0.0,0.0,0.0,0.0,0.0,0,0.0,0.0,0.0,0.0,0.0,Horns Rev III
8,7,10.256153155481831,0.0,0.0675349465323004,80,70,2000,34.91828854664145,270,146,10,154,105,7000,1362.3316585858836,2,0.0,4017.523967236746,1779.8723514387384,82.42278010549511,80.0,3,0.0,4978.794665501763,1779.8723514387384,82.42278010549511,80.0,Horns Rev III
8,8,10.256153155481831,0.0,0.0675349465323004,80,70,2000,34.91828854664145,270,146,10,154,105,7000,900.8851669100368,2,0.608716184594957,2927.1956003569067,1643.1598240155727,31.302705232403444,80.0,2,0.608716184594957,2927.1956003569067,1643.1598240155727,31.302705232403444,80.0,Horns Rev III
8,9,10.256153155481831,0.0,0.0675349465323004,80,70,2000,34.91828854664145,270,146,10,154,105,7000,1487.4063614503757,0,0.0,0.0,0.0,0.0,0.0,0,0.0,0.0,0.0,0.0,0.0,Horns Rev III
8,10,10.256153155481831,0.0,0.0675349465323004,80,70,2000,34.91828854664145,270,146,10,154,105,7000,1488.243504437797,0,0.0,0.0,0.0,0.0,0.0,0,0.0,0.0,0.0,0.0,0.0,Horns Rev III
8,11,10.256153155481831,0.0,0.0675349465323004,80,70,2000,34.91828854664145,270,146,10,154,105,7000,1388.2941939496286,1,0.0,3184.422146419063,3184.422146419063,86.13989002048,80.0,1,0.0,3184.422146419063,3184.422146419063,86.13989002048,80.0,Horns Rev III
8,12,10.256153155481831,0.0,0.0675349465323004,80,70,2000,34.91828854664145,270,146,10,154,105,7000,986.0773220254488,3,0.8255309029802591,4700.14055980773,4161.790434311144,34.28111784451124,80.0,4,0.8255309029802591,5416.317325640935,4161.790434311144,34.28111784451124,80.0,Horns Rev III
8,13,10.256153155481831,0.0,0.0675349465323004,80,70,2000,34.91828854664145,270,146,10,154,105,7000,1486.758570108158,0,0.0,0.0,0.0,0.0,0.0,2,0.0,4577.913076851983,3926.0964256050065,202.23180187062778,80.0,Horns Rev III
8,14,10.256153155481831,0.0,0.0675349465323004,80,70,2000,34.91828854664145,270,146,10,154,105,7000,1475.9951085228065,0,0.0,0.0,0.0,0.0,0.0,1,0.0,2559.650715709664,2559.650715709664,121.48689905030218,80.0,Horns Rev III
8,15,10.256153155481831,0.0,0.0675349465323004,80,70,2000,34.91828854664145,270,146,10,154,105,7000,1488.2435044377273,0,0.0,0.0,0.0,0.0,0.0,0,0.0,0.0,0.0,0.0,0.0,Horns Rev III
8,16,10.256153155481831,0.0,0.0675349465323004,80,70,2000,34.91828854664145,270,146,10,154,105,7000,1488.1751755019134,0,0.0,0.0,0.0,0.0,0.0,1,0.0,2027.8536480525509,2027.8536480525509,175.69096161343597,80.0,Horns Rev III
8,17,10.256153155481831,0.0,0.0675349465323004,80,70,2000,34.91828854664145,270,146,10,154,105,7000,1480.2364010990798,0,0.0,0.0,0.0,0.0,0.0,1,0.0,3189.54382082168,3189.54382082168,131.25906151824205,80.0,Horns Rev III
8,18,10.256153155481831,0.0,0.0675349465323004,80,70,2000,34.91828854664145,270,146,10,154,105,7000,1149.5410035087614,4,0.2188624774324138,4232.145675367443,793.5543708894402,62.491001805406896,80.0,4,0.2188624774324138,4232.145675367443,793.5543708894402,62.491001805406896,80.0,Horns Rev III
8,19,10.256153155481831,0.0,0.0675349465323004,80,70,2000,34.91828854664145,270,146,10,154,105,7000,1218.8239439451352,1,0.2521587837283691,2711.7639317084104,2711.7639317084104,59.827297301730475,80.0,1,0.2521587837283691,2711.7639317084104,2711.7639317084104,59.827297301730475,80.0,Horns Rev III
8,20,10.256153155481831,0.0,0.0675349465323004,80,70,2000,34.91828854664145,270,146,10,154,105,7000,1443.6623834326024,1,0.0,3115.0099910758436,3115.0099910758436,102.56900641485079,80.0,1,0.0,3115.0099910758436,3115.0099910758436,102.56900641485079,80.0,Horns Rev III
8,21,10.256153155481831,0.0,0.0675349465323004,80,70,2000,34.91828854664145,270,146,10,154,105,7000,1185.6206166512266,1,0.2664461632783047,766.7419349281117,766.7419349281117,58.68430693773562,80.0,2,0.2664461632783047,2850.1861109263264,766.7419349281117,58.68430693773562,80.0,Horns Rev III
8,22,10.256153155481831,0.0,0.0675349465323004,80,70,2000,34.91828854664145,270,146,10,154,105,7000,1488.243504437797,0,0.0,0.0,0.0,0.0,0.0,0,0.0,0.0,0.0,0.0,0.0,Horns Rev III
8,23,10.256153155481831,0.0,0.0675349465323004,80,70,2000,34.91828854664145,270,146,10,154,105,7000,1444.2431804980527,1,0.0,2156.5700649851933,2156.5700649851933,100.19771137356265,80.0,3,0.0,3798.1976259928197,2156.5700649851933,100.19771137356265,80.0,Horns Rev III
8,24,10.256153155481831,0.0,0.0675349465323004,80,70,2000,34.91828854664145,270,146,10,154,105,7000,1471.0018587337881,0,0.0,0.0,0.0,0.0,0.0,4,0.0,3819.5497577965725,2224.2965613836423,183.10228452528855,80.0,Horns Rev III
8,25,10.256153155481831,0.0,0.0675349465323004,80,70,2000,34.91828854664145,270,146,10,154,105,7000,1043.0288299668184,1,0.4250516193962559,1288.93177070003,1288.93177070003,45.99587044829953,80.0,5,0.4250516193962559,4344.571576937288,1288.93177070003,45.99587044829953,80.0,Horns Rev III
8,26,10.256153155481831,0.0,0.0675349465323004,80,70,2000,34.91828854664145,270,146,10,154,105,7000,1488.243504437797,0,0.0,0.0,0.0,0.0,0.0,0,0.0,0.0,0.0,0.0,0.0,Horns Rev III
8,27,10.256153155481831,0.0,0.0675349465323004,80,70,2000,34.91828854664145,270,146,10,154,105,7000,1486.4469033318046,0,0.0,0.0,0.0,0.0,0.0,2,0.0,4261.312388106249,4094.8872640542686,279.97949150577136,80.0,Horns Rev III
8,28,10.256153155481831,0.0,0.0675349465323004,80,70,2000,34.91828854664145,270,146,10,154,105,7000,1426.6130850608604,1,0.0,811.7265933407471,811.7265933407471,88.682012475212,80.0,1,0.0,811.7265933407471,811.7265933407471,88.682012475212,80.0,Horns Rev III
8,29,10.256153155481831,0.0,0.0675349465323004,80,70,2000,34.91828854664145,270,146,10,154,105,7000,1317.6102465505892,1,0.09254641401493782,2433.4243782367557,2433.4243782367557,72.59628687880497,80.0,1,0.09254641401493782,2433.4243782367557,2433.4243782367557,72.59628687880497,80.0,Horns Rev III
8,30,10.256153155481831,0.0,0.0675349465323004,80,70,2000,34.91828854664145,270,146,10,154,105,7000,1191.6577879341323,1,0.25378032812004614,429.52395783085376,429.52395783085376,59.69757375039631,80.0,1,0.25378032812004614,429.52395783085376,429.52395783085376,59.69757375039631,80.0,Horns Rev III
8,31,10.256153155481831,0.0,0.0675349465323004,80,70,2000,34.91828854664145,270,146,10,154,105,7000,1488.243504437797,0,0.0,0.0,0.0,0.0,0.0,0,0.0,0.0,0.0,0.0,0.0,Horns Rev III
8,32,10.256153155481831,0.0,0.0675349465323004,80,70,2000,34.91828854664145,270,146,10,154,105,7000,1089.0350242100062,2,0.4552584661942037,3804.738305387553,3589.976326472126,43.579322704463706,80.0,5,0.4552584661942037,5159.75940667484,3589.976326472126,43.579322704463706,80.0,Horns Rev III
8,33,10.256153155481831,0.0,0.0675349465323004,80,70,2000,34.91828854664145,270,146,10,154,105,7000,1488.243504437797,0,0.0,0.0,0.0,0.0,0.0,0,0.0,0.0,0.0,0.0,0.0,Horns Rev III
8,34,10.256153155481831,0.0,0.0675349465323004,80,70,2000,34.91828854664145,270,146,10,154,105,7000,1368.5828502063719,1,0.014336424418432081,1290.1970429811627,1290.1970429811627,78.85308604652543,80.0,1,0.014336424418432081,1290.1970429811627,1290.1970429811627,78.85308604652543,80.0,Horns Rev III
8,35,10.256153155481831,0.0,0.0675349465323004,80,70,2000,34.91828854664145,270,146,10,154,105,7000,1042.2331836097474,1,0.6289089857804288,4475.303231596015,4475.303231596015,29.687281137565698,80.0,2,0.6289089857804288,4798.3834710945375,4475.303231596015,29.687281137565698,80.0,Horns Rev III
8,36,10.256153155481831,0.0,0.0675349465323004,80,70,2000,34.91828854664145,270,146,10,154,105,7000,1481.6584218968885,1,0.0,715.0121290646493,715.0121290646493,116.90092089993405,80.0,0,0.0,0.0,0.0,0.0,0.0,Horns Rev III
8,37,10.256153155481831,0.0,0.0675349465323004,80,70,2000,34.91828854664145,270,146,10,154,105,7000,1488.084188061856,0,0.0,0.0,0.0,0.0,0.0,1,0.0,2729.5661721462384,2729.5661721462384,174.85488257918007,80.0,Horns Rev III
8,38,10.256153155481831,0.0,0.0675349465323004,80,70,2000,34.91828854664145,270,146,10,154,105,7000,1112.549834713904,1,0.666463079878314,6697.272507151589,6697.272507151589,26.682953609734884,80.0,3,0.666463079878314,4584.78840597067,2387.673851661384,144.91107720951578,80.0,Horns Rev III
8,39,10.256153155481831,0.0,0.0675349465323004,80,70,2000,34.91828854664145,270,146,10,154,105,7000,1488.243504437797,0,0.0,0.0,0.0,0.0,0.0,0,0.0,0.0,0.0,0.0,0.0,Horns Rev III
8,40,10.256153155481831,0.0,0.0675349465323004,80,70,2000,34.91828854664145,270,146,10,154,105,7000,936.5306032544032,2,0.7178874198143652,3297.643918497488,1740.1389229595661,38.40017227944939,80.0,2,0.7178874198143652,3297.643918497488,1740.1389229595661,38.40017227944939,80.0,Horns Rev III
8,41,10.256153155481831,0.0,0.0675349465323004,80,70,2000,34.91828854664145,270,146,10,154,105,7000,1488.243504437797,0,0.0,0.0,0.0,0.0,0.0,0,0.0,0.0,0.0,0.0,0.0,Horns Rev III
8,42,10.256153155481831,0.0,0.0675349465323004,80,70,2000,34.91828854664145,270,146,10,154,105,7000,1488.2434945736031,0,0.0,0.0,0.0,0.0,0.0,0,0.0,0.0,0.0,0.0,0.0,Horns Rev III
8,43,10.256153155481831,0.0,0.0675349465323004,80,70,2000,34.91828854664145,270,146,10,154,105,7000,1488.1539355541443,0,0.0,0.0,0.0,0.0,0.0,0,0.0,0.0,0.0,0.0,0.0,Horns Rev III
8,44,10.256153155481831,0.0,0.0675349465323004,80,70,2000,34.91828854664145,270,146,10,154,105,7000,1488.243504437797,0,0.0,0.0,0.0,0.0,0.0,0,0.0,0.0,0.0,0.0,0.0,Horns Rev III
8,45,10.256153155481831,0.0,0.0675349465323004,80,70,2000,34.91828854664145,270,146,10,154,105,7000,1488.243504437797,0,0.0,0.0,0.0,0.0,0.0,0,0.0,0.0,0.0,0.0,0.0,Horns Rev III
8,46,10.256153155481831,0.0,0.0675349465323004,80,70,2000,34.91828854664145,270,146,10,154,105,7000,1488.243504437797,0,0.0,0.0,0.0,0.0,0.0,0,0.0,0.0,0.0,0.0,0.0,Horns Rev III
8,47,10.256153155481831,0.0,0.0675349465323004,80,70,2000,34.91828854664145,270,146,10,154,105,7000,1488.243504437797,0,0.0,0.0,0.0,0.0,0.0,0,0.0,0.0,0.0,0.0,0.0,Horns Rev III
8,48,10.256153155481831,0.0,0.0675349465323004,80,70,2000,34.91828854664145,270,146,10,154,105,7000,1485.4744607681691,0,0.0,0.0,0.0,0.0,0.0,0,0.0,0.0,0.0,0.0,0.0,Horns Rev III
8,49,10.256153155481831,0.0,0.0675349465323004,80,70,2000,34.91828854664145,270,146,10,154,105,7000,1488.243504437797,0,0.0,0.0,0.0,0.0,0.0,0,0.0,0.0,0.0,0.0,0.0,Horns Rev III
8,50,10.256153155481831,0.0,0.0675349465323004,80,70,2000,34.91828854664145,270,146,10,154,105,7000,702.5322464651828,2,1.0,3732.0851855375804,2159.5800971910357,15.175159394391548,80.0,4,1.0,6266.555638705147,2159.5800971910357,15.175159394391548,80.0,Horns Rev III
8,51,10.256153155481831,0.0,0.0675349465323004,80,70,2000,34.91828854664145,270,146,10,154,105,7000,1488.243504437797,0,0.0,0.0,0.0,0.0,0.0,0,0.0,0.0,0.0,0.0,0.0,Horns Rev III
8,52,10.256153155481831,0.0,0.0675349465323004,80,70,2000,34.91828854664145,270,146,10,154,105,7000,1179.6472854720873,2,0.27860809557750665,2098.988225699868,1647.5390983661637,82.2470425395293,80.0,2,0.27860809557750665,2098.988225699868,1647.5390983661637,82.2470425395293,80.0,Horns Rev III
8,53,10.256153155481831,0.0,0.0675349465323004,80,70,2000,34.91828854664145,270,146,10,154,105,7000,1209.3463833165633,1,0.3319292570537156,5474.131591207348,5474.131591207348,53.44565943570275,80.0,2,0.3319292570537156,4357.565370814409,3240.9991504214704,213.08943494944793,80.0,Horns Rev III
8,54,10.256153155481831,0.0,0.0675349465323004,80,70,2000,34.91828854664145,270,146,10,154,105,7000,1148.3557842145663,2,0.44549692065193514,4507.034131582826,3079.0997114265338,75.76995299395678,80.0,4,0.44549692065193514,3786.4382542395033,2531.911362909712,156.49620341602744,80.0,Horns Rev III
8,55,10.256153155481831,0.0,0.0675349465323004,80,70,2000,34.91828854664145,270,146,10,154,105,7000,1488.2435043861028,0,0.0,0.0,0.0,0.0,0.0,0,0.0,0.0,0.0,0.0,0.0,Horns Rev III
8,56,10.256153155481831,0.0,0.0675349465323004,80,70,2000,34.91828854664145,270,146,10,154,105,7000,1355.4181385021243,2,0.0,2991.3103774166666,1850.4378736978397,90.14898140169657,80.0,4,0.0,3727.5998667250387,1850.4378736978397,90.14898140169657,80.0,Horns Rev III
8,57,10.256153155481831,0.0,0.0675349465323004,80,70,2000,34.91828854664145,270,146,10,154,105,7000,1488.2416385918777,0,0.0,0.0,0.0,0.0,0.0,1,0.0,4999.301845546812,4999.301845546812,242.87876014877173,80.0,Horns Rev III
8,58,10.256153155481831,0.0,0.0675349465323004,80,70,2000,34.91828854664145,270,146,10,154,105,7000,1488.243504437797,0,0.0,0.0,0.0,0.0,0.0,0,0.0,0.0,0.0,0.0,0.0,Horns Rev III
8,59,10.256153155481831,0.0,0.0675349465323004,80,70,2000,34.91828854664145,270,146,10,154,105,7000,789.1159784267494,2,0.6825588490930402,807.5251882448792,547.1883485168219,80.72625042207066,80.0,3,0.6825588490930402,1672.7025217730552,547.1883485168219,80.72625042207066,80.0,Horns Rev III
8,60,10.256153155481831,0.0,0.0675349465323004,80,70,2000,34.91828854664145,270,146,10,154,105,7000,1483.195113159973,0,0.0,0.0,0.0,0.0,0.0,1,0.0,4358.945152474567,4358.945152474567,150.6157460698154,80.0,Horns Rev III
8,61,10.256153155481831,0.0,0.0675349465323004,80,70,2000,34.91828854664145,270,146,10,154,105,7000,1277.7776853661271,2,0.20973515742952084,4133.267557486426,1165.7832816168666,111.81148075952675,80.0,4,0.20973515742952084,4319.243695128942,1165.7832816168666,111.81148075952675,80.0,Horns Rev III
8,62,10.256153155481831,0.0,0.0675349465323004,80,70,2000,34.91828854664145,270,146,10,154,105,7000,1134.1865230517935,1,0.30836302063107646,520.6736794561148,520.6736794561148,55.330958349513885,80.0,2,0.30836302063107646,1688.27125988435,520.6736794561148,55.330958349513885,80.0,Horns Rev III
8,63,10.256153155481831,0.0,0.0675349465323004,80,70,2000,34.91828854664145,270,146,10,154,105,7000,1488.243504437797,0,0.0,0.0,0.0,0.0,0.0,0,0.0,0.0,0.0,0.0,0.0,Horns Rev III
8,64,10.256153155481831,0.0,0.0675349465323004,80,70,2000,34.91828854664145,270,146,10,154,105,7000,1073.775667148193,1,0.37080305748240894,722.3126786565408,722.3126786565408,50.33575540140728,80.0,1,0.37080305748240894,722.3126786565408,722.3126786565408,50.33575540140728,80.0,Horns Rev III
8,65,10.256153155481831,0.0,0.0675349465323004,80,70,2000,34.91828854664145,270,146,10,154,105,7000,954.8560972771443,1,0.6769949960304027,3145.0101766930893,3145.0101766930893,25.840400317567784,80.0,2,0.6769949960304027,4739.782087103929,3145.0101766930893,25.840400317567784,80.0,Horns Rev III
8,66,10.256153155481831,0.0,0.0675349465323004,80,70,2000,34.91828854664145,270,146,10,154,105,7000,1488.1075558548043,0,0.0,0.0,0.0,0.0,0.0,1,0.0,3074.494924398139,3074.494924398139,179.86359693028461,80.0,Horns Rev III
8,67,10.256153155481831,0.0,0.0675349465323004,80,70,2000,34.91828854664145,270,146,10,154,105,7000,1483.2664720391176,0,0.0,0.0,0.0,0.0,0.0,1,0.0,2568.071552682668,2568.071552682668,134.10191926232042,80.0,Horns Rev III
8,68,10.256153155481831,0.0,0.0675349465323004,80,70,2000,34.91828854664145,270,146,10,154,105,7000,840.8668909067306,1,0.7676666121158601,2095.933803545311,2095.933803545311,18.586671030731196,80.0,1,0.7676666121158601,2095.933803545311,2095.933803545311,18.586671030731196,80.0,Horns Rev III
8,69,10.256153155481831,0.0,0.0675349465323004,80,70,2000,34.91828854664145,270,146,10,154,105,7000,1488.243504437797,0,0.0,0.0,0.0,0.0,0.0,0,0.0,0.0,0.0,0.0,0.0,Horns Rev III
8,70,10.256153155481831,0.0,0.0675349465323004,80,70,2000,34.91828854664145,270,146,10,154,105,7000,1488.1563417687546,0,0.0,0.0,0.0,0.0,0.0,4,0.0,5860.253994548693,2858.9332535155118,187.39362866524573,80.0,Horns Rev III
8,71,10.256153155481831,0.0,0.0675349465323004,80,70,2000,34.91828854664145,270,146,10,154,105,7000,805.6527521683313,1,0.9487883650726836,2281.745007437654,2281.745007437654,4.096930794185307,80.0,2,0.9487883650726836,3295.6718314639293,2281.745007437654,4.096930794185307,80.0,Horns Rev III
8,72,10.256153155481831,0.0,0.0675349465323004,80,70,2000,34.91828854664145,270,146,10,154,105,7000,920.0480666909183,2,0.7495073035301127,1826.1765287504531,546.3511708956212,101.4474833327112,80.0,2,0.7495073035301127,1826.1765287504531,546.3511708956212,101.4474833327112,80.0,Horns Rev III
8,73,10.256153155481831,0.0,0.0675349465323004,80,70,2000,34.91828854664145,270,146,10,154,105,7000,1488.243504437797,0,0.0,0.0,0.0,0.0,0.0,0,0.0,0.0,0.0,0.0,0.0,Horns Rev III
8,74,10.256153155481831,0.0,0.0675349465323004,80,70,2000,34.91828854664145,270,146,10,154,105,7000,1488.24350433472,0,0.0,0.0,0.0,0.0,0.0,0,0.0,0.0,0.0,0.0,0.0,Horns Rev III
8,75,10.256153155481831,0.0,0.0675349465323004,80,70,2000,34.91828854664145,270,146,10,154,105,7000,1488.2435044377962,0,0.0,0.0,0.0,0.0,0.0,0,0.0,0.0,0.0,0.0,0.0,Horns Rev III
8,76,10.256153155481831,0.0,0.0675349465323004,80,70,2000,34.91828854664145,270,146,10,154,105,7000,1488.179894984093,0,0.0,0.0,0.0,0.0,0.0,1,0.0,2335.1951608564705,2335.1951608564705,179.69120469735907,80.0,Horns Rev III
8,77,10.256153155481831,0.0,0.0675349465323004,80,70,2000,34.91828854664145,270,146,10,154,105,7000,1488.243504437797,0,0.0,0.0,0.0,0.0,0.0,0,0.0,0.0,0.0,0.0,0.0,Horns Rev III
8,78,10.256153155481831,0.0,0.0675349465323004,80,70,2000,34.91828854664145,270,146,10,154,105,7000,1488.2435044377721,0,0.0,0.0,0.0,0.0,0.0,0,0.0,0.0,0.0,0.0,0.0,Horns Rev III
8,79,10.256153155481831,0.0,0.0675349465323004,80,70,2000,34.91828854664145,270,146,10,154,105,7000,1487.798630171132,0,0.0,0.0,0.0,0.0,0.0,1,0.0,2233.1324407858774,2233.1324407858774,159.6437755137452,80.0,Horns Rev III
9,0,10.981901520006499,240.0,0.08589993144496154,80,70,2000,10.153853309118805,150,104,8,80,70,2000,1710.4520084974886,0,0.0,0.0,0.0,0.0,0.0,2,0.0,4414.977134972598,3468.2185300870383,156.27884268544972,80.0,Horns Rev III
9,1,10.981901520006499,240.0,0.08589993144496154,80,70,2000,10.153853309118805,150,104,8,80,70,2000,763.9660850999643,3,1.0,2699.8418846935488,630.0633799860145,24.782000915958406,80.0,3,1.0,2699.8418846935488,630.0633799860145,24.782000915958406,80.0,Horns Rev III
9,2,10.981901520006499,240.0,0.08589993144496154,80,70,2000,10.153853309118805,150,104,8,80,70,2000,858.8315641824585,4,1.0,4525.8781572752105,1319.3935971540936,28.56141094829445,80.0,6,1.0,5741.721299050606,1319.3935971540936,28.56141094829445,80.0,Horns Rev III
9,3,10.981901520006499,240.0,0.08589993144496154,80,70,2000,10.153853309118805,150,104,8,80,70,2000,1712.3882038701843,0,0.0,0.0,0.0,0.0,0.0,0,0.0,0.0,0.0,0.0,0.0,Horns Rev III
9,4,10.981901520006499,240.0,0.08589993144496154,80,70,2000,10.153853309118805,150,104,8,80,70,2000,939.3553757176286,1,0.7783168454888901,968.3755914914206,968.3755914914206,17.734652360888788,80.0,1,0.7783168454888901,968.3755914914206,968.3755914914206,17.734652360888788,80.0,Horns Rev III
9,5,10.981901520006499,240.0,0.08589993144496154,80,70,2000,10.153853309118805,150,104,8,80,70,2000,1703.6117507200236,0,0.0,0.0,0.0,0.0,0.0,3,0.0,2135.873000764275,1516.840974352147,124.79177190695827,80.0,Horns Rev III
9,6,10.981901520006499,240.0,0.08589993144496154,80,70,2000,10.153853309118805,150,104,8,80,70,2000,1712.388202676532,0,0.0,0.0,0.0,0.0,0.0,0,0.0,0.0,0.0,0.0,0.0,Horns Rev III
9,7,10.981901520006499,240.0,0.08589993144496154,80,70,2000,10.153853309118805,150,104,8,80,70,2000,1712.3882038701843,0,0.0,0.0,0.0,0.0,0.0,0,0.0,0.0,0.0,0.0,0.0,Horns Rev III
9,8,10.981901520006499,240.0,0.08589993144496154,80,70,2000,10.153853309118805,150,104,8,80,70,2000,1712.3882038701843,0,0.0,0.0,0.0,0.0,0.0,0,0.0,0.0,0.0,0.0,0.0,Horns Rev III
9,9,10.981901520006499,240.0,0.08589993144496154,80,70,2000,10.153853309118805,150,104,8,80,70,2000,1701.242816807139,1,0.0,1506.64745623019,1506.64745623019,111.40836193506095,80.0,1,0.0,1506.64745623019,1506.64745623019,111.40836193506095,80.0,Horns Rev III
9,10,10.981901520006499,240.0,0.08589993144496154,80,70,2000,10.153853309118805,150,104,8,80,70,2000,1476.5994750762395,1,0.35860774764829556,5084.369018044097,5084.369018044097,51.311380188136354,80.0,2,0.35860774764829556,4331.045289929002,3577.721561813907,162.7197421231972,80.0,Horns Rev III
9,11,10.981901520006499,240.0,0.08589993144496154,80,70,2000,10.153853309118805,150,104,8,80,70,2000,1712.388203605502,0,0.0,0.0,0.0,0.0,0.0,0,0.0,0.0,0.0,0.0,0.0,Horns Rev III
9,12,10.981901520006499,240.0,0.08589993144496154,80,70,2000,10.153853309118805,150,104,8,80,70,2000,1712.3882038701843,0,0.0,0.0,0.0,0.0,0.0,0,0.0,0.0,0.0,0.0,0.0,Horns Rev III
9,13,10.981901520006499,240.0,0.08589993144496154,80,70,2000,10.153853309118805,150,104,8,80,70,2000,826.6301704745275,1,0.9908138236737798,803.5715081386832,803.5715081386832,0.7348941060976131,80.0,1,0.9908138236737798,803.5715081386832,803.5715081386832,0.7348941060976131,80.0,Horns Rev III
9,14,10.981901520006499,240.0,0.08589993144496154,80,70,2000,10.153853309118805,150,104,8,80,70,2000,1712.3882038701843,0,0.0,0.0,0.0,0.0,0.0,0,0.0,0.0,0.0,0.0,0.0,Horns Rev III
9,15,10.981901520006499,240.0,0.08589993144496154,80,70,2000,10.153853309118805,150,104,8,80,70,2000,1705.096687298714,0,0.0,0.0,0.0,0.0,0.0,3,0.0,2421.576647588376,1158.2062514223767,132.04707236784037,80.0,Horns Rev III
9,16,10.981901520006499,240.0,0.08589993144496154,80,70,2000,10.153853309118805,150,104,8,80,70,2000,916.8638502000895,3,1.0,4275.3127468281555,2981.95193133544,5.413169077445218,80.0,5,1.0,5306.793242275815,2981.95193133544,5.413169077445218,80.0,Horns Rev III
9,17,10.981901520006499,240.0,0.08589993144496154,80,70,2000,10.153853309118805,150,104,8,80,70,2000,1712.3882036359437,0,0.0,0.0,0.0,0.0,0.0,0,0.0,0.0,0.0,0.0,0.0,Horns Rev III
9,18,10.981901520006499,240.0,0.08589993144496154,80,70,2000,10.153853309118805,150,104,8,80,70,2000,1320.7729526105265,1,0.4543400666417455,1893.5172097711186,1893.5172097711186,43.65279466866036,80.0,1,0.4543400666417455,1893.5172097711186,1893.5172097711186,43.65279466866036,80.0,Horns Rev III
9,19,10.981901520006499,240.0,0.08589993144496154,80,70,2000,10.153853309118805,150,104,8,80,70,2000,1459.0768358262662,1,0.3383760656972328,3735.524022105164,3735.524022105164,52.92991474422138,80.0,3,0.3383760656972328,2588.7730711481167,1165.1584766553174,134.98884297459279,80.0,Horns Rev III
9,20,10.981901520006499,240.0,0.08589993144496154,80,70,2000,10.153853309118805,150,104,8,80,70,2000,1096.2172586452948,1,0.9156158867631262,2544.8594633832513,2544.8594633832513,6.750729058949901,80.0,1,0.9156158867631262,2544.8594633832513,2544.8594633832513,6.750729058949901,80.0,Horns Rev III
9,21,10.981901520006499,240.0,0.08589993144496154,80,70,2000,10.153853309118805,150,104,8,80,70,2000,975.4506321356478,2,0.8326271855456,1865.4181047944553,1387.2450301857305,13.389825156352003,80.0,4,0.8326271855456,2750.893829127099,1387.2450301857305,13.389825156352003,80.0,Horns Rev III
9,22,10.981901520006499,240.0,0.08589993144496154,80,70,2000,10.153853309118805,150,104,8,80,70,2000,1097.9908467141063,2,1.0,3954.9765921572102,3393.7201401278053,37.506922220793285,80.0,3,1.0,3449.109058408259,2437.3739909103556,166.32030394576157,80.0,Horns Rev III
9,23,10.981901520006499,240.0,0.08589993144496154,80,70,2000,10.153853309118805,150,104,8,80,70,2000,1081.1098564766996,1,0.5614551202685192,539.7378899926501,539.7378899926501,35.083590378518466,80.0,1,0.5614551202685192,539.7378899926501,539.7378899926501,35.083590378518466,80.0,Horns Rev III
9,24,10.981901520006499,240.0,0.08589993144496154,80,70,2000,10.153853309118805,150,104,8,80,70,2000,1041.028233825198,1,0.7117479771124081,1308.3940072009914,1308.3940072009914,23.06016183100735,80.0,1,0.7117479771124081,1308.3940072009914,1308.3940072009914,23.06016183100735,80.0,Horns Rev III
9,25,10.981901520006499,240.0,0.08589993144496154,80,70,2000,10.153853309118805,150,104,8,80,70,2000,1712.3882038701843,0,0.0,0.0,0.0,0.0,0.0,0,0.0,0.0,0.0,0.0,0.0,Horns Rev III
9,26,10.981901520006499,240.0,0.08589993144496154,80,70,2000,10.153853309118805,150,104,8,80,70,2000,1712.3882038701843,0,0.0,0.0,0.0,0.0,0.0,0,0.0,0.0,0.0,0.0,0.0,Horns Rev III
9,27,10.981901520006499,240.0,0.08589993144496154,80,70,2000,10.153853309118805,150,104,8,80,70,2000,1089.6906402570453,1,0.6390042925904481,1198.1899813008297,1198.1899813008297,28.87965659276415,80.0,2,0.6390042925904481,1999.5873739101817,1198.1899813008297,28.87965659276415,80.0,Horns Rev III
9,28,10.981901520006499,240.0,0.08589993144496154,80,70,2000,10.153853309118805,150,104,8,80,70,2000,1710.5428399784844,0,0.0,0.0,0.0,0.0,0.0,0,0.0,0.0,0.0,0.0,0.0,Horns Rev III
9,29,10.981901520006499,240.0,0.08589993144496154,80,70,2000,10.153853309118805,150,104,8,80,70,2000,1710.0890128912383,0,0.0,0.0,0.0,0.0,0.0,1,0.0,2419.519020375672,2419.519020375672,138.9250203185087,80.0,Horns Rev III
9,30,10.981901520006499,240.0,0.08589993144496154,80,70,2000,10.153853309118805,150,104,8,80,70,2000,1537.4455967744564,1,0.17584669756857635,2036.236213399811,2036.236213399811,65.93226419451389,80.0,2,0.17584669756857635,1738.3115839541806,1440.3869545085504,144.04089896092398,80.0,Horns Rev III
9,31,10.981901520006499,240.0,0.08589993144496154,80,70,2000,10.153853309118805,150,104,8,80,70,2000,1712.3882038701843,0,0.0,0.0,0.0,0.0,0.0,0,0.0,0.0,0.0,0.0,0.0,Horns Rev III
9,32,10.981901520006499,240.0,0.08589993144496154,80,70,2000,10.153853309118805,150,104,8,80,70,2000,1709.750992065047,0,0.0,0.0,0.0,0.0,0.0,1,0.0,2078.8590532762596,2078.8590532762596,179.1615227106829,80.0,Horns Rev III
9,33,10.981901520006499,240.0,0.08589993144496154,80,70,2000,10.153853309118805,150,104,8,80,70,2000,1680.0378327906794,1,0.0,4216.793307612138,4216.793307612138,109.48082376465754,80.0,2,0.0,3732.6055118664276,3248.417716120717,127.21547612554627,80.0,Horns Rev III
9,34,10.981901520006499,240.0,0.08589993144496154,80,70,2000,10.153853309118805,150,104,8,80,70,2000,1615.2781951587015,1,0.0009395415293852238,2711.189741031286,2711.189741031286,79.92483667764918,80.0,2,0.0009395415293852238,2246.5209984753074,1781.8522559193284,141.8144105122533,80.0,Horns Rev III
9,35,10.981901520006499,240.0,0.08589993144496154,80,70,2000,10.153853309118805,150,104,8,80,70,2000,1712.3882038545567,0,0.0,0.0,0.0,0.0,0.0,0,0.0,0.0,0.0,0.0,0.0,Horns Rev III
9,36,10.981901520006499,240.0,0.08589993144496154,80,70,2000,10.153853309118805,150,104,8,80,70,2000,1712.3882038701843,0,0.0,0.0,0.0,0.0,0.0,0,0.0,0.0,0.0,0.0,0.0,Horns Rev III
9,37,10.981901520006499,240.0,0.08589993144496154,80,70,2000,10.153853309118805,150,104,8,80,70,2000,1712.3882038701843,0,0.0,0.0,0.0,0.0,0.0,0,0.0,0.0,0.0,0.0,0.0,Horns Rev III
9,38,10.981901520006499,240.0,0.08589993144496154,80,70,2000,10.153853309118805,150,104,8,80,70,2000,1712.3882035344388,0,0.0,0.0,0.0,0.0,0.0,0,0.0,0.0,0.0,0.0,0.0,Horns Rev III
9,39,10.981901520006499,240.0,0.08589993144496154,80,70,2000,10.153853309118805,150,104,8,80,70,2000,1095.596684336744,2,0.9106951020545686,1431.3669921180926,547.8643497599277,68.03273087201825,80.0,3,0.9106951020545686,1999.989474283332,547.8643497599277,68.03273087201825,80.0,Horns Rev III
9,40,10.981901520006499,240.0,0.08589993144496154,80,70,2000,10.153853309118805,150,104,8,80,70,2000,1712.3882038701843,0,0.0,0.0,0.0,0.0,0.0,0,0.0,0.0,0.0,0.0,0.0,Horns Rev III
9,41,10.981901520006499,240.0,0.08589993144496154,80,70,2000,10.153853309118805,150,104,8,80,70,2000,1704.1950978020443,0,0.0,0.0,0.0,0.0,0.0,1,0.0,2277.122360007487,2277.122360007487,120.97393901933754,80.0,Horns Rev III
9,42,10.981901520006499,240.0,0.08589993144496154,80,70,2000,10.153853309118805,150,104,8,80,70,2000,1368.2208328752256,1,0.37064823767856864,1122.51290405881,1122.51290405881,50.34814098571451,80.0,1,0.37064823767856864,1122.51290405881,1122.51290405881,50.34814098571451,80.0,Horns Rev III
9,43,10.981901520006499,240.0,0.08589993144496154,80,70,2000,10.153853309118805,150,104,8,80,70,2000,1044.997463691459,1,0.9786611766025402,2163.487338966004,2163.487338966004,1.7071058717967844,80.0,1,0.9786611766025402,2163.487338966004,2163.487338966004,1.7071058717967844,80.0,Horns Rev III
9,44,10.981901520006499,240.0,0.08589993144496154,80,70,2000,10.153853309118805,150,104,8,80,70,2000,1712.3882038701843,0,0.0,0.0,0.0,0.0,0.0,0,0.0,0.0,0.0,0.0,0.0,Horns Rev III
9,45,10.981901520006499,240.0,0.08589993144496154,80,70,2000,10.153853309118805,150,104,8,80,70,2000,874.1513588722236,4,1.0,4595.244408261009,2172.483494611889,25.653951169748666,80.0,4,1.0,4595.244408261009,2172.483494611889,25.653951169748666,80.0,Horns Rev III
9,46,10.981901520006499,240.0,0.08589993144496154,80,70,2000,10.153853309118805,150,104,8,80,70,2000,1705.2341408474485,0,0.0,0.0,0.0,0.0,0.0,3,0.0,4502.746581029366,3662.13518175557,132.63270470363045,80.0,Horns Rev III
9,47,10.981901520006499,240.0,0.08589993144496154,80,70,2000,10.153853309118805,150,104,8,80,70,2000,1423.5874185464143,1,0.33119868631227406,1765.4644384528383,1765.4644384528383,53.504105095018076,80.0,1,0.33119868631227406,1765.4644384528383,1765.4644384528383,53.504105095018076,80.0,Horns Rev III
9,48,10.981901520006499,240.0,0.08589993144496154,80,70,2000,10.153853309118805,150,104,8,80,70,2000,1593.6434188061232,2,0.0,4128.841053244927,3047.097383761925,89.44607447974977,80.0,2,0.0,4128.841053244927,3047.097383761925,89.44607447974977,80.0,Horns Rev III
9,49,10.981901520006499,240.0,0.08589993144496154,80,70,2000,10.153853309118805,150,104,8,80,70,2000,1652.5937289735418,1,0.0,1767.0052847163297,1767.0052847163297,87.14439183563456,80.0,1,0.0,1767.0052847163297,1767.0052847163297,87.14439183563456,80.0,Horns Rev III
9,50,10.981901520006499,240.0,0.08589993144496154,80,70,2000,10.153853309118805,150,104,8,80,70,2000,1712.3882037328437,0,0.0,0.0,0.0,0.0,0.0,0,0.0,0.0,0.0,0.0,0.0,Horns Rev III
9,51,10.981901520006499,240.0,0.08589993144496154,80,70,2000,10.153853309118805,150,104,8,80,70,2000,828.2205530855935,3,1.0,3230.3478848654927,1371.002977737068,37.97182679812613,80.0,3,1.0,3230.3478848654927,1371.002977737068,37.97182679812613,80.0,Horns Rev III
9,52,10.981901520006499,240.0,0.08589993144496154,80,70,2000,10.153853309118805,150,104,8,80,70,2000,1712.3531423892039,0,0.0,0.0,0.0,0.0,0.0,0,0.0,0.0,0.0,0.0,0.0,Horns Rev III
9,53,10.981901520006499,240.0,0.08589993144496154,80,70,2000,10.153853309118805,150,104,8,80,70,2000,1641.795440601894,1,0.0,846.4462399663208,846.4462399663208,81.15217863290104,80.0,1,0.0,846.4462399663208,846.4462399663208,81.15217863290104,80.0,Horns Rev III
9,54,10.981901520006499,240.0,0.08589993144496154,80,70,2000,10.153853309118805,150,104,8,80,70,2000,1712.3882013614787,0,0.0,0.0,0.0,0.0,0.0,0,0.0,0.0,0.0,0.0,0.0,Horns Rev III
9,55,10.981901520006499,240.0,0.08589993144496154,80,70,2000,10.153853309118805,150,104,8,80,70,2000,1432.9583477072572,1,0.31143554664250955,1396.7437999259546,1396.7437999259546,55.085156268599235,80.0,2,0.31143554664250955,1712.820761270042,1396.7437999259546,55.085156268599235,80.0,Horns Rev III
9,56,10.981901520006499,240.0,0.08589993144496154,80,70,2000,10.153853309118805,150,104,8,80,70,2000,1144.7915461906844,1,0.9292782216883353,3041.5906508736393,3041.5906508736393,5.657742264933177,80.0,1,0.9292782216883353,3041.5906508736393,3041.5906508736393,5.657742264933177,80.0,Horns Rev III
9,57,10.981901520006499,240.0,0.08589993144496154,80,70,2000,10.153853309118805,150,104,8,80,70,2000,1309.679045663504,2,0.5839096579541121,2108.963804092521,753.3689335768781,113.21206404132008,80.0,2,0.5839096579541121,2108.963804092521,753.3689335768781,113.21206404132008,80.0,Horns Rev III
9,58,10.981901520006499,240.0,0.08589993144496154,80,70,2000,10.153853309118805,150,104,8,80,70,2000,1712.1514931027357,0,0.0,0.0,0.0,0.0,0.0,1,0.0,3826.6169092499185,3826.6169092499185,180.1884909154394,80.0,Horns Rev III
9,59,10.981901520006499,240.0,0.08589993144496154,80,70,2000,10.153853309118805,150,104,8,80,70,2000,1040.6879611548193,2,1.0,1940.0412232390727,1340.9462325886577,51.43066264066874,80.0,4,1.0,2906.0516386754693,1340.9462325886577,51.43066264066874,80.0,Horns Rev III
9,60,10.981901520006499,240.0,0.08589993144496154,80,70,2000,10.153853309118805,150,104,8,80,70,2000,1703.5296319173924,1,0.0,1915.1141025111906,1915.1141025111906,117.40000992847752,80.0,1,0.0,1915.1141025111906,1915.1141025111906,117.40000992847752,80.0,Horns Rev III
9,61,10.981901520006499,240.0,0.08589993144496154,80,70,2000,10.153853309118805,150,104,8,80,70,2000,1712.3882038701843,0,0.0,0.0,0.0,0.0,0.0,0,0.0,0.0,0.0,0.0,0.0,Horns Rev III
9,62,10.981901520006499,240.0,0.08589993144496154,80,70,2000,10.153853309118805,150,104,8,80,70,2000,1712.3882038517563,0,0.0,0.0,0.0,0.0,0.0,0,0.0,0.0,0.0,0.0,0.0,Horns Rev III
9,63,10.981901520006499,240.0,0.08589993144496154,80,70,2000,10.153853309118805,150,104,8,80,70,2000,1492.4528179100034,1,0.30388925078021317,4664.3649384335495,4664.3649384335495,55.68885993758295,80.0,3,0.30388925078021317,3687.9647103078773,2715.5768004993315,161.3611380589441,80.0,Horns Rev III
9,64,10.981901520006499,240.0,0.08589993144496154,80,70,2000,10.153853309118805,150,104,8,80,70,2000,1690.1100660432069,0,0.0,0.0,0.0,0.0,0.0,5,0.0,3900.133682820038,1439.196940335336,138.38563273891862,80.0,Horns Rev III
9,65,10.981901520006499,240.0,0.08589993144496154,80,70,2000,10.153853309118805,150,104,8,80,70,2000,1712.3882038701843,0,0.0,0.0,0.0,0.0,0.0,0,0.0,0.0,0.0,0.0,0.0,Horns Rev III
9,66,10.981901520006499,240.0,0.08589993144496154,80,70,2000,10.153853309118805,150,104,8,80,70,2000,1290.7921106513293,2,0.5168718364466003,2115.6084685267315,1772.7293868861186,86.2583583934703,80.0,2,0.5168718364466003,2115.6084685267315,1772.7293868861186,86.2583583934703,80.0,Horns Rev III
9,67,10.981901520006499,240.0,0.08589993144496154,80,70,2000,10.153853309118805,150,104,8,80,70,2000,1712.3882038701843,0,0.0,0.0,0.0,0.0,0.0,0,0.0,0.0,0.0,0.0,0.0,Horns Rev III
9,68,10.981901520006499,240.0,0.08589993144496154,80,70,2000,10.153853309118805,150,104,8,80,70,2000,1712.3882038701843,0,0.0,0.0,0.0,0.0,0.0,0,0.0,0.0,0.0,0.0,0.0,Horns Rev III
9,69,10.981901520006499,240.0,0.08589993144496154,80,70,2000,10.153853309118805,150,104,8,80,70,2000,1708.6514974956688,0,0.0,0.0,0.0,0.0,0.0,4,0.0,5874.25898328475,3905.163649650871,172.81855365841125,80.0,Horns Rev III
9,70,10.981901520006499,240.0,0.08589993144496154,80,70,2000,10.153853309118805,150,104,8,80,70,2000,1712.3882038701843,0,0.0,0.0,0.0,0.0,0.0,0,0.0,0.0,0.0,0.0,0.0,Horns Rev III
9,71,10.981901520006499,240.0,0.08589993144496154,80,70,2000,10.153853309118805,150,104,8,80,70,2000,1707.4187851442678,0,0.0,0.0,0.0,0.0,0.0,1,0.0,3239.0167506802545,3239.0167506802545,135.03761362260434,80.0,Horns Rev III
9,72,10.981901520006499,240.0,0.08589993144496154,80,70,2000,10.153853309118805,150,104,8,80,70,2000,1712.3882038701843,0,0.0,0.0,0.0,0.0,0.0,0,0.0,0.0,0.0,0.0,0.0,Horns Rev III
9,73,10.981901520006499,240.0,0.08589993144496154,80,70,2000,10.153853309118805,150,104,8,80,70,2000,1631.6735432647408,1,0.023642065419874216,595.8492588912607,595.8492588912607,78.10863476641006,80.0,1,0.023642065419874216,595.8492588912607,595.8492588912607,78.10863476641006,80.0,Horns Rev III
9,74,10.981901520006499,240.0,0.08589993144496154,80,70,2000,10.153853309118805,150,104,8,80,70,2000,987.2369623838962,2,1.0,3104.6677570613024,2221.9355378348832,6.590181602779694,80.0,2,1.0,3104.6677570613024,2221.9355378348832,6.590181602779694,80.0,Horns Rev III
9,75,10.981901520006499,240.0,0.08589993144496154,80,70,2000,10.153853309118805,150,104,8,80,70,2000,1712.3882038701843,0,0.0,0.0,0.0,0.0,0.0,0,0.0,0.0,0.0,0.0,0.0,Horns Rev III
9,76,10.981901520006499,240.0,0.08589993144496154,80,70,2000,10.153853309118805,150,104,8,80,70,2000,1277.1351577669216,2,0.6251134092010346,2789.0173606926373,1516.5876290010115,51.620099102483664,80.0,2,0.6251134092010346,2789.0173606926373,1516.5876290010115,51.620099102483664,80.0,Horns Rev III
9,77,10.981901520006499,240.0,0.08589993144496154,80,70,2000,10.153853309118805,150,104,8,80,70,2000,1712.3848055902845,0,0.0,0.0,0.0,0.0,0.0,3,0.0,6216.346595850176,5057.66395953672,318.7317701632803,80.0,Horns Rev III
9,78,10.981901520006499,240.0,0.08589993144496154,80,70,2000,10.153853309118805,150,104,8,80,70,2000,1528.9013252439786,2,0.12594973569221962,2567.4724697374277,1873.8499546445626,83.31384630097432,80.0,6,0.12594973569221962,4026.632143010358,1873.8499546445626,83.31384630097432,80.0,Horns Rev III
9,79,10.981901520006499,240.0,0.08589993144496154,80,70,2000,10.153853309118805,150,104,8,80,70,2000,1708.1411227775156,0,0.0,0.0,0.0,0.0,0.0,1,0.0,4170.109189899807,4170.109189899807,144.27259984367447,80.0,Horns Rev III
10,0,6.3604314010148215,90.0,0.06620304335394174,80,70,2000,30.164322233543608,180,74,4,154,100,6000,180.63535975856044,1,0.8556786306202359,2327.2037792427,2327.2037792427,11.545709550381135,80.0,1,0.8556786306202359,2327.2037792427,2327.2037792427,11.545709550381135,80.0,Horns Rev III
10,1,6.3604314010148215,90.0,0.06620304335394174,80,70,2000,30.164322233543608,180,74,4,154,100,6000,343.71859832681804,1,0.0,2614.5482450957643,2614.5482450957643,111.08448295481455,80.0,1,0.0,2614.5482450957643,2614.5482450957643,111.08448295481455,80.0,Horns Rev III
10,2,6.3604314010148215,90.0,0.06620304335394174,80,70,2000,30.164322233543608,180,74,4,154,100,6000,352.17547754268605,0,0.0,0.0,0.0,0.0,0.0,0,0.0,0.0,0.0,0.0,0.0,Horns Rev III
10,3,6.3604314010148215,90.0,0.06620304335394174,80,70,2000,30.164322233543608,180,74,4,154,100,6000,309.2367112200412,1,0.0075319028110378385,5883.451526315534,5883.451526315534,79.39744777511697,80.0,1,0.0075319028110378385,5883.451526315534,5883.451526315534,79.39744777511697,80.0,Horns Rev III
10,4,6.3604314010148215,90.0,0.06620304335394174,80,70,2000,30.164322233543608,180,74,4,154,100,6000,352.17547754268605,0,0.0,0.0,0.0,0.0,0.0,0,0.0,0.0,0.0,0.0,0.0,Horns Rev III
10,5,6.3604314010148215,90.0,0.06620304335394174,80,70,2000,30.164322233543608,180,74,4,154,100,6000,352.17547754268605,0,0.0,0.0,0.0,0.0,0.0,0,0.0,0.0,0.0,0.0,0.0,Horns Rev III
10,6,6.3604314010148215,90.0,0.06620304335394174,80,70,2000,30.164322233543608,180,74,4,154,100,6000,196.40007090043014,2,1.0,4729.441081697703,3231.316394277499,31.925891209393146,80.0,2,1.0,4729.441081697703,3231.316394277499,31.925891209393146,80.0,Horns Rev III
10,7,6.3604314010148215,90.0,0.06620304335394174,80,70,2000,30.164322233543608,180,74,4,154,100,6000,194.30522626278247,1,0.9314863602398038,3286.6011525527574,3286.6011525527574,5.481091180815689,80.0,4,0.9314863602398038,4962.88918503013,1726.781295752502,125.14359966106682,80.0,Horns Rev III
10,8,6.3604314010148215,90.0,0.06620304335394174,80,70,2000,30.164322233543608,180,74,4,154,100,6000,237.7165727808188,4,1.0,10059.27341839153,7727.354921992985,54.60878904070847,80.0,9,1.0,9456.815115097133,5119.2701835122425,177.75971612147893,80.0,Horns Rev III
10,9,6.3604314010148215,90.0,0.06620304335394174,80,70,2000,30.164322233543608,180,74,4,154,100,6000,336.3758433163765,1,0.0,956.9393481115112,956.9393481115112,93.57735099922883,80.0,4,0.0,3364.336446503614,956.9393481115112,93.57735099922883,80.0,Horns Rev III
10,10,6.3604314010148215,90.0,0.06620304335394174,80,70,2000,30.164322233543608,180,74,4,154,100,6000,345.84816502853323,1,0.0,2966.3904924674425,2966.3904924674425,117.50172882806564,80.0,1,0.0,2966.3904924674425,2966.3904924674425,117.50172882806564,80.0,Horns Rev III
10,11,6.3604314010148215,90.0,0.06620304335394174,80,70,2000,30.164322233543608,180,74,4,154,100,6000,352.17547754268605,0,0.0,0.0,0.0,0.0,0.0,0,0.0,0.0,0.0,0.0,0.0,Horns Rev III
10,12,6.3604314010148215,90.0,0.06620304335394174,80,70,2000,30.164322233543608,180,74,4,154,100,6000,197.3528672758059,1,0.9744520819280215,3522.1197975107934,3522.1197975107934,2.0438334457582745,80.0,4,0.9744520819280215,3907.81557423505,2464.354585896479,185.10522805433675,80.0,Horns Rev III
10,13,6.3604314010148215,90.0,0.06620304335394174,80,70,2000,30.164322233543608,180,74,4,154,100,6000,352.17547754268605,0,0.0,0.0,0.0,0.0,0.0,0,0.0,0.0,0.0,0.0,0.0,Horns Rev III
10,14,6.3604314010148215,90.0,0.06620304335394174,80,70,2000,30.164322233543608,180,74,4,154,100,6000,227.84934371792687,1,0.4535652275313658,1521.6286494844826,1521.6286494844826,43.71478179749074,80.0,4,0.4535652275313658,3082.2676270870725,1521.6286494844826,43.71478179749074,80.0,Horns Rev III
10,15,6.3604314010148215,90.0,0.06620304335394174,80,70,2000,30.164322233543608,180,74,4,154,100,6000,327.9475009035741,4,0.0,2163.1927424082533,774.2888109048363,109.23577492125347,80.0,5,0.0,2563.3183721241076,774.2888109048363,109.23577492125347,80.0,Horns Rev III
10,16,6.3604314010148215,90.0,0.06620304335394174,80,70,2000,30.164322233543608,180,74,4,154,100,6000,352.17547754268605,0,0.0,0.0,0.0,0.0,0.0,0,0.0,0.0,0.0,0.0,0.0,Horns Rev III
10,17,6.3604314010148215,90.0,0.06620304335394174,80,70,2000,30.164322233543608,180,74,4,154,100,6000,352.17547060872283,0,0.0,0.0,0.0,0.0,0.0,0,0.0,0.0,0.0,0.0,0.0,Horns Rev III
10,18,6.3604314010148215,90.0,0.06620304335394174,80,70,2000,30.164322233543608,180,74,4,154,100,6000,338.014736930259,1,0.0,2024.2197082014754,2024.2197082014754,99.72774009313397,80.0,1,0.0,2024.2197082014754,2024.2197082014754,99.72774009313397,80.0,Horns Rev III
10,19,6.3604314010148215,90.0,0.06620304335394174,80,70,2000,30.164322233543608,180,74,4,154,100,6000,352.17547754268605,0,0.0,0.0,0.0,0.0,0.0,0,0.0,0.0,0.0,0.0,0.0,Horns Rev III
10,20,6.3604314010148215,90.0,0.06620304335394174,80,70,2000,30.164322233543608,180,74,4,154,100,6000,350.27042300977223,0,0.0,0.0,0.0,0.0,0.0,2,0.0,4198.66299384454,4168.814206969342,143.0165708288558,80.0,Horns Rev III
10,21,6.3604314010148215,90.0,0.06620304335394174,80,70,2000,30.164322233543608,180,74,4,154,100,6000,337.19466833125324,1,0.0,3777.6946893826826,3777.6946893826826,104.37402638420532,80.0,1,0.0,3777.6946893826826,3777.6946893826826,104.37402638420532,80.0,Horns Rev III
10,22,6.3604314010148215,90.0,0.06620304335394174,80,70,2000,30.164322233543608,180,74,4,154,100,6000,172.1208290237899,1,0.8634200671222105,1940.3402532166801,1940.3402532166801,10.926394630223156,80.0,2,0.8634200671222105,2664.9361666496843,1940.3402532166801,10.926394630223156,80.0,Horns Rev III
10,23,6.3604314010148215,90.0,0.06620304335394174,80,70,2000,30.164322233543608,180,74,4,154,100,6000,344.8724582564047,0,0.0,0.0,0.0,0.0,0.0,11,0.0,7453.758885920979,1860.456104745157,166.0325810220089,80.0,Horns Rev III
10,24,6.3604314010148215,90.0,0.06620304335394174,80,70,2000,30.164322233543608,180,74,4,154,100,6000,348.85080747485256,1,0.0,1559.8198568002554,1559.8198568002554,119.66250848025112,80.0,2,0.0,4234.065226923733,1559.8198568002554,119.66250848025112,80.0,Horns Rev III
10,25,6.3604314010148215,90.0,0.06620304335394174,80,70,2000,30.164322233543608,180,74,4,154,100,6000,342.8861682848369,1,0.0,4268.174021695857,4268.174021695857,115.8957506129526,80.0,2,0.0,3451.127110733767,2634.080199771677,188.5658298302437,80.0,Horns Rev III
10,26,6.3604314010148215,90.0,0.06620304335394174,80,70,2000,30.164322233543608,180,74,4,154,100,6000,257.59239998573344,1,0.37261704376432264,3404.555860135006,3404.555860135006,50.19063649885419,80.0,3,0.37261704376432264,5724.996335803725,3404.555860135006,50.19063649885419,80.0,Horns Rev III
10,27,6.3604314010148215,90.0,0.06620304335394174,80,70,2000,30.164322233543608,180,74,4,154,100,6000,230.12406595360017,2,0.7190242883749434,4644.463821744022,3716.633950355579,80.4436070313684,80.0,5,0.7190242883749434,4660.819402540755,2195.0053008710966,124.15838882885913,80.0,Horns Rev III
10,28,6.3604314010148215,90.0,0.06620304335394174,80,70,2000,30.164322233543608,180,74,4,154,100,6000,352.1409730419636,0,0.0,0.0,0.0,0.0,0.0,2,0.0,6383.734962381364,6064.568223751849,212.66322194319108,80.0,Horns Rev III
10,29,6.3604314010148215,90.0,0.06620304335394174,80,70,2000,30.164322233543608,180,74,4,154,100,6000,352.1754773819345,0,0.0,0.0,0.0,0.0,0.0,0,0.0,0.0,0.0,0.0,0.0,Horns Rev III
10,30,6.3604314010148215,90.0,0.06620304335394174,80,70,2000,30.164322233543608,180,74,4,154,100,6000,352.17547754268605,0,0.0,0.0,0.0,0.0,0.0,0,0.0,0.0,0.0,0.0,0.0,Horns Rev III
10,31,6.3604314010148215,90.0,0.06620304335394174,80,70,2000,30.164322233543608,180,74,4,154,100,6000,126.03076421097654,2,1.0,2267.761256551894,1662.5256735787261,3.6932081095877365,80.0,4,1.0,2812.0451748791675,1225.113101792056,129.4321324015034,80.0,Horns Rev III
10,32,6.3604314010148215,90.0,0.06620304335394174,80,70,2000,30.164322233543608,180,74,4,154,100,6000,327.8179526435127,1,0.0,2540.3797204348957,2540.3797204348957,90.7179900510232,80.0,1,0.0,2540.3797204348957,2540.3797204348957,90.7179900510232,80.0,Horns Rev III
10,33,6.3604314010148215,90.0,0.06620304335394174,80,70,2000,30.164322233543608,180,74,4,154,100,6000,352.17547754268605,0,0.0,0.0,0.0,0.0,0.0,0,0.0,0.0,0.0,0.0,0.0,Horns Rev III
10,34,6.3604314010148215,90.0,0.06620304335394174,80,70,2000,30.164322233543608,180,74,4,154,100,6000,325.3230194269523,2,0.0,6469.034591370204,6166.163553272141,116.07964887749517,80.0,4,0.0,5618.6605009096675,4213.859018296003,134.33737015165465,80.0,Horns Rev III
10,35,6.3604314010148215,90.0,0.06620304335394174,80,70,2000,30.164322233543608,180,74,4,154,100,6000,183.75432859461338,2,0.754534532956311,2431.762471096881,1928.9082835050067,23.216638710349443,80.0,5,0.754534532956311,5807.575588927022,1928.9082835050067,23.216638710349443,80.0,Horns Rev III
10,36,6.3604314010148215,90.0,0.06620304335394174,80,70,2000,30.164322233543608,180,74,4,154,100,6000,241.62525453396145,1,0.9323505897889681,7095.767551795929,7095.767551795929,5.411952816882543,80.0,6,0.9323505897889681,7454.077623173653,4572.953365783673,174.2403727434567,80.0,Horns Rev III
10,37,6.3604314010148215,90.0,0.06620304335394174,80,70,2000,30.164322233543608,180,74,4,154,100,6000,193.67581260380956,1,0.6406640807981564,1698.1193625170272,1698.1193625170272,28.74687353614749,80.0,5,0.6406640807981564,4389.588519719919,1698.1193625170272,28.74687353614749,80.0,Horns Rev III
10,38,6.3604314010148215,90.0,0.06620304335394174,80,70,2000,30.164322233543608,180,74,4,154,100,6000,352.1642216709301,0,0.0,0.0,0.0,0.0,0.0,2,0.0,4132.485993354872,2916.4812464627903,194.280175578781,80.0,Horns Rev III
10,39,6.3604314010148215,90.0,0.06620304335394174,80,70,2000,30.164322233543608,180,74,4,154,100,6000,352.1634910370503,0,0.0,0.0,0.0,0.0,0.0,1,0.0,3384.5713317581685,3384.5713317581685,198.5824636993936,80.0,Horns Rev III
10,40,6.3604314010148215,90.0,0.06620304335394174,80,70,2000,30.164322233543608,180,74,4,154,100,6000,190.33174567233002,3,1.0,2204.530138800425,583.355158069171,66.53545154631126,80.0,7,1.0,5651.542437311977,583.355158069171,66.53545154631126,80.0,Horns Rev III
10,41,6.3604314010148215,90.0,0.06620304335394174,80,70,2000,30.164322233543608,180,74,4,154,100,6000,208.2123474080916,2,0.9857194513315433,2955.1578602808877,1647.8837377330055,109.94203906133801,80.0,2,0.9857194513315433,2955.1578602808877,1647.8837377330055,109.94203906133801,80.0,Horns Rev III
10,42,6.3604314010148215,90.0,0.06620304335394174,80,70,2000,30.164322233543608,180,74,4,154,100,6000,235.0172735334318,1,0.4723618565127194,2603.235934875207,2603.235934875207,42.21105147898245,80.0,1,0.4723618565127194,2603.235934875207,2603.235934875207,42.21105147898245,80.0,Horns Rev III
10,43,6.3604314010148215,90.0,0.06620304335394174,80,70,2000,30.164322233543608,180,74,4,154,100,6000,352.17547754268605,0,0.0,0.0,0.0,0.0,0.0,0,0.0,0.0,0.0,0.0,0.0,Horns Rev III
10,44,6.3604314010148215,90.0,0.06620304335394174,80,70,2000,30.164322233543608,180,74,4,154,100,6000,218.38684472404165,2,0.7681260614306769,5994.834207242704,4511.638961008983,18.549915085545845,80.0,2,0.7681260614306769,5994.834207242704,4511.638961008983,18.549915085545845,80.0,Horns Rev III
10,45,6.3604314010148215,90.0,0.06620304335394174,80,70,2000,30.164322233543608,180,74,4,154,100,6000,352.17547754268605,0,0.0,0.0,0.0,0.0,0.0,0,0.0,0.0,0.0,0.0,0.0,Horns Rev III
10,46,6.3604314010148215,90.0,0.06620304335394174,80,70,2000,30.164322233543608,180,74,4,154,100,6000,351.90676208345326,0,0.0,0.0,0.0,0.0,0.0,1,0.0,1530.050888328813,1530.050888328813,148.88754487968953,80.0,Horns Rev III
10,47,6.3604314010148215,90.0,0.06620304335394174,80,70,2000,30.164322233543608,180,74,4,154,100,6000,352.15291397565863,0,0.0,0.0,0.0,0.0,0.0,2,0.0,5106.511122860189,3840.217948620091,229.4096726793803,80.0,Horns Rev III
10,48,6.3604314010148215,90.0,0.06620304335394174,80,70,2000,30.164322233543608,180,74,4,154,100,6000,352.17547754268605,0,0.0,0.0,0.0,0.0,0.0,0,0.0,0.0,0.0,0.0,0.0,Horns Rev III
10,49,6.3604314010148215,90.0,0.06620304335394174,80,70,2000,30.164322233543608,180,74,4,154,100,6000,171.81466217117463,1,0.7102087318780861,1210.4711659463355,1210.4711659463355,23.18330144975312,80.0,2,0.7102087318780861,2517.7452884942177,1210.4711659463355,23.18330144975312,80.0,Horns Rev III
10,50,6.3604314010148215,90.0,0.06620304335394174,80,70,2000,30.164322233543608,180,74,4,154,100,6000,352.17547754268605,0,0.0,0.0,0.0,0.0,0.0,0,0.0,0.0,0.0,0.0,0.0,Horns Rev III
10,51,6.3604314010148215,90.0,0.06620304335394174,80,70,2000,30.164322233543608,180,74,4,154,100,6000,352.17547409148494,0,0.0,0.0,0.0,0.0,0.0,0,0.0,0.0,0.0,0.0,0.0,Horns Rev III
10,52,6.3604314010148215,90.0,0.06620304335394174,80,70,2000,30.164322233543608,180,74,4,154,100,6000,256.2032325242315,3,0.710782530729212,4324.328664584667,1419.6472913617035,119.64172404631998,80.0,6,0.710782530729212,5585.716522324869,1419.6472913617035,119.64172404631998,80.0,Horns Rev III
10,53,6.3604314010148215,90.0,0.06620304335394174,80,70,2000,30.164322233543608,180,74,4,154,100,6000,304.9317222567704,1,0.08396637436235128,878.3281934320694,878.3281934320694,73.2826900510119,80.0,3,0.08396637436235128,3437.7609247122505,878.3281934320694,73.2826900510119,80.0,Horns Rev III
10,54,6.3604314010148215,90.0,0.06620304335394174,80,70,2000,30.164322233543608,180,74,4,154,100,6000,339.8090586030476,2,0.0,2157.8634710797924,1488.0259781967616,106.55483935866532,80.0,7,0.0,4786.611635551804,1488.0259781967616,106.55483935866532,80.0,Horns Rev III
10,55,6.3604314010148215,90.0,0.06620304335394174,80,70,2000,30.164322233543608,180,74,4,154,100,6000,352.16978328661844,0,0.0,0.0,0.0,0.0,0.0,1,0.0,4715.122319458867,4715.122319458867,224.94852176122282,80.0,Horns Rev III
10,56,6.3604314010148215,90.0,0.06620304335394174,80,70,2000,30.164322233543608,180,74,4,154,100,6000,209.39242576814524,2,0.4533373786020082,896.5718955370248,457.40779882099014,43.733009711839344,80.0,4,0.4533373786020082,3035.728492355178,457.40779882099014,43.733009711839344,80.0,Horns Rev III
10,57,6.3604314010148215,90.0,0.06620304335394174,80,70,2000,30.164322233543608,180,74,4,154,100,6000,352.1730771274049,0,0.0,0.0,0.0,0.0,0.0,2,0.0,4956.691070011584,3850.5191774751293,219.1997202411287,80.0,Horns Rev III
10,58,6.3604314010148215,90.0,0.06620304335394174,80,70,2000,30.164322233543608,180,74,4,154,100,6000,352.17546291154173,0,0.0,0.0,0.0,0.0,0.0,0,0.0,0.0,0.0,0.0,0.0,Horns Rev III
10,59,6.3604314010148215,90.0,0.06620304335394174,80,70,2000,30.164322233543608,180,74,4,154,100,6000,347.4876655827569,0,0.0,0.0,0.0,0.0,0.0,1,0.0,2855.8255506679416,2855.8255506679416,121.84732547495462,80.0,Horns Rev III
10,60,6.3604314010148215,90.0,0.06620304335394174,80,70,2000,30.164322233543608,180,74,4,154,100,6000,140.33098101338433,2,1.0,1568.3788851765567,1339.6749857660616,7.428655135445543,80.0,6,1.0,3848.3499335808833,1339.6749857660616,7.428655135445543,80.0,Horns Rev III
10,61,6.3604314010148215,90.0,0.06620304335394174,80,70,2000,30.164322233543608,180,74,4,154,100,6000,350.95537423509256,0,0.0,0.0,0.0,0.0,0.0,4,0.0,3920.144450518448,2187.927161242813,137.05177015811245,80.0,Horns Rev III
10,62,6.3604314010148215,90.0,0.06620304335394174,80,70,2000,30.164322233543608,180,74,4,154,100,6000,189.0459233122793,1,0.9477133151376689,2996.2493748404086,2996.2493748404086,4.18293478898649,80.0,1,0.9477133151376689,2996.2493748404086,2996.2493748404086,4.18293478898649,80.0,Horns Rev III
10,63,6.3604314010148215,90.0,0.06620304335394174,80,70,2000,30.164322233543608,180,74,4,154,100,6000,138.19295910039648,1,0.7936777626397102,605.7420761961257,605.7420761961257,16.505778988823185,80.0,1,0.7936777626397102,605.7420761961257,605.7420761961257,16.505778988823185,80.0,Horns Rev III
10,64,6.3604314010148215,90.0,0.06620304335394174,80,70,2000,30.164322233543608,180,74,4,154,100,6000,352.17547754268605,0,0.0,0.0,0.0,0.0,0.0,0,0.0,0.0,0.0,0.0,0.0,Horns Rev III
10,65,6.3604314010148215,90.0,0.06620304335394174,80,70,2000,30.164322233543608,180,74,4,154,100,6000,352.1754775426619,0,0.0,0.0,0.0,0.0,0.0,0,0.0,0.0,0.0,0.0,0.0,Horns Rev III
10,66,6.3604314010148215,90.0,0.06620304335394174,80,70,2000,30.164322233543608,180,74,4,154,100,6000,336.5645971929008,1,0.0,624.0980972790858,624.0980972790858,92.01808376424026,80.0,1,0.0,624.0980972790858,624.0980972790858,92.01808376424026,80.0,Horns Rev III
10,67,6.3604314010148215,90.0,0.06620304335394174,80,70,2000,30.164322233543608,180,74,4,154,100,6000,351.09516494101103,0,0.0,0.0,0.0,0.0,0.0,4,0.0,6784.024391353247,4304.940754867857,153.19708953145812,80.0,Horns Rev III
10,68,6.3604314010148215,90.0,0.06620304335394174,80,70,2000,30.164322233543608,180,74,4,154,100,6000,255.9339203876859,1,0.411980768339718,4136.0936284672935,4136.0936284672935,47.041538532822564,80.0,1,0.411980768339718,4136.0936284672935,4136.0936284672935,47.041538532822564,80.0,Horns Rev III
10,69,6.3604314010148215,90.0,0.06620304335394174,80,70,2000,30.164322233543608,180,74,4,154,100,6000,352.17547754268605,0,0.0,0.0,0.0,0.0,0.0,0,0.0,0.0,0.0,0.0,0.0,Horns Rev III
10,70,6.3604314010148215,90.0,0.06620304335394174,80,70,2000,30.164322233543608,180,74,4,154,100,6000,352.1754774920582,0,0.0,0.0,0.0,0.0,0.0,0,0.0,0.0,0.0,0.0,0.0,Horns Rev III
10,71,6.3604314010148215,90.0,0.06620304335394174,80,70,2000,30.164322233543608,180,74,4,154,100,6000,340.8084466928749,1,0.0,1855.6597427768866,1855.6597427768866,102.92166396137293,80.0,1,0.0,1855.6597427768866,1855.6597427768866,102.92166396137293,80.0,Horns Rev III
10,72,6.3604314010148215,90.0,0.06620304335394174,80,70,2000,30.164322233543608,180,74,4,154,100,6000,338.36281252221426,2,0.0,2930.9679639213136,1005.708375183749,99.63723736349512,80.0,2,0.0,2930.9679639213136,1005.708375183749,99.63723736349512,80.0,Horns Rev III
10,73,6.3604314010148215,90.0,0.06620304335394174,80,70,2000,30.164322233543608,180,74,4,154,100,6000,296.2059549035755,1,0.12444124037864537,4430.3730029474245,4430.3730029474245,70.04470076970837,80.0,2,0.12444124037864537,3665.347558783018,2900.3221146186115,218.9322456493979,80.0,Horns Rev III
10,74,6.3604314010148215,90.0,0.06620304335394174,80,70,2000,30.164322233543608,180,74,4,154,100,6000,352.1754765310669,0,0.0,0.0,0.0,0.0,0.0,0,0.0,0.0,0.0,0.0,0.0,Horns Rev III
10,75,6.3604314010148215,90.0,0.06620304335394174,80,70,2000,30.164322233543608,180,74,4,154,100,6000,352.17547754268605,0,0.0,0.0,0.0,0.0,0.0,0,0.0,0.0,0.0,0.0,0.0,Horns Rev III
10,76,6.3604314010148215,90.0,0.06620304335394174,80,70,2000,30.164322233543608,180,74,4,154,100,6000,352.17547754268605,0,0.0,0.0,0.0,0.0,0.0,0,0.0,0.0,0.0,0.0,0.0,Horns Rev III
10,77,6.3604314010148215,90.0,0.06620304335394174,80,70,2000,30.164322233543608,180,74,4,154,100,6000,352.17547754268605,0,0.0,0.0,0.0,0.0,0.0,0,0.0,0.0,0.0,0.0,0.0,Horns Rev III
10,78,6.3604314010148215,90.0,0.06620304335394174,80,70,2000,30.164322233543608,180,74,4,154,100,6000,148.9313658444275,2,1.0,2255.1755730742007,1952.3045349761378,18.25772127415949,80.0,2,1.0,2255.1755730742007,1952.3045349761378,18.25772127415949,80.0,Horns Rev III
10,79,6.3604314010148215,90.0,0.06620304335394174,80,70,2000,30.164322233543608,180,74,4,154,100,6000,352.17547754268605,0,0.0,0.0,0.0,0.0,0.0,0,0.0,0.0,0.0,0.0,0.0,Horns Rev III
11,0,11.281081661995845,60.0,0.05761562546600102,80,70,2000,43.40313829706748,0,30,6,112,84,3450,1783.2990829385901,0,0.0,0.0,0.0,0.0,0.0,0,0.0,0.0,0.0,0.0,0.0,Horns Rev III
11,1,11.281081661995845,60.0,0.05761562546600102,80,70,2000,43.40313829706748,0,30,6,112,84,3450,1783.2990829385901,0,0.0,0.0,0.0,0.0,0.0,0,0.0,0.0,0.0,0.0,0.0,Horns Rev III
11,2,11.281081661995845,60.0,0.05761562546600102,80,70,2000,43.40313829706748,0,30,6,112,84,3450,1783.2990829385901,0,0.0,0.0,0.0,0.0,0.0,0,0.0,0.0,0.0,0.0,0.0,Horns Rev III
11,3,11.281081661995845,60.0,0.05761562546600102,80,70,2000,43.40313829706748,0,30,6,112,84,3450,1422.3515403110189,1,0.454340066641727,1893.5172097711184,1893.5172097711184,43.65279466866184,80.0,4,0.454340066641727,4185.593237797208,1893.5172097711184,43.65279466866184,80.0,Horns Rev III
11,4,11.281081661995845,60.0,0.05761562546600102,80,70,2000,43.40313829706748,0,30,6,112,84,3450,1778.973382284419,0,0.0,0.0,0.0,0.0,0.0,2,0.0,2981.9972583100243,2715.5768004993315,161.36113805894183,80.0,Horns Rev III
11,5,11.281081661995845,60.0,0.05761562546600102,80,70,2000,43.40313829706748,0,30,6,112,84,3450,1782.6647603230874,0,0.0,0.0,0.0,0.0,0.0,1,0.0,1165.1584766553171,1165.1584766553171,134.9888429745938,80.0,Horns Rev III
11,6,11.281081661995845,60.0,0.05761562546600102,80,70,2000,43.40313829706748,0,30,6,112,84,3450,1542.2769205067336,1,0.3114355466425252,1396.7437999259546,1396.7437999259546,55.085156268597984,80.0,2,0.3114355466425252,3925.5757796943144,1396.7437999259546,55.085156268597984,80.0,Horns Rev III
11,7,11.281081661995845,60.0,0.05761562546600102,80,70,2000,43.40313829706748,0,30,6,112,84,3450,1365.1088807124318,2,0.5848491994834916,3087.8742078197247,2711.189741031286,79.92483667764668,80.0,2,0.5848491994834916,3087.8742078197247,2711.189741031286,79.92483667764668,80.0,Horns Rev III
11,8,11.281081661995845,60.0,0.05761562546600102,80,70,2000,43.40313829706748,0,30,6,112,84,3450,1194.6971504839892,1,0.5614551202685245,539.7378899926503,539.7378899926503,35.08359037851804,80.0,5,0.5614551202685245,4609.962622732346,539.7378899926503,35.08359037851804,80.0,Horns Rev III
11,9,11.281081661995845,60.0,0.05761562546600102,80,70,2000,43.40313829706748,0,30,6,112,84,3450,1783.0347381007978,0,0.0,0.0,0.0,0.0,0.0,1,0.0,3577.721561813907,3577.721561813907,162.719742123194,80.0,Horns Rev III
11,10,11.281081661995845,60.0,0.05761562546600102,80,70,2000,43.40313829706748,0,30,6,112,84,3450,1783.2990778581834,0,0.0,0.0,0.0,0.0,0.0,0,0.0,0.0,0.0,0.0,0.0,Horns Rev III
11,11,11.281081661995845,60.0,0.05761562546600102,80,70,2000,43.40313829706748,0,30,6,112,84,3450,1026.079784270979,2,0.7783168454889001,2592.584449551779,968.3755914914206,17.734652360887992,80.0,3,0.7783168454889001,2956.3737636981036,968.3755914914206,17.734652360887992,80.0,Horns Rev III
11,12,11.281081661995845,60.0,0.05761562546600102,80,70,2000,43.40313829706748,0,30,6,112,84,3450,1185.0185055139968,1,0.929278221688304,3041.59065087364,3041.59065087364,5.657742264935678,80.0,3,0.929278221688304,4854.134040835449,3041.59065087364,5.657742264935678,80.0,Horns Rev III
11,13,11.281081661995845,60.0,0.05761562546600102,80,70,2000,43.40313829706748,0,30,6,112,84,3450,1780.991223632741,0,0.0,0.0,0.0,0.0,0.0,1,0.0,1516.8409743521468,1516.8409743521468,124.79177190695953,80.0,Horns Rev III
11,14,11.281081661995845,60.0,0.05761562546600102,80,70,2000,43.40313829706748,0,30,6,112,84,3450,1621.1603284968387,2,0.19948876298843565,1316.0427361455359,595.8492588912607,78.10863476640955,80.0,2,0.19948876298843565,1316.0427361455359,595.8492588912607,78.10863476640955,80.0,Horns Rev III
11,15,11.281081661995845,60.0,0.05761562546600102,80,70,2000,43.40313829706748,0,30,6,112,84,3450,1783.2990829385853,0,0.0,0.0,0.0,0.0,0.0,0,0.0,0.0,0.0,0.0,0.0,Horns Rev III
11,16,11.281081661995845,60.0,0.05761562546600102,80,70,2000,43.40313829706748,0,30,6,112,84,3450,1195.195457791636,1,0.6429823631463322,1319.3935971540936,1319.3935971540936,28.561410948293428,80.0,1,0.6429823631463322,1319.3935971540936,1319.3935971540936,28.561410948293428,80.0,Horns Rev III
11,17,11.281081661995845,60.0,0.05761562546600102,80,70,2000,43.40313829706748,0,30,6,112,84,3450,1783.1470967926475,0,0.0,0.0,0.0,0.0,0.0,0,0.0,0.0,0.0,0.0,0.0,Horns Rev III
11,18,11.281081661995845,60.0,0.05761562546600102,80,70,2000,43.40313829706748,0,30,6,112,84,3450,1782.8550581802137,0,0.0,0.0,0.0,0.0,0.0,2,0.0,3627.5931492089894,3468.218530087038,156.27884268545267,80.0,Horns Rev III
11,19,11.281081661995845,60.0,0.05761562546600102,80,70,2000,43.40313829706748,0,30,6,112,84,3450,1783.2990829385901,0,0.0,0.0,0.0,0.0,0.0,0,0.0,0.0,0.0,0.0,0.0,Horns Rev III
11,20,11.281081661995845,60.0,0.05761562546600102,80,70,2000,43.40313829706748,0,30,6,112,84,3450,887.9548405928991,3,1.0,3154.7507790296863,1516.5876290010115,51.62009910248241,80.0,3,1.0,3154.7507790296863,1516.5876290010115,51.62009910248241,80.0,Horns Rev III
11,21,11.281081661995845,60.0,0.05761562546600102,80,70,2000,43.40313829706748,0,30,6,112,84,3450,1727.2011379327407,1,0.0,1873.8499546445626,1873.8499546445626,83.31384630097602,80.0,1,0.0,1873.8499546445626,1873.8499546445626,83.31384630097602,80.0,Horns Rev III
11,22,11.281081661995845,60.0,0.05761562546600102,80,70,2000,43.40313829706748,0,30,6,112,84,3450,1782.725086814131,0,0.0,0.0,0.0,0.0,0.0,1,0.0,1439.196940335336,1439.196940335336,138.38563273891737,80.0,Horns Rev III
11,23,11.281081661995845,60.0,0.05761562546600102,80,70,2000,43.40313829706748,0,30,6,112,84,3450,1781.0773098094244,0,0.0,0.0,0.0,0.0,0.0,3,0.0,6029.958929057199,3602.193109115541,184.50838298939766,80.0,Horns Rev III
11,24,11.281081661995845,60.0,0.05761562546600102,80,70,2000,43.40313829706748,0,30,6,112,84,3450,1783.1431792798794,0,0.0,0.0,0.0,0.0,0.0,2,0.0,4968.608632473541,4268.855277065769,273.09287646311145,80.0,Horns Rev III
11,25,11.281081661995845,60.0,0.05761562546600102,80,70,2000,43.40313829706748,0,30,6,112,84,3450,1149.1686724073722,2,1.0,2819.3729741227125,1122.51290405881,50.348140985715474,80.0,6,1.0,3746.515517935363,1122.51290405881,50.348140985715474,80.0,Horns Rev III
11,26,11.281081661995845,60.0,0.05761562546600102,80,70,2000,43.40313829706748,0,30,6,112,84,3450,1783.2990829385901,0,0.0,0.0,0.0,0.0,0.0,0,0.0,0.0,0.0,0.0,0.0,Horns Rev III
11,27,11.281081661995845,60.0,0.05761562546600102,80,70,2000,43.40313829706748,0,30,6,112,84,3450,1250.396122806933,3,0.8496617410574941,3768.7120525303158,1340.9462325886577,51.430662640667606,80.0,3,0.8496617410574941,3768.7120525303158,1340.9462325886577,51.430662640667606,80.0,Horns Rev III
11,28,11.281081661995845,60.0,0.05761562546600102,80,70,2000,43.40313829706748,0,30,6,112,84,3450,1184.5880205900294,2,0.7611042379547712,2040.9374595962936,1767.0052847163297,87.14439183563604,80.0,2,0.7611042379547712,2040.9374595962936,1767.0052847163297,87.14439183563604,80.0,Horns Rev III
11,29,11.281081661995845,60.0,0.05761562546600102,80,70,2000,43.40313829706748,0,30,6,112,84,3450,1783.2990829385901,0,0.0,0.0,0.0,0.0,0.0,0,0.0,0.0,0.0,0.0,0.0,Horns Rev III
11,30,11.281081661995845,60.0,0.05761562546600102,80,70,2000,43.40313829706748,0,30,6,112,84,3450,1783.2990829385901,0,0.0,0.0,0.0,0.0,0.0,0,0.0,0.0,0.0,0.0,0.0,Horns Rev III
11,31,11.281081661995845,60.0,0.05761562546600102,80,70,2000,43.40313829706748,0,30,6,112,84,3450,1783.2990829385901,0,0.0,0.0,0.0,0.0,0.0,0,0.0,0.0,0.0,0.0,0.0,Horns Rev III
11,32,11.281081661995845,60.0,0.05761562546600102,80,70,2000,43.40313829706748,0,30,6,112,84,3450,1012.9907494464723,2,0.958576921237801,2324.1700075080116,1387.2450301857307,13.389825156350753,80.0,3,0.958576921237801,2361.904668642126,1387.2450301857307,13.389825156350753,80.0,Horns Rev III
11,33,11.281081661995845,60.0,0.05761562546600102,80,70,2000,43.40313829706748,0,30,6,112,84,3450,1783.2990829385901,0,0.0,0.0,0.0,0.0,0.0,0,0.0,0.0,0.0,0.0,0.0,Horns Rev III
11,34,11.281081661995845,60.0,0.05761562546600102,80,70,2000,43.40313829706748,0,30,6,112,84,3450,1779.3983576460835,1,0.0,753.368933576878,753.368933576878,113.21206404132073,80.0,1,0.0,753.368933576878,753.368933576878,113.21206404132073,80.0,Horns Rev III
11,35,11.281081661995845,60.0,0.05761562546600102,80,70,2000,43.40313829706748,0,30,6,112,84,3450,1781.549732308211,0,0.0,0.0,0.0,0.0,0.0,1,0.0,4170.1091898998075,4170.1091898998075,144.27259984367788,80.0,Horns Rev III
11,36,11.281081661995845,60.0,0.05761562546600102,80,70,2000,43.40313829706748,0,30,6,112,84,3450,809.8043899806725,4,1.0,4910.922547655517,2544.8594633832513,6.750729058947854,80.0,4,1.0,4910.922547655517,2544.8594633832513,6.750729058947854,80.0,Horns Rev III
11,37,11.281081661995845,60.0,0.05761562546600102,80,70,2000,43.40313829706748,0,30,6,112,84,3450,1783.2218076477666,0,0.0,0.0,0.0,0.0,0.0,1,0.0,2028.8977226141296,2028.8977226141296,162.0015758922534,80.0,Horns Rev III
11,38,11.281081661995845,60.0,0.05761562546600102,80,70,2000,43.40313829706748,0,30,6,112,84,3450,1728.878624690196,1,0.0,846.4462399663208,846.4462399663208,81.15217863290036,80.0,2,0.0,2453.1157821696806,846.4462399663208,81.15217863290036,80.0,Horns Rev III
11,39,11.281081661995845,60.0,0.05761562546600102,80,70,2000,43.40313829706748,0,30,6,112,84,3450,1783.2990829385901,0,0.0,0.0,0.0,0.0,0.0,0,0.0,0.0,0.0,0.0,0.0,Horns Rev III
11,40,11.281081661995845,60.0,0.05761562546600102,80,70,2000,43.40313829706748,0,30,6,112,84,3450,1782.1865939431545,0,0.0,0.0,0.0,0.0,0.0,1,0.0,2419.519020375672,2419.519020375672,138.92502031850654,80.0,Horns Rev III
11,41,11.281081661995845,60.0,0.05761562546600102,80,70,2000,43.40313829706748,0,30,6,112,84,3450,1783.299082938567,0,0.0,0.0,0.0,0.0,0.0,0,0.0,0.0,0.0,0.0,0.0,Horns Rev III
11,42,11.281081661995845,60.0,0.05761562546600102,80,70,2000,43.40313829706748,0,30,6,112,84,3450,1412.0584157301025,2,0.5311634722401208,2868.6556597654926,2343.59117940318,115.42355656861844,80.0,4,0.5311634722401208,3696.917383510467,2343.59117940318,115.42355656861844,80.0,Horns Rev III
11,43,11.281081661995845,60.0,0.05761562546600102,80,70,2000,43.40313829706748,0,30,6,112,84,3450,1737.4408547727853,1,0.0,3047.097383761925,3047.097383761925,89.44607447974727,80.0,1,0.0,3047.097383761925,3047.097383761925,89.44607447974727,80.0,Horns Rev III
11,44,11.281081661995845,60.0,0.05761562546600102,80,70,2000,43.40313829706748,0,30,6,112,84,3450,1777.8271755058304,0,0.0,0.0,0.0,0.0,0.0,2,0.0,2707.1783993106483,2277.122360007487,120.97393901933572,80.0,Horns Rev III
11,45,11.281081661995845,60.0,0.05761562546600102,80,70,2000,43.40313829706748,0,30,6,112,84,3450,1783.2990829385901,0,0.0,0.0,0.0,0.0,0.0,0,0.0,0.0,0.0,0.0,0.0,Horns Rev III
11,46,11.281081661995845,60.0,0.05761562546600102,80,70,2000,43.40313829706748,0,30,6,112,84,3450,1783.2990829385901,0,0.0,0.0,0.0,0.0,0.0,0,0.0,0.0,0.0,0.0,0.0,Horns Rev III
11,47,11.281081661995845,60.0,0.05761562546600102,80,70,2000,43.40313829706748,0,30,6,112,84,3450,901.4806449459725,2,1.0,2536.9672278278904,2221.935537834883,6.590181602777648,80.0,2,1.0,2536.9672278278904,2221.935537834883,6.590181602777648,80.0,Horns Rev III
11,48,11.281081661995845,60.0,0.05761562546600102,80,70,2000,43.40313829706748,0,30,6,112,84,3450,1783.2990829385901,0,0.0,0.0,0.0,0.0,0.0,0,0.0,0.0,0.0,0.0,0.0,Horns Rev III
11,49,11.281081661995845,60.0,0.05761562546600102,80,70,2000,43.40313829706748,0,30,6,112,84,3450,1662.2481265314673,1,0.14959086409977793,547.8643497599278,547.8643497599278,68.03273087201777,80.0,1,0.14959086409977793,547.8643497599278,547.8643497599278,68.03273087201777,80.0,Horns Rev III
11,50,11.281081661995845,60.0,0.05761562546600102,80,70,2000,43.40313829706748,0,30,6,112,84,3450,909.3486433556998,1,0.990813823673772,803.5715081386832,803.5715081386832,0.7348941060982384,80.0,2,0.990813823673772,1561.9919953147564,803.5715081386832,0.7348941060982384,80.0,Horns Rev III
11,51,11.281081661995845,60.0,0.05761562546600102,80,70,2000,43.40313829706748,0,30,6,112,84,3450,1234.7401934755462,1,0.6793256103781189,2172.483494611889,2172.483494611889,25.653951169750485,80.0,1,0.6793256103781189,2172.483494611889,2172.483494611889,25.653951169750485,80.0,Horns Rev III
11,52,11.281081661995845,60.0,0.05761562546600102,80,70,2000,43.40313829706748,0,30,6,112,84,3450,717.5890260553916,4,1.0,4024.7240206985666,1198.1899813008297,28.87965659276523,80.0,4,1.0,4024.7240206985666,1198.1899813008297,28.87965659276523,80.0,Horns Rev III
11,53,11.281081661995845,60.0,0.05761562546600102,80,70,2000,43.40313829706748,0,30,6,112,84,3450,1782.4399334710074,0,0.0,0.0,0.0,0.0,0.0,2,0.0,2185.772667914548,1158.2062514223767,132.04707236783935,80.0,Horns Rev III
11,54,11.281081661995845,60.0,0.05761562546600102,80,70,2000,43.40313829706748,0,30,6,112,84,3450,1780.867170479746,0,0.0,0.0,0.0,0.0,0.0,2,0.0,2510.4345032997917,1781.852255919328,141.81441051225477,80.0,Horns Rev III
11,55,11.281081661995845,60.0,0.05761562546600102,80,70,2000,43.40313829706748,0,30,6,112,84,3450,1783.2990829347632,0,0.0,0.0,0.0,0.0,0.0,1,0.0,5057.66395953672,5057.66395953672,318.7317701632844,80.0,Horns Rev III
11,56,11.281081661995845,60.0,0.05761562546600102,80,70,2000,43.40313829706748,0,30,6,112,84,3450,1782.3705420558897,0,0.0,0.0,0.0,0.0,0.0,2,0.0,2718.815084942714,1532.4665202345564,134.53072443706026,80.0,Horns Rev III
11,57,11.281081661995845,60.0,0.05761562546600102,80,70,2000,43.40313829706748,0,30,6,112,84,3450,1783.2990829385901,0,0.0,0.0,0.0,0.0,0.0,0,0.0,0.0,0.0,0.0,0.0,Horns Rev III
11,58,11.281081661995845,60.0,0.05761562546600102,80,70,2000,43.40313829706748,0,30,6,112,84,3450,1783.2990829159467,0,0.0,0.0,0.0,0.0,0.0,0,0.0,0.0,0.0,0.0,0.0,Horns Rev III
11,59,11.281081661995845,60.0,0.05761562546600102,80,70,2000,43.40313829706748,0,30,6,112,84,3450,961.2739927656955,2,1.0,3641.648729912487,2981.9519313354403,5.413169077447719,80.0,2,1.0,3641.648729912487,2981.9519313354403,5.413169077447719,80.0,Horns Rev III
11,60,11.281081661995845,60.0,0.05761562546600102,80,70,2000,43.40313829706748,0,30,6,112,84,3450,1779.9037506009063,0,0.0,0.0,0.0,0.0,0.0,1,0.0,3662.13518175557,3662.13518175557,132.63270470362727,80.0,Horns Rev III
11,61,11.281081661995845,60.0,0.05761562546600102,80,70,2000,43.40313829706748,0,30,6,112,84,3450,1129.2131333877703,2,0.7117479771123953,1611.754054856091,1308.3940072009912,23.060161831008372,80.0,4,0.7117479771123953,3944.3783472653117,1308.3940072009912,23.060161831008372,80.0,Horns Rev III
11,62,11.281081661995845,60.0,0.05761562546600102,80,70,2000,43.40313829706748,0,30,6,112,84,3450,1783.2990829385901,0,0.0,0.0,0.0,0.0,0.0,0,0.0,0.0,0.0,0.0,0.0,Horns Rev III
11,63,11.281081661995845,60.0,0.05761562546600102,80,70,2000,43.40313829706748,0,30,6,112,84,3450,1783.2990829385901,0,0.0,0.0,0.0,0.0,0.0,0,0.0,0.0,0.0,0.0,0.0,Horns Rev III
11,64,11.281081661995845,60.0,0.05761562546600102,80,70,2000,43.40313829706748,0,30,6,112,84,3450,1783.2990829385901,0,0.0,0.0,0.0,0.0,0.0,0,0.0,0.0,0.0,0.0,0.0,Horns Rev III
11,65,11.281081661995845,60.0,0.05761562546600102,80,70,2000,43.40313829706748,0,30,6,112,84,3450,1580.322404605995,1,0.3038892507801648,4664.3649384335495,4664.3649384335495,55.68885993758681,80.0,2,0.3038892507801648,4245.490923841734,3826.6169092499185,180.1884909154362,80.0,Horns Rev III
11,66,11.281081661995845,60.0,0.05761562546600102,80,70,2000,43.40313829706748,0,30,6,112,84,3450,1783.2990829385901,0,0.0,0.0,0.0,0.0,0.0,0,0.0,0.0,0.0,0.0,0.0,Horns Rev III
11,67,11.281081661995845,60.0,0.05761562546600102,80,70,2000,43.40313829706748,0,30,6,112,84,3450,1556.8712635228076,2,0.3586077476483524,3295.5082371371436,1506.64745623019,111.4083619350622,80.0,3,0.3586077476483524,4575.994847608473,1506.64745623019,111.4083619350622,80.0,Horns Rev III
11,68,11.281081661995845,60.0,0.05761562546600102,80,70,2000,43.40313829706748,0,30,6,112,84,3450,1361.4453180015282,3,0.5800201025898672,3456.775923671432,1765.4644384528383,53.504105095016484,80.0,3,0.5800201025898672,3456.775923671432,1765.4644384528383,53.504105095016484,80.0,Horns Rev III
11,69,11.281081661995845,60.0,0.05761562546600102,80,70,2000,43.40313829706748,0,30,6,112,84,3450,1783.2990829385901,0,0.0,0.0,0.0,0.0,0.0,0,0.0,0.0,0.0,0.0,0.0,Horns Rev III
11,70,11.281081661995845,60.0,0.05761562546600102,80,70,2000,43.40313829706748,0,30,6,112,84,3450,1077.073876565994,2,0.9786611766025175,3687.036030846966,2163.4873389660033,1.7071058717986034,80.0,2,0.9786611766025175,3687.036030846966,2163.4873389660033,1.7071058717986034,80.0,Horns Rev III
11,71,11.281081661995845,60.0,0.05761562546600102,80,70,2000,43.40313829706748,0,30,6,112,84,3450,1783.2990829385901,0,0.0,0.0,0.0,0.0,0.0,0,0.0,0.0,0.0,0.0,0.0,Horns Rev III
11,72,11.281081661995845,60.0,0.05761562546600102,80,70,2000,43.40313829706748,0,30,6,112,84,3450,1783.298840966601,0,0.0,0.0,0.0,0.0,0.0,0,0.0,0.0,0.0,0.0,0.0,Horns Rev III
11,73,11.281081661995845,60.0,0.05761562546600102,80,70,2000,43.40313829706748,0,30,6,112,84,3450,1782.9850848646308,0,0.0,0.0,0.0,0.0,0.0,1,0.0,1440.3869545085502,1440.3869545085502,144.04089896092512,80.0,Horns Rev III
11,74,11.281081661995845,60.0,0.05761562546600102,80,70,2000,43.40313829706748,0,30,6,112,84,3450,1049.6276790548645,1,0.690224988550527,630.0633799860145,630.0633799860145,24.782000915957838,80.0,1,0.690224988550527,630.0633799860145,630.0633799860145,24.782000915957838,80.0,Horns Rev III
11,75,11.281081661995845,60.0,0.05761562546600102,80,70,2000,43.40313829706748,0,30,6,112,84,3450,1783.2990829385901,0,0.0,0.0,0.0,0.0,0.0,0,0.0,0.0,0.0,0.0,0.0,Horns Rev III
11,76,11.281081661995845,60.0,0.05761562546600102,80,70,2000,43.40313829706748,0,30,6,112,84,3450,1208.2173388369072,2,0.7300299404249359,2457.2447250430127,1371.002977737068,37.97182679812727,80.0,2,0.7300299404249359,2457.2447250430127,1371.002977737068,37.97182679812727,80.0,Horns Rev III
11,77,11.281081661995845,60.0,0.05761562546600102,80,70,2000,43.40313829706748,0,30,6,112,84,3450,1783.2990829385901,0,0.0,0.0,0.0,0.0,0.0,0,0.0,0.0,0.0,0.0,0.0,Horns Rev III
11,78,11.281081661995845,60.0,0.05761562546600102,80,70,2000,43.40313829706748,0,30,6,112,84,3450,1783.2990829385901,0,0.0,0.0,0.0,0.0,0.0,0,0.0,0.0,0.0,0.0,0.0,Horns Rev III
11,79,11.281081661995845,60.0,0.05761562546600102,80,70,2000,43.40313829706748,0,30,6,112,84,3450,1783.2990829385901,0,0.0,0.0,0.0,0.0,0.0,0,0.0,0.0,0.0,0.0,0.0,Horns Rev III
12,0,5.836702118984743,120.0,0.08884122307996209,80,70,2000,40.275419409788604,180,139,7,80,70,2000,267.87771301490244,0,0.0,0.0,0.0,0.0,0.0,0,0.0,0.0,0.0,0.0,0.0,Horns Rev III
12,1,5.836702118984743,120.0,0.08884122307996209,80,70,2000,40.275419409788604,180,139,7,80,70,2000,267.8773899476446,0,0.0,0.0,0.0,0.0,0.0,2,0.0,8628.03442211,7318.33388774794,332.02030629106866,80.0,Horns Rev III
12,2,5.836702118984743,120.0,0.08884122307996209,80,70,2000,40.275419409788604,180,139,7,80,70,2000,267.87771301490244,0,0.0,0.0,0.0,0.0,0.0,0,0.0,0.0,0.0,0.0,0.0,Horns Rev III
12,3,5.836702118984743,120.0,0.08884122307996209,80,70,2000,40.275419409788604,180,139,7,80,70,2000,263.1966649995767,0,0.0,0.0,0.0,0.0,0.0,1,0.0,3087.1212313998108,3087.1212313998108,122.15072710663708,80.0,Horns Rev III
12,4,5.836702118984743,120.0,0.08884122307996209,80,70,2000,40.275419409788604,180,139,7,80,70,2000,267.87771301490244,0,0.0,0.0,0.0,0.0,0.0,0,0.0,0.0,0.0,0.0,0.0,Horns Rev III
12,5,5.836702118984743,120.0,0.08884122307996209,80,70,2000,40.275419409788604,180,139,7,80,70,2000,267.87771301490244,0,0.0,0.0,0.0,0.0,0.0,0,0.0,0.0,0.0,0.0,0.0,Horns Rev III
12,6,5.836702118984743,120.0,0.08884122307996209,80,70,2000,40.275419409788604,180,139,7,80,70,2000,149.64260044687347,3,0.9074810790633904,7112.178226163412,2500.011441466896,22.78211085400949,80.0,8,0.9074810790633904,8027.535526090015,2500.011441466896,22.78211085400949,80.0,Horns Rev III
12,7,5.836702118984743,120.0,0.08884122307996209,80,70,2000,40.275419409788604,180,139,7,80,70,2000,194.44023965325798,1,0.5068079298922328,4788.237086031318,4788.237086031318,39.45536560862138,80.0,3,0.5068079298922328,4234.939048764212,2117.1641466983638,121.48153764316999,80.0,Horns Rev III
12,8,5.836702118984743,120.0,0.08884122307996209,80,70,2000,40.275419409788604,180,139,7,80,70,2000,230.186946895141,1,0.06536734032812035,4310.954701989384,4310.954701989384,74.77061277375037,80.0,7,0.06536734032812035,6261.470924324938,3816.8572176470243,175.85372995905323,80.0,Horns Rev III
12,9,5.836702118984743,120.0,0.08884122307996209,80,70,2000,40.275419409788604,180,139,7,80,70,2000,159.87242812440522,3,1.0,6952.242678750903,4289.2029440215665,25.81922832016153,80.0,7,1.0,6765.127631879856,3843.1443138950144,205.08402232688127,80.0,Horns Rev III
12,10,5.836702118984743,120.0,0.08884122307996209,80,70,2000,40.275419409788604,180,139,7,80,70,2000,261.6416073599883,0,0.0,0.0,0.0,0.0,0.0,4,0.0,7767.824162184868,5936.289766861136,157.35756639956116,80.0,Horns Rev III
12,11,5.836702118984743,120.0,0.08884122307996209,80,70,2000,40.275419409788604,180,139,7,80,70,2000,267.87446578676526,0,0.0,0.0,0.0,0.0,0.0,0,0.0,0.0,0.0,0.0,0.0,Horns Rev III
12,12,5.836702118984743,120.0,0.08884122307996209,80,70,2000,40.275419409788604,180,139,7,80,70,2000,253.57507766042383,1,0.0,4144.199258676868,4144.199258676868,103.37375890724115,80.0,1,0.0,4144.199258676868,4144.199258676868,103.37375890724115,80.0,Horns Rev III
12,13,5.836702118984743,120.0,0.08884122307996209,80,70,2000,40.275419409788604,180,139,7,80,70,2000,267.87771301490244,0,0.0,0.0,0.0,0.0,0.0,0,0.0,0.0,0.0,0.0,0.0,Horns Rev III
12,14,5.836702118984743,120.0,0.08884122307996209,80,70,2000,40.275419409788604,180,139,7,80,70,2000,110.41776355818334,2,1.0,3134.4790833995803,1281.8193035535824,5.864442844437576,80.0,3,1.0,3261.1497460900177,1281.8193035535824,5.864442844437576,80.0,Horns Rev III
12,15,5.836702118984743,120.0,0.08884122307996209,80,70,2000,40.275419409788604,180,139,7,80,70,2000,267.8777130149016,0,0.0,0.0,0.0,0.0,0.0,0,0.0,0.0,0.0,0.0,0.0,Horns Rev III
12,16,5.836702118984743,120.0,0.08884122307996209,80,70,2000,40.275419409788604,180,139,7,80,70,2000,211.99344500578195,2,0.1760638194694536,5253.231803915625,3943.531269553565,67.16911948034158,80.0,2,0.1760638194694536,5253.231803915625,3943.531269553565,67.16911948034158,80.0,Horns Rev III
12,17,5.836702118984743,120.0,0.08884122307996209,80,70,2000,40.275419409788604,180,139,7,80,70,2000,267.8332168833121,0,0.0,0.0,0.0,0.0,0.0,1,0.0,2409.951282863257,2409.951282863257,177.9597410006695,80.0,Horns Rev III
12,18,5.836702118984743,120.0,0.08884122307996209,80,70,2000,40.275419409788604,180,139,7,80,70,2000,267.876562421043,0,0.0,0.0,0.0,0.0,0.0,1,0.0,2784.979871670752,2784.979871670752,218.55689187304915,80.0,Horns Rev III
12,19,5.836702118984743,120.0,0.08884122307996209,80,70,2000,40.275419409788604,180,139,7,80,70,2000,267.87771301490244,0,0.0,0.0,0.0,0.0,0.0,0,0.0,0.0,0.0,0.0,0.0,Horns Rev III
12,20,5.836702118984743,120.0,0.08884122307996209,80,70,2000,40.275419409788604,180,139,7,80,70,2000,201.8018795830924,1,0.5270611135544356,6121.0812413568665,6121.0812413568665,37.835110915645146,80.0,6,0.5270611135544356,5897.886961919804,2967.621853049911,192.34528854468954,80.0,Horns Rev III
12,21,5.836702118984743,120.0,0.08884122307996209,80,70,2000,40.275419409788604,180,139,7,80,70,2000,267.3701950414929,0,0.0,0.0,0.0,0.0,0.0,1,0.0,1472.6477917746852,1472.6477917746852,140.66959418916974,80.0,Horns Rev III
12,22,5.836702118984743,120.0,0.08884122307996209,80,70,2000,40.275419409788604,180,139,7,80,70,2000,267.4410646183913,0,0.0,0.0,0.0,0.0,0.0,0,0.0,0.0,0.0,0.0,0.0,Horns Rev III
12,23,5.836702118984743,120.0,0.08884122307996209,80,70,2000,40.275419409788604,180,139,7,80,70,2000,211.51604028142683,2,0.5945874779559006,8112.501073462186,7606.911659696367,119.85524056412078,80.0,4,0.5945874779559006,5994.878860238208,2818.674573665049,159.31060617274238,80.0,Horns Rev III
12,24,5.836702118984743,120.0,0.08884122307996209,80,70,2000,40.275419409788604,180,139,7,80,70,2000,140.89470624758073,1,0.746419842450878,1861.5708560726935,1861.5708560726935,20.28641260392976,80.0,2,0.746419842450878,3254.0607919080694,1861.5708560726935,20.28641260392976,80.0,Horns Rev III
12,25,5.836702118984743,120.0,0.08884122307996209,80,70,2000,40.275419409788604,180,139,7,80,70,2000,267.61874826494096,0,0.0,0.0,0.0,0.0,0.0,1,0.0,2671.0729393329534,2671.0729393329534,160.93690325179136,80.0,Horns Rev III
12,26,5.836702118984743,120.0,0.08884122307996209,80,70,2000,40.275419409788604,180,139,7,80,70,2000,189.25211246623252,4,1.0,7652.244864590124,1271.4180003543113,104.84127710741524,80.0,10,1.0,7614.570958536411,1271.4180003543113,104.84127710741524,80.0,Horns Rev III
12,27,5.836702118984743,120.0,0.08884122307996209,80,70,2000,40.275419409788604,180,139,7,80,70,2000,231.55210897206342,2,0.0,6918.250177044774,6481.319273381987,90.89288473289344,80.0,4,0.0,6736.956499788782,4262.211465959408,231.19905187023187,80.0,Horns Rev III
12,28,5.836702118984743,120.0,0.08884122307996209,80,70,2000,40.275419409788604,180,139,7,80,70,2000,212.11800059779122,1,0.9781853069309477,9896.493049863057,9896.493049863057,1.7451754455241826,80.0,8,0.9781853069309477,8313.524260751896,3318.893757551167,179.51945049261371,80.0,Horns Rev III
12,29,5.836702118984743,120.0,0.08884122307996209,80,70,2000,40.275419409788604,180,139,7,80,70,2000,246.80380849086083,1,0.0,3862.271524357554,3862.271524357554,92.57241097166911,80.0,1,0.0,3862.271524357554,3862.271524357554,92.57241097166911,80.0,Horns Rev III
12,30,5.836702118984743,120.0,0.08884122307996209,80,70,2000,40.275419409788604,180,139,7,80,70,2000,192.7305449627023,2,0.4647468813404032,3141.5498510135885,1776.2821983038357,85.16892646570989,80.0,4,0.4647468813404032,4419.178044433675,1776.2821983038357,85.16892646570989,80.0,Horns Rev III
12,31,5.836702118984743,120.0,0.08884122307996209,80,70,2000,40.275419409788604,180,139,7,80,70,2000,224.78914744274365,1,0.7754620012324495,12532.816255847854,12532.816255847854,17.963039901404045,80.0,7,0.7754620012324495,10277.877547424187,6769.775724859275,142.2222626231519,80.0,Horns Rev III
12,32,5.836702118984743,120.0,0.08884122307996209,80,70,2000,40.275419409788604,180,139,7,80,70,2000,266.6823340856855,0,0.0,0.0,0.0,0.0,0.0,1,0.0,3354.1571420090813,3354.1571420090813,146.3119127531063,80.0,Horns Rev III
12,33,5.836702118984743,120.0,0.08884122307996209,80,70,2000,40.275419409788604,180,139,7,80,70,2000,267.87771301490244,0,0.0,0.0,0.0,0.0,0.0,0,0.0,0.0,0.0,0.0,0.0,Horns Rev III
12,34,5.836702118984743,120.0,0.08884122307996209,80,70,2000,40.275419409788604,180,139,7,80,70,2000,139.95387681265098,2,1.0,3994.5596020940047,1910.1048847826332,33.745767992857054,80.0,2,1.0,3994.5596020940047,1910.1048847826332,33.745767992857054,80.0,Horns Rev III
12,35,5.836702118984743,120.0,0.08884122307996209,80,70,2000,40.275419409788604,180,139,7,80,70,2000,115.32483067011611,3,1.0,3408.5140502223207,2433.1385940598757,15.192776183583419,80.0,7,1.0,5202.944480431759,2433.1385940598757,15.192776183583419,80.0,Horns Rev III
12,36,5.836702118984743,120.0,0.08884122307996209,80,70,2000,40.275419409788604,180,139,7,80,70,2000,267.8769181957874,0,0.0,0.0,0.0,0.0,0.0,2,0.0,7654.605621158334,6115.909348304214,273.2257006322707,80.0,Horns Rev III
12,37,5.836702118984743,120.0,0.08884122307996209,80,70,2000,40.275419409788604,180,139,7,80,70,2000,157.39851490076086,5,1.0,7211.258471602307,3669.257001530673,44.68784015756137,80.0,9,1.0,8362.23085292628,3669.257001530673,44.68784015756137,80.0,Horns Rev III
12,38,5.836702118984743,120.0,0.08884122307996209,80,70,2000,40.275419409788604,180,139,7,80,70,2000,200.0840044029623,1,0.26543889433214857,468.21255875715303,468.21255875715303,58.764888453428114,80.0,2,0.26543889433214857,2145.2911297616934,468.21255875715303,58.764888453428114,80.0,Horns Rev III
12,39,5.836702118984743,120.0,0.08884122307996209,80,70,2000,40.275419409788604,180,139,7,80,70,2000,265.10424624986615,1,0.0,821.6930278772523,821.6930278772523,116.83210081629755,80.0,5,0.0,6832.147284328026,821.6930278772523,116.83210081629755,80.0,Horns Rev III
12,40,5.836702118984743,120.0,0.08884122307996209,80,70,2000,40.275419409788604,180,139,7,80,70,2000,201.52430017280045,1,0.7160549651808082,7369.904011655295,7369.904011655295,22.71560278553534,80.0,4,0.7160549651808082,6376.44405677662,4584.924139984542,241.2724946585845,80.0,Horns Rev III
12,41,5.836702118984743,120.0,0.08884122307996209,80,70,2000,40.275419409788604,180,139,7,80,70,2000,175.55995191506454,3,0.7075898502787709,4957.511357004995,445.37306935748614,103.41635912327655,80.0,8,0.7075898502787709,8893.427245582247,3523.680982927298,35.42596566663997,80.0,Horns Rev III
12,42,5.836702118984743,120.0,0.08884122307996209,80,70,2000,40.275419409788604,180,139,7,80,70,2000,267.8710713814917,0,0.0,0.0,0.0,0.0,0.0,0,0.0,0.0,0.0,0.0,0.0,Horns Rev III
12,43,5.836702118984743,120.0,0.08884122307996209,80,70,2000,40.275419409788604,180,139,7,80,70,2000,267.87771301490244,0,0.0,0.0,0.0,0.0,0.0,0,0.0,0.0,0.0,0.0,0.0,Horns Rev III
12,44,5.836702118984743,120.0,0.08884122307996209,80,70,2000,40.275419409788604,180,139,7,80,70,2000,195.05876276147978,2,0.3004821246013975,3157.3748140394373,1919.7360429804353,55.9614300318882,80.0,10,0.3004821246013975,6859.392839565744,1919.7360429804353,55.9614300318882,80.0,Horns Rev III
12,45,5.836702118984743,120.0,0.08884122307996209,80,70,2000,40.275419409788604,180,139,7,80,70,2000,267.8776925119769,0,0.0,0.0,0.0,0.0,0.0,0,0.0,0.0,0.0,0.0,0.0,Horns Rev III
12,46,5.836702118984743,120.0,0.08884122307996209,80,70,2000,40.275419409788604,180,139,7,80,70,2000,182.428925849908,1,0.4706415378382246,2730.5353054195057,2730.5353054195057,42.34867697294203,80.0,3,0.4706415378382246,3523.8611281731187,2730.5353054195057,42.34867697294203,80.0,Horns Rev III
12,47,5.836702118984743,120.0,0.08884122307996209,80,70,2000,40.275419409788604,180,139,7,80,70,2000,161.29980214564335,3,1.0,5192.259394206911,2934.4639045914782,74.51476324481337,80.0,7,1.0,6177.750863052111,2934.4639045914782,74.51476324481337,80.0,Horns Rev III
12,48,5.836702118984743,120.0,0.08884122307996209,80,70,2000,40.275419409788604,180,139,7,80,70,2000,267.87771301490244,0,0.0,0.0,0.0,0.0,0.0,0,0.0,0.0,0.0,0.0,0.0,Horns Rev III
12,49,5.836702118984743,120.0,0.08884122307996209,80,70,2000,40.275419409788604,180,139,7,80,70,2000,202.8727892939091,2,0.7159933716961333,5600.622115631379,743.1372818900405,67.27101745209131,80.0,9,0.7159933716961333,6767.929420593705,743.1372818900405,67.27101745209131,80.0,Horns Rev III
12,50,5.836702118984743,120.0,0.08884122307996209,80,70,2000,40.275419409788604,180,139,7,80,70,2000,267.87771301490244,0,0.0,0.0,0.0,0.0,0.0,0,0.0,0.0,0.0,0.0,0.0,Horns Rev III
12,51,5.836702118984743,120.0,0.08884122307996209,80,70,2000,40.275419409788604,180,139,7,80,70,2000,249.48806025220273,1,0.0,7379.799035802906,7379.799035802906,103.39281197769878,80.0,5,0.0,6184.91755086665,2086.7693759683684,145.17239144117593,80.0,Horns Rev III
12,52,5.836702118984743,120.0,0.08884122307996209,80,70,2000,40.275419409788604,180,139,7,80,70,2000,129.33117831528546,3,1.0,3774.4731402829907,2380.464356527122,60.71569419701882,80.0,7,1.0,5646.591253073922,2380.464356527122,60.71569419701882,80.0,Horns Rev III
12,53,5.836702118984743,120.0,0.08884122307996209,80,70,2000,40.275419409788604,180,139,7,80,70,2000,187.6813006159735,1,0.5358197682418563,4168.909434622744,4168.909434622744,37.134418540651495,80.0,1,0.5358197682418563,4168.909434622744,4168.909434622744,37.134418540651495,80.0,Horns Rev III
12,54,5.836702118984743,120.0,0.08884122307996209,80,70,2000,40.275419409788604,180,139,7,80,70,2000,188.34426704479552,3,0.34470259463297165,2210.4709325496133,1160.227747597457,56.06868991271631,80.0,4,0.34470259463297165,3109.5478182474353,1160.227747597457,56.06868991271631,80.0,Horns Rev III
12,55,5.836702118984743,120.0,0.08884122307996209,80,70,2000,40.275419409788604,180,139,7,80,70,2000,158.93491198629502,1,0.6579094157071523,2475.277542118004,2475.277542118004,27.367246743427813,80.0,7,0.6579094157071523,5376.3521515647,2475.277542118004,27.367246743427813,80.0,Horns Rev III
12,56,5.836702118984743,120.0,0.08884122307996209,80,70,2000,40.275419409788604,180,139,7,80,70,2000,266.2204958927927,0,0.0,0.0,0.0,0.0,0.0,2,0.0,3403.005260284671,2219.1078074225793,140.30616713733843,80.0,Horns Rev III
12,57,5.836702118984743,120.0,0.08884122307996209,80,70,2000,40.275419409788604,180,139,7,80,70,2000,194.09368445066707,1,0.42855230971645997,3705.319559691996,3705.319559691996,45.715815222683204,80.0,2,0.42855230971645997,2968.9956638046533,2232.6717679173107,186.38540941185306,80.0,Horns Rev III
12,58,5.836702118984743,120.0,0.08884122307996209,80,70,2000,40.275419409788604,180,139,7,80,70,2000,267.8497000365712,0,0.0,0.0,0.0,0.0,0.0,0,0.0,0.0,0.0,0.0,0.0,Horns Rev III
12,59,5.836702118984743,120.0,0.08884122307996209,80,70,2000,40.275419409788604,180,139,7,80,70,2000,267.86873132781176,0,0.0,0.0,0.0,0.0,0.0,3,0.0,4487.376814302114,2618.8959940498435,202.89494507877498,80.0,Horns Rev III
12,60,5.836702118984743,120.0,0.08884122307996209,80,70,2000,40.275419409788604,180,139,7,80,70,2000,137.90997707341464,2,0.7268854210332378,1463.063184243668,1228.9569048650915,80.61405477076909,80.0,4,0.7268854210332378,2666.7329836868403,1228.9569048650915,80.61405477076909,80.0,Horns Rev III
12,61,5.836702118984743,120.0,0.08884122307996209,80,70,2000,40.275419409788604,180,139,7,80,70,2000,142.5261400260288,1,0.6459669308382587,1358.4671671889491,1358.4671671889491,28.322645532939305,80.0,2,0.6459669308382587,2694.003636855426,1358.4671671889491,28.322645532939305,80.0,Horns Rev III
12,62,5.836702118984743,120.0,0.08884122307996209,80,70,2000,40.275419409788604,180,139,7,80,70,2000,232.00911936775384,1,0.056606561443058465,1910.8624158554485,1910.8624158554485,75.47147508455532,80.0,5,0.056606561443058465,4340.551236118225,1910.8624158554485,75.47147508455532,80.0,Horns Rev III
12,63,5.836702118984743,120.0,0.08884122307996209,80,70,2000,40.275419409788604,180,139,7,80,70,2000,267.87771301490244,0,0.0,0.0,0.0,0.0,0.0,0,0.0,0.0,0.0,0.0,0.0,Horns Rev III
12,64,5.836702118984743,120.0,0.08884122307996209,80,70,2000,40.275419409788604,180,139,7,80,70,2000,155.55093195142138,1,0.6529901742858669,2198.9221982546806,2198.9221982546806,27.760786057130645,80.0,1,0.6529901742858669,2198.9221982546806,2198.9221982546806,27.760786057130645,80.0,Horns Rev III
12,65,5.836702118984743,120.0,0.08884122307996209,80,70,2000,40.275419409788604,180,139,7,80,70,2000,242.0478477024367,1,0.0,2361.847645002626,2361.847645002626,84.10917811153672,80.0,2,0.0,2068.600720712956,1775.353796423286,148.24987238061,80.0,Horns Rev III
12,66,5.836702118984743,120.0,0.08884122307996209,80,70,2000,40.275419409788604,180,139,7,80,70,2000,267.87771288075885,0,0.0,0.0,0.0,0.0,0.0,0,0.0,0.0,0.0,0.0,0.0,Horns Rev III
12,67,5.836702118984743,120.0,0.08884122307996209,80,70,2000,40.275419409788604,180,139,7,80,70,2000,243.22185011098193,1,0.0,9932.046609021349,9932.046609021349,97.5998992242512,80.0,9,0.0,6227.412398456677,1744.8037771533232,136.59640096842486,80.0,Horns Rev III
12,68,5.836702118984743,120.0,0.08884122307996209,80,70,2000,40.275419409788604,180,139,7,80,70,2000,90.94040163103107,4,1.0,6322.554739716668,988.4210700941092,13.102960994034447,80.0,10,1.0,8128.471109561154,988.4210700941092,13.102960994034447,80.0,Horns Rev III
12,69,5.836702118984743,120.0,0.08884122307996209,80,70,2000,40.275419409788604,180,139,7,80,70,2000,147.09668135492075,1,0.855291806477996,2619.4010687241216,2619.4010687241216,11.576655481760326,80.0,1,0.855291806477996,2619.4010687241216,2619.4010687241216,11.576655481760326,80.0,Horns Rev III
12,70,5.836702118984743,120.0,0.08884122307996209,80,70,2000,40.275419409788604,180,139,7,80,70,2000,267.78230103628323,0,0.0,0.0,0.0,0.0,0.0,0,0.0,0.0,0.0,0.0,0.0,Horns Rev III
12,71,5.836702118984743,120.0,0.08884122307996209,80,70,2000,40.275419409788604,180,139,7,80,70,2000,144.36190818253476,1,0.9372663509491048,2611.2021975076364,2611.2021975076364,5.018691924071618,80.0,2,0.9372663509491048,2999.944571292207,2611.2021975076364,5.018691924071618,80.0,Horns Rev III
12,72,5.836702118984743,120.0,0.08884122307996209,80,70,2000,40.275419409788604,180,139,7,80,70,2000,266.9360993569549,0,0.0,0.0,0.0,0.0,0.0,3,0.0,4011.565284249357,2356.163514909186,145.51902601386269,80.0,Horns Rev III
12,73,5.836702118984743,120.0,0.08884122307996209,80,70,2000,40.275419409788604,180,139,7,80,70,2000,201.36961889182214,1,0.32544228247486445,2951.6616371354003,2951.6616371354003,53.964617402010845,80.0,2,0.32544228247486445,3314.2474709205308,2951.6616371354003,53.964617402010845,80.0,Horns Rev III
12,74,5.836702118984743,120.0,0.08884122307996209,80,70,2000,40.275419409788604,180,139,7,80,70,2000,218.7375029973563,2,0.1416997396309327,5695.29181800633,1675.6139685299813,68.66402082952538,80.0,6,0.1416997396309327,7911.003101500846,1675.6139685299813,68.66402082952538,80.0,Horns Rev III
12,75,5.836702118984743,120.0,0.08884122307996209,80,70,2000,40.275419409788604,180,139,7,80,70,2000,267.87771301490244,0,0.0,0.0,0.0,0.0,0.0,0,0.0,0.0,0.0,0.0,0.0,Horns Rev III
12,76,5.836702118984743,120.0,0.08884122307996209,80,70,2000,40.275419409788604,180,139,7,80,70,2000,166.8988473020343,1,0.9586889382816451,4167.648009448632,4167.648009448632,3.304884937468387,80.0,5,0.9586889382816451,6338.637760239644,4167.648009448632,3.304884937468387,80.0,Horns Rev III
12,77,5.836702118984743,120.0,0.08884122307996209,80,70,2000,40.275419409788604,180,139,7,80,70,2000,267.8777130149011,0,0.0,0.0,0.0,0.0,0.0,0,0.0,0.0,0.0,0.0,0.0,Horns Rev III
12,78,5.836702118984743,120.0,0.08884122307996209,80,70,2000,40.275419409788604,180,139,7,80,70,2000,267.8771600598065,0,0.0,0.0,0.0,0.0,0.0,0,0.0,0.0,0.0,0.0,0.0,Horns Rev III
12,79,5.836702118984743,120.0,0.08884122307996209,80,70,2000,40.275419409788604,180,139,7,80,70,2000,157.15646809768762,2,1.0,4694.173209094888,3594.712109967548,23.06593057917621,80.0,3,1.0,4893.792026008105,3594.712109967548,23.06593057917621,80.0,Horns Rev III
13,0,5.675433129844853,240.0,0.07006268650620182,80,70,2000,9.052153734903879,270,103,5,80,70,2000,244.337723963136,0,0.0,0.0,0.0,0.0,0.0,2,0.0,4414.977134972598,3468.2185300870383,156.27884268544972,80.0,Horns Rev III
13,1,5.675433129844853,240.0,0.07006268650620182,80,70,2000,9.052153734903879,270,103,5,80,70,2000,73.13156494045013,9,1.0,6778.243860400072,630.0633799860145,24.782000915958406,80.0,25,1.0,7888.015132924693,630.0633799860145,24.782000915958406,80.0,Horns Rev III
13,2,5.675433129844853,240.0,0.07006268650620182,80,70,2000,9.052153734903879,270,103,5,80,70,2000,91.61778109187645,5,1.0,5809.281936182475,1319.3935971540936,28.56141094829445,80.0,12,1.0,8217.937604065766,1319.3935971540936,28.56141094829445,80.0,Horns Rev III
13,3,5.675433129844853,240.0,0.07006268650620182,80,70,2000,9.052153734903879,270,103,5,80,70,2000,244.75528996370184,0,0.0,0.0,0.0,0.0,0.0,0,0.0,0.0,0.0,0.0,0.0,Horns Rev III
13,4,5.675433129844853,240.0,0.07006268650620182,80,70,2000,9.052153734903879,270,103,5,80,70,2000,104.95394626994182,1,0.7783168454888901,968.3755914914206,968.3755914914206,17.734652360888788,80.0,1,0.7783168454888901,968.3755914914206,968.3755914914206,17.734652360888788,80.0,Horns Rev III
13,5,5.675433129844853,240.0,0.07006268650620182,80,70,2000,9.052153734903879,270,103,5,80,70,2000,242.0459674331063,0,0.0,0.0,0.0,0.0,0.0,2,0.0,1918.6267284214885,1516.840974352147,124.79177190695827,80.0,Horns Rev III
13,6,5.675433129844853,240.0,0.07006268650620182,80,70,2000,9.052153734903879,270,103,5,80,70,2000,133.6056673875965,2,1.0,5386.038922344374,4882.927146773319,6.354731110312514,80.0,14,1.0,5445.385551689011,2723.357441752735,139.01501912476624,80.0,Horns Rev III
13,7,5.675433129844853,240.0,0.07006268650620182,80,70,2000,9.052153734903879,270,103,5,80,70,2000,244.75528996370184,0,0.0,0.0,0.0,0.0,0.0,0,0.0,0.0,0.0,0.0,0.0,Horns Rev III
13,8,5.675433129844853,240.0,0.07006268650620182,80,70,2000,9.052153734903879,270,103,5,80,70,2000,233.70234947663533,1,0.0,1917.7308538043849,1917.7308538043849,97.92348174154858,80.0,3,0.0,2501.39403096113,1917.7308538043849,97.92348174154858,80.0,Horns Rev III
13,9,5.675433129844853,240.0,0.07006268650620182,80,70,2000,9.052153734903879,270,103,5,80,70,2000,169.4811552554993,5,0.47021764514136355,4449.623940250547,1506.64745623019,111.40836193506095,80.0,14,0.47021764514136355,5214.264640957479,1506.64745623019,111.40836193506095,80.0,Horns Rev III
13,10,5.675433129844853,240.0,0.07006268650620182,80,70,2000,9.052153734903879,270,103,5,80,70,2000,107.67697830926922,8,1.0,8333.627939343874,5084.369018044097,51.311380188136354,80.0,25,1.0,8629.626589541209,3577.721561813907,162.7197421231972,80.0,Horns Rev III
13,11,5.675433129844853,240.0,0.07006268650620182,80,70,2000,9.052153734903879,270,103,5,80,70,2000,244.75528944978558,0,0.0,0.0,0.0,0.0,0.0,0,0.0,0.0,0.0,0.0,0.0,Horns Rev III
13,12,5.675433129844853,240.0,0.07006268650620182,80,70,2000,9.052153734903879,270,103,5,80,70,2000,244.75528996370184,0,0.0,0.0,0.0,0.0,0.0,0,0.0,0.0,0.0,0.0,0.0,Horns Rev III
13,13,5.675433129844853,240.0,0.07006268650620182,80,70,2000,9.052153734903879,270,103,5,80,70,2000,89.8393797952597,1,0.9908138236737798,803.5715081386832,803.5715081386832,0.7348941060976131,80.0,1,0.9908138236737798,803.5715081386832,803.5715081386832,0.7348941060976131,80.0,Horns Rev III
13,14,5.675433129844853,240.0,0.07006268650620182,80,70,2000,9.052153734903879,270,103,5,80,70,2000,244.75528996370184,0,0.0,0.0,0.0,0.0,0.0,0,0.0,0.0,0.0,0.0,0.0,Horns Rev III
13,15,5.675433129844853,240.0,0.07006268650620182,80,70,2000,9.052153734903879,270,103,5,80,70,2000,242.55887164702537,0,0.0,0.0,0.0,0.0,0.0,3,0.0,2421.576647588376,1158.2062514223767,132.04707236784037,80.0,Horns Rev III
13,16,5.675433129844853,240.0,0.07006268650620182,80,70,2000,9.052153734903879,270,103,5,80,70,2000,94.1936936360629,4,1.0,5612.360423785476,2981.95193133544,5.413169077445218,80.0,11,1.0,7525.684371176369,2981.95193133544,5.413169077445218,80.0,Horns Rev III
13,17,5.675433129844853,240.0,0.07006268650620182,80,70,2000,9.052153734903879,270,103,5,80,70,2000,244.75528981773527,0,0.0,0.0,0.0,0.0,0.0,0,0.0,0.0,0.0,0.0,0.0,Horns Rev III
13,18,5.675433129844853,240.0,0.07006268650620182,80,70,2000,9.052153734903879,270,103,5,80,70,2000,159.51596448816954,1,0.4543400666417455,1893.5172097711186,1893.5172097711186,43.65279466866036,80.0,1,0.4543400666417455,1893.5172097711186,1893.5172097711186,43.65279466866036,80.0,Horns Rev III
13,19,5.675433129844853,240.0,0.07006268650620182,80,70,2000,9.052153734903879,270,103,5,80,70,2000,244.2383528705018,0,0.0,0.0,0.0,0.0,0.0,1,0.0,1165.1584766553174,1165.1584766553174,134.98884297459279,80.0,Horns Rev III
13,20,5.675433129844853,240.0,0.07006268650620182,80,70,2000,9.052153734903879,270,103,5,80,70,2000,86.39488082149762,5,1.0,5129.975763168666,2544.8594633832513,6.750729058949901,80.0,10,1.0,5751.445525011599,2544.8594633832513,6.750729058949901,80.0,Horns Rev III
13,21,5.675433129844853,240.0,0.07006268650620182,80,70,2000,9.052153734903879,270,103,5,80,70,2000,109.70722325574438,2,0.8326271855456,1865.4181047944553,1387.2450301857305,13.389825156352003,80.0,4,0.8326271855456,2750.893829127099,1387.2450301857305,13.389825156352003,80.0,Horns Rev III
13,22,5.675433129844853,240.0,0.07006268650620182,80,70,2000,9.052153734903879,270,103,5,80,70,2000,124.8961291492819,2,1.0,3954.9765921572102,3393.7201401278053,37.506922220793285,80.0,3,1.0,3449.109058408259,2437.3739909103556,166.32030394576157,80.0,Horns Rev III
13,23,5.675433129844853,240.0,0.07006268650620182,80,70,2000,9.052153734903879,270,103,5,80,70,2000,117.70979753893066,2,0.7759564782306441,1498.6033168948427,539.7378899926501,35.083590378518466,80.0,5,0.7759564782306441,2510.382394420097,539.7378899926501,35.083590378518466,80.0,Horns Rev III
13,24,5.675433129844853,240.0,0.07006268650620182,80,70,2000,9.052153734903879,270,103,5,80,70,2000,118.70567445172905,1,0.7117479771124081,1308.3940072009914,1308.3940072009914,23.06016183100735,80.0,1,0.7117479771124081,1308.3940072009914,1308.3940072009914,23.06016183100735,80.0,Horns Rev III
13,25,5.675433129844853,240.0,0.07006268650620182,80,70,2000,9.052153734903879,270,103,5,80,70,2000,244.75528996370184,0,0.0,0.0,0.0,0.0,0.0,0,0.0,0.0,0.0,0.0,0.0,Horns Rev III
13,26,5.675433129844853,240.0,0.07006268650620182,80,70,2000,9.052153734903879,270,103,5,80,70,2000,121.85290969265739,6,1.0,4558.583579241741,3394.158841869591,25.12685286382839,80.0,10,1.0,4969.254515726012,3394.158841869591,25.12685286382839,80.0,Horns Rev III
13,27,5.675433129844853,240.0,0.07006268650620182,80,70,2000,9.052153734903879,270,103,5,80,70,2000,119.06278594118682,2,0.9029753042251911,3249.3976360170864,1198.1899813008297,28.87965659276415,80.0,5,0.9029753042251911,3796.91064175136,1198.1899813008297,28.87965659276415,80.0,Horns Rev III
13,28,5.675433129844853,240.0,0.07006268650620182,80,70,2000,9.052153734903879,270,103,5,80,70,2000,103.10702793419036,8,1.0,5379.04939091032,2790.2770715667043,44.16820458740199,80.0,15,1.0,5563.465110849916,2790.2770715667043,44.16820458740199,80.0,Horns Rev III
13,29,5.675433129844853,240.0,0.07006268650620182,80,70,2000,9.052153734903879,270,103,5,80,70,2000,243.88733892659747,0,0.0,0.0,0.0,0.0,0.0,2,0.0,4619.033626974895,2419.519020375672,138.9250203185087,80.0,Horns Rev III
13,30,5.675433129844853,240.0,0.07006268650620182,80,70,2000,9.052153734903879,270,103,5,80,70,2000,198.66584775503284,1,0.17584669756857635,2036.236213399811,2036.236213399811,65.93226419451389,80.0,2,0.17584669756857635,1738.3115839541806,1440.3869545085504,144.04089896092398,80.0,Horns Rev III
13,31,5.675433129844853,240.0,0.07006268650620182,80,70,2000,9.052153734903879,270,103,5,80,70,2000,114.37138501520008,4,1.0,5550.660608960448,4529.288745624649,116.40234290062176,80.0,13,1.0,5944.508516524667,4067.3293574022373,221.90725686514293,80.0,Horns Rev III
13,32,5.675433129844853,240.0,0.07006268650620182,80,70,2000,9.052153734903879,270,103,5,80,70,2000,244.00172129289052,0,0.0,0.0,0.0,0.0,0.0,1,0.0,2078.8590532762596,2078.8590532762596,179.1615227106829,80.0,Horns Rev III
13,33,5.675433129844853,240.0,0.07006268650620182,80,70,2000,9.052153734903879,270,103,5,80,70,2000,235.16471455594382,1,0.0,4216.793307612138,4216.793307612138,109.48082376465754,80.0,2,0.0,3732.6055118664276,3248.417716120717,127.21547612554627,80.0,Horns Rev III
13,34,5.675433129844853,240.0,0.07006268650620182,80,70,2000,9.052153734903879,270,103,5,80,70,2000,216.73401958909346,1,0.0009395415293852238,2711.189741031286,2711.189741031286,79.92483667764918,80.0,2,0.0009395415293852238,2246.5209984753074,1781.8522559193284,141.8144105122533,80.0,Horns Rev III
13,35,5.675433129844853,240.0,0.07006268650620182,80,70,2000,9.052153734903879,270,103,5,80,70,2000,244.75528991175017,0,0.0,0.0,0.0,0.0,0.0,0,0.0,0.0,0.0,0.0,0.0,Horns Rev III
13,36,5.675433129844853,240.0,0.07006268650620182,80,70,2000,9.052153734903879,270,103,5,80,70,2000,97.38923568208412,4,1.0,3231.395374731769,2017.7296513685096,23.02742694507924,80.0,7,1.0,3522.1203099221707,2017.7296513685096,23.02742694507924,80.0,Horns Rev III
13,37,5.675433129844853,240.0,0.07006268650620182,80,70,2000,9.052153734903879,270,103,5,80,70,2000,66.13990062664914,8,1.0,3468.4887795789555,1364.1354530719727,6.9503079895819155,80.0,14,1.0,4254.750043386527,1364.1354530719727,6.9503079895819155,80.0,Horns Rev III
13,38,5.675433129844853,240.0,0.07006268650620182,80,70,2000,9.052153734903879,270,103,5,80,70,2000,244.7552895942329,0,0.0,0.0,0.0,0.0,0.0,0,0.0,0.0,0.0,0.0,0.0,Horns Rev III
13,39,5.675433129844853,240.0,0.07006268650620182,80,70,2000,9.052153734903879,270,103,5,80,70,2000,86.59025571094162,10,1.0,6441.408618732881,547.8643497599277,68.03273087201825,80.0,21,1.0,7107.3441874304945,547.8643497599277,68.03273087201825,80.0,Horns Rev III
13,40,5.675433129844853,240.0,0.07006268650620182,80,70,2000,9.052153734903879,270,103,5,80,70,2000,244.75528996370156,0,0.0,0.0,0.0,0.0,0.0,0,0.0,0.0,0.0,0.0,0.0,Horns Rev III
13,41,5.675433129844853,240.0,0.07006268650620182,80,70,2000,9.052153734903879,270,103,5,80,70,2000,149.754148168355,4,1.0,7127.582529829379,5882.878647239259,60.336993145580436,80.0,18,1.0,6830.315727882581,2277.122360007487,120.97393901933754,80.0,Horns Rev III
13,42,5.675433129844853,240.0,0.07006268650620182,80,70,2000,9.052153734903879,270,103,5,80,70,2000,167.20403672672418,1,0.37064823767856864,1122.51290405881,1122.51290405881,50.34814098571451,80.0,1,0.37064823767856864,1122.51290405881,1122.51290405881,50.34814098571451,80.0,Horns Rev III
13,43,5.675433129844853,240.0,0.07006268650620182,80,70,2000,9.052153734903879,270,103,5,80,70,2000,118.16899614906332,1,0.9786611766025402,2163.487338966004,2163.487338966004,1.7071058717967844,80.0,1,0.9786611766025402,2163.487338966004,2163.487338966004,1.7071058717967844,80.0,Horns Rev III
13,44,5.675433129844853,240.0,0.07006268650620182,80,70,2000,9.052153734903879,270,103,5,80,70,2000,125.78615759002338,6,1.0,4428.279838917552,1967.912267429152,81.70967722101932,80.0,12,1.0,4927.221788013125,1967.912267429152,81.70967722101932,80.0,Horns Rev III
13,45,5.675433129844853,240.0,0.07006268650620182,80,70,2000,9.052153734903879,270,103,5,80,70,2000,81.90404935492478,8,1.0,7715.786673862998,2172.483494611889,25.653951169748666,80.0,20,1.0,9710.008590082882,2172.483494611889,25.653951169748666,80.0,Horns Rev III
13,46,5.675433129844853,240.0,0.07006268650620182,80,70,2000,9.052153734903879,270,103,5,80,70,2000,242.4640426360066,0,0.0,0.0,0.0,0.0,0.0,3,0.0,4502.746581029366,3662.13518175557,132.63270470363045,80.0,Horns Rev III
13,47,5.675433129844853,240.0,0.07006268650620182,80,70,2000,9.052153734903879,270,103,5,80,70,2000,130.54603631367644,7,1.0,5638.320093973866,1765.4644384528383,53.504105095018076,80.0,16,1.0,5864.217885696334,1765.4644384528383,53.504105095018076,80.0,Horns Rev III
13,48,5.675433129844853,240.0,0.07006268650620182,80,70,2000,9.052153734903879,270,103,5,80,70,2000,214.61475459734964,2,0.0,4128.841053244927,3047.097383761925,89.44607447974977,80.0,2,0.0,4128.841053244927,3047.097383761925,89.44607447974977,80.0,Horns Rev III
13,49,5.675433129844853,240.0,0.07006268650620182,80,70,2000,9.052153734903879,270,103,5,80,70,2000,117.26011502053653,7,1.0,6969.102847475083,1767.0052847163297,87.14439183563456,80.0,20,1.0,7041.885435391843,1767.0052847163297,87.14439183563456,80.0,Horns Rev III
13,50,5.675433129844853,240.0,0.07006268650620182,80,70,2000,9.052153734903879,270,103,5,80,70,2000,244.75528996370184,0,0.0,0.0,0.0,0.0,0.0,0,0.0,0.0,0.0,0.0,0.0,Horns Rev III
13,51,5.675433129844853,240.0,0.07006268650620182,80,70,2000,9.052153734903879,270,103,5,80,70,2000,73.61480034978186,7,1.0,6335.20363342984,1371.002977737068,37.97182679812613,80.0,15,1.0,7697.360361941039,1371.002977737068,37.97182679812613,80.0,Horns Rev III
13,52,5.675433129844853,240.0,0.07006268650620182,80,70,2000,9.052153734903879,270,103,5,80,70,2000,158.0221854709787,1,0.6249667190442949,4102.415309432514,4102.415309432514,30.002662476456408,80.0,2,0.6249667190442949,3935.141439005429,3767.8675685783446,190.19389654330826,80.0,Horns Rev III
13,53,5.675433129844853,240.0,0.07006268650620182,80,70,2000,9.052153734903879,270,103,5,80,70,2000,222.16833834485126,1,0.0,846.4462399663208,846.4462399663208,81.15217863290104,80.0,1,0.0,846.4462399663208,846.4462399663208,81.15217863290104,80.0,Horns Rev III
13,54,5.675433129844853,240.0,0.07006268650620182,80,70,2000,9.052153734903879,270,103,5,80,70,2000,244.75528590760365,0,0.0,0.0,0.0,0.0,0.0,0,0.0,0.0,0.0,0.0,0.0,Horns Rev III
13,55,5.675433129844853,240.0,0.07006268650620182,80,70,2000,9.052153734903879,270,103,5,80,70,2000,156.58963741353696,5,0.6513041263283796,5033.192592824981,1396.7437999259546,55.085156268599235,80.0,20,0.6513041263283795,6004.204709746546,1396.7437999259546,55.085156268599235,80.0,Horns Rev III
13,56,5.675433129844853,240.0,0.07006268650620182,80,70,2000,9.052153734903879,270,103,5,80,70,2000,131.08470946134653,1,0.9292782216883353,3041.5906508736393,3041.5906508736393,5.657742264933177,80.0,1,0.9292782216883353,3041.5906508736393,3041.5906508736393,5.657742264933177,80.0,Horns Rev III
13,57,5.675433129844853,240.0,0.07006268650620182,80,70,2000,9.052153734903879,270,103,5,80,70,2000,156.4668168792455,2,0.5839096579541121,2108.963804092521,753.3689335768781,113.21206404132008,80.0,2,0.5839096579541121,2108.963804092521,753.3689335768781,113.21206404132008,80.0,Horns Rev III
13,58,5.675433129844853,240.0,0.07006268650620182,80,70,2000,9.052153734903879,270,103,5,80,70,2000,244.67746079024252,0,0.0,0.0,0.0,0.0,0.0,1,0.0,3826.6169092499185,3826.6169092499185,180.1884909154394,80.0,Horns Rev III
13,59,5.675433129844853,240.0,0.07006268650620182,80,70,2000,9.052153734903879,270,103,5,80,70,2000,104.43912268794037,3,1.0,3507.2113232667157,1340.9462325886577,51.43066264066874,80.0,8,1.0,4732.64817842221,1340.9462325886577,51.43066264066874,80.0,Horns Rev III
13,60,5.675433129844853,240.0,0.07006268650620182,80,70,2000,9.052153734903879,270,103,5,80,70,2000,241.474584790382,1,0.0,1915.1141025111906,1915.1141025111906,117.40000992847752,80.0,1,0.0,1915.1141025111906,1915.1141025111906,117.40000992847752,80.0,Horns Rev III
13,61,5.675433129844853,240.0,0.07006268650620182,80,70,2000,9.052153734903879,270,103,5,80,70,2000,244.75528996370184,0,0.0,0.0,0.0,0.0,0.0,0,0.0,0.0,0.0,0.0,0.0,Horns Rev III
13,62,5.675433129844853,240.0,0.07006268650620182,80,70,2000,9.052153734903879,270,103,5,80,70,2000,217.51006745223663,2,0.0,6263.6188960769105,5832.583173151151,87.61171892530501,80.0,9,0.0,6970.488984940152,5832.583173151151,87.61171892530501,80.0,Horns Rev III
13,63,5.675433129844853,240.0,0.07006268650620182,80,70,2000,9.052153734903879,270,103,5,80,70,2000,189.2650276449273,1,0.30388925078021317,4664.3649384335495,4664.3649384335495,55.68885993758295,80.0,3,0.30388925078021317,3687.9647103078773,2715.5768004993315,161.3611380589441,80.0,Horns Rev III
13,64,5.675433129844853,240.0,0.07006268650620182,80,70,2000,9.052153734903879,270,103,5,80,70,2000,238.1673986345406,0,0.0,0.0,0.0,0.0,0.0,5,0.0,3900.133682820038,1439.196940335336,138.38563273891862,80.0,Horns Rev III
13,65,5.675433129844853,240.0,0.07006268650620182,80,70,2000,9.052153734903879,270,103,5,80,70,2000,244.75528996370184,0,0.0,0.0,0.0,0.0,0.0,0,0.0,0.0,0.0,0.0,0.0,Horns Rev III
13,66,5.675433129844853,240.0,0.07006268650620182,80,70,2000,9.052153734903879,270,103,5,80,70,2000,244.75528991361753,0,0.0,0.0,0.0,0.0,0.0,0,0.0,0.0,0.0,0.0,0.0,Horns Rev III
13,67,5.675433129844853,240.0,0.07006268650620182,80,70,2000,9.052153734903879,270,103,5,80,70,2000,66.7758081205657,7,1.0,3713.4387671997465,1877.4089017893464,21.43334674016228,80.0,12,1.0,4190.251552293393,1877.4089017893464,21.43334674016228,80.0,Horns Rev III
13,68,5.675433129844853,240.0,0.07006268650620182,80,70,2000,9.052153734903879,270,103,5,80,70,2000,110.50225817903582,5,1.0,4576.291867756882,1723.5903530961155,27.052208743522783,80.0,13,1.0,4553.00480006989,1723.5903530961155,27.052208743522783,80.0,Horns Rev III
13,69,5.675433129844853,240.0,0.07006268650620182,80,70,2000,9.052153734903879,270,103,5,80,70,2000,243.80817260148578,0,0.0,0.0,0.0,0.0,0.0,4,0.0,5874.25898328475,3905.163649650871,172.81855365841125,80.0,Horns Rev III
13,70,5.675433129844853,240.0,0.07006268650620182,80,70,2000,9.052153734903879,270,103,5,80,70,2000,244.75528996370184,0,0.0,0.0,0.0,0.0,0.0,0,0.0,0.0,0.0,0.0,0.0,Horns Rev III
13,71,5.675433129844853,240.0,0.07006268650620182,80,70,2000,9.052153734903879,270,103,5,80,70,2000,243.07794638517254,0,0.0,0.0,0.0,0.0,0.0,1,0.0,3239.0167506802545,3239.0167506802545,135.03761362260434,80.0,Horns Rev III
13,72,5.675433129844853,240.0,0.07006268650620182,80,70,2000,9.052153734903879,270,103,5,80,70,2000,244.75528996370184,0,0.0,0.0,0.0,0.0,0.0,0,0.0,0.0,0.0,0.0,0.0,Horns Rev III
13,73,5.675433129844853,240.0,0.07006268650620182,80,70,2000,9.052153734903879,270,103,5,80,70,2000,219.23126182003898,1,0.023642065419874216,595.8492588912607,595.8492588912607,78.10863476641006,80.0,1,0.023642065419874216,595.8492588912607,595.8492588912607,78.10863476641006,80.0,Horns Rev III
13,74,5.675433129844853,240.0,0.07006268650620182,80,70,2000,9.052153734903879,270,103,5,80,70,2000,96.35839466317381,9,1.0,7258.840339589038,2221.9355378348832,6.590181602779694,80.0,23,1.0,7568.5454849034195,2221.9355378348832,6.590181602779694,80.0,Horns Rev III
13,75,5.675433129844853,240.0,0.07006268650620182,80,70,2000,9.052153734903879,270,103,5,80,70,2000,244.75528996370184,0,0.0,0.0,0.0,0.0,0.0,0,0.0,0.0,0.0,0.0,0.0,Horns Rev III
13,76,5.675433129844853,240.0,0.07006268650620182,80,70,2000,9.052153734903879,270,103,5,80,70,2000,119.96431154426648,6,1.0,5791.567431641568,1516.5876290010115,51.620099102483664,80.0,13,1.0,6760.957791444801,1516.5876290010115,51.620099102483664,80.0,Horns Rev III
13,77,5.675433129844853,240.0,0.07006268650620182,80,70,2000,9.052153734903879,270,103,5,80,70,2000,153.5938108056014,5,1.0,11230.21931544978,8669.873868021852,25.549440826796854,80.0,33,1.0,10716.492710088134,5057.66395953672,318.7317701632803,80.0,Horns Rev III
13,78,5.675433129844853,240.0,0.07006268650620182,80,70,2000,9.052153734903879,270,103,5,80,70,2000,199.1076144988441,2,0.12594973569221962,2567.4724697374277,1873.8499546445626,83.31384630097432,80.0,6,0.12594973569221962,4026.632143010358,1873.8499546445626,83.31384630097432,80.0,Horns Rev III
13,79,5.675433129844853,240.0,0.07006268650620182,80,70,2000,9.052153734903879,270,103,5,80,70,2000,243.4289626556669,0,0.0,0.0,0.0,0.0,0.0,1,0.0,4170.109189899807,4170.109189899807,144.27259984367447,80.0,Horns Rev III
14,0,7.979938716087295,330.0,0.07781695558713331,80,70,2000,25.07703240083138,240,88,6,112,84,3450,712.6760616736278,0,0.0,0.0,0.0,0.0,0.0,2,0.0,4359.754178639064,2031.3961651502977,147.71722972427244,80.0,Horns Rev III
14,1,7.979938716087295,330.0,0.07781695558713331,80,70,2000,25.07703240083138,240,88,6,112,84,3450,713.7705096503789,0,0.0,0.0,0.0,0.0,0.0,0,0.0,0.0,0.0,0.0,0.0,Horns Rev III
14,2,7.979938716087295,330.0,0.07781695558713331,80,70,2000,25.07703240083138,240,88,6,112,84,3450,713.77050954195,0,0.0,0.0,0.0,0.0,0.0,0,0.0,0.0,0.0,0.0,0.0,Horns Rev III
14,3,7.979938716087295,330.0,0.07781695558713331,80,70,2000,25.07703240083138,240,88,6,112,84,3450,604.9747667228252,1,0.14228907156544893,6094.958696809057,6094.958696809057,68.61687427476409,80.0,6,0.14228907156544893,7349.947831647918,4047.644232311765,189.99675061237372,80.0,Horns Rev III
14,4,7.979938716087295,330.0,0.07781695558713331,80,70,2000,25.07703240083138,240,88,6,112,84,3450,520.756378657559,1,0.560657643253171,5595.823539622387,5595.823539622387,35.147388539746316,80.0,2,0.560657643253171,5108.400112186555,4620.976684750722,146.20181007552992,80.0,Horns Rev III
14,5,7.979938716087295,330.0,0.07781695558713331,80,70,2000,25.07703240083138,240,88,6,112,84,3450,302.7981800600529,1,0.8853566963173435,922.6470972826995,922.6470972826995,9.17146429461252,80.0,5,0.8853566963173435,5452.373851142709,922.6470972826995,9.17146429461252,80.0,Horns Rev III
14,6,7.979938716087295,330.0,0.07781695558713331,80,70,2000,25.07703240083138,240,88,6,112,84,3450,713.7705096503789,0,0.0,0.0,0.0,0.0,0.0,0,0.0,0.0,0.0,0.0,0.0,Horns Rev III
14,7,7.979938716087295,330.0,0.07781695558713331,80,70,2000,25.07703240083138,240,88,6,112,84,3450,713.5493962086288,0,0.0,0.0,0.0,0.0,0.0,3,0.0,5909.773696855242,4438.442405886593,279.8589857526026,80.0,Horns Rev III
14,8,7.979938716087295,330.0,0.07781695558713331,80,70,2000,25.07703240083138,240,88,6,112,84,3450,713.7705096503789,0,0.0,0.0,0.0,0.0,0.0,0,0.0,0.0,0.0,0.0,0.0,Horns Rev III
14,9,7.979938716087295,330.0,0.07781695558713331,80,70,2000,25.07703240083138,240,88,6,112,84,3450,713.7702360890357,0,0.0,0.0,0.0,0.0,0.0,1,0.0,3325.2562916990764,3325.2562916990764,242.88675404610558,80.0,Horns Rev III
14,10,7.979938716087295,330.0,0.07781695558713331,80,70,2000,25.07703240083138,240,88,6,112,84,3450,713.7705096151208,0,0.0,0.0,0.0,0.0,0.0,0,0.0,0.0,0.0,0.0,0.0,Horns Rev III
14,11,7.979938716087295,330.0,0.07781695558713331,80,70,2000,25.07703240083138,240,88,6,112,84,3450,657.6268010503311,2,0.0,3870.6215390152215,1222.7502537702376,110.22825349620894,80.0,5,0.0,5455.304702166735,1222.7502537702376,110.22825349620894,80.0,Horns Rev III
14,12,7.979938716087295,330.0,0.07781695558713331,80,70,2000,25.07703240083138,240,88,6,112,84,3450,321.3526407252478,3,1.0,5471.474672724399,553.2131447528691,30.001694557794167,80.0,5,1.0,4900.11792209432,553.2131447528691,30.001694557794167,80.0,Horns Rev III
14,13,7.979938716087295,330.0,0.07781695558713331,80,70,2000,25.07703240083138,240,88,6,112,84,3450,459.88463925265324,1,0.5809029583511063,2853.149477734468,2853.149477734468,33.5277633319115,80.0,11,0.5809029583511063,7295.4641426633025,2853.149477734468,33.5277633319115,80.0,Horns Rev III
14,14,7.979938716087295,330.0,0.07781695558713331,80,70,2000,25.07703240083138,240,88,6,112,84,3450,212.00725993798068,3,1.0,2626.231816351776,793.4514158512375,13.639526113496174,80.0,3,1.0,2626.231816351776,793.4514158512375,13.639526113496174,80.0,Horns Rev III
14,15,7.979938716087295,330.0,0.07781695558713331,80,70,2000,25.07703240083138,240,88,6,112,84,3450,376.9453166664896,2,0.9832433879076063,1763.626217577394,1088.0970642794844,70.0496634508927,80.0,2,0.9832433879076063,1763.626217577394,1088.0970642794844,70.0496634508927,80.0,Horns Rev III
14,16,7.979938716087295,330.0,0.07781695558713331,80,70,2000,25.07703240083138,240,88,6,112,84,3450,713.7705096503789,0,0.0,0.0,0.0,0.0,0.0,0,0.0,0.0,0.0,0.0,0.0,Horns Rev III
14,17,7.979938716087295,330.0,0.07781695558713331,80,70,2000,25.07703240083138,240,88,6,112,84,3450,549.0487234820823,1,0.2655150258200763,1351.0583065958192,1351.0583065958192,58.7587979343939,80.0,1,0.2655150258200763,1351.0583065958192,1351.0583065958192,58.7587979343939,80.0,Horns Rev III
14,18,7.979938716087295,330.0,0.07781695558713331,80,70,2000,25.07703240083138,240,88,6,112,84,3450,454.8233700670735,2,1.0,6934.76517722336,5207.470399024107,28.143799526529165,80.0,6,1.0,5905.739468381203,2912.892896398359,137.0460461469993,80.0,Horns Rev III
14,19,7.979938716087295,330.0,0.07781695558713331,80,70,2000,25.07703240083138,240,88,6,112,84,3450,628.648557403199,1,0.011233718465715015,4704.430084185053,4704.430084185053,79.1013025227428,80.0,3,0.011233718465715015,7194.234683777683,4704.430084185053,79.1013025227428,80.0,Horns Rev III
14,20,7.979938716087295,330.0,0.07781695558713331,80,70,2000,25.07703240083138,240,88,6,112,84,3450,469.54000812244055,1,0.6158154170810974,3583.4235373551724,3583.4235373551724,30.73476663351221,80.0,1,0.6158154170810974,3583.4235373551724,3583.4235373551724,30.73476663351221,80.0,Horns Rev III
14,21,7.979938716087295,330.0,0.07781695558713331,80,70,2000,25.07703240083138,240,88,6,112,84,3450,713.6560502584657,0,0.0,0.0,0.0,0.0,0.0,2,0.0,5650.033324019358,5295.742570489968,205.71618114830562,80.0,Horns Rev III
14,22,7.979938716087295,330.0,0.07781695558713331,80,70,2000,25.07703240083138,240,88,6,112,84,3450,711.821401397465,0,0.0,0.0,0.0,0.0,0.0,1,0.0,4237.877459423629,4237.877459423629,156.8342341896673,80.0,Horns Rev III
14,23,7.979938716087295,330.0,0.07781695558713331,80,70,2000,25.07703240083138,240,88,6,112,84,3450,504.4496219439307,1,0.34144921692016583,694.6140788467824,694.6140788467824,52.684062646386735,80.0,1,0.34144921692016583,694.6140788467824,694.6140788467824,52.684062646386735,80.0,Horns Rev III
14,24,7.979938716087295,330.0,0.07781695558713331,80,70,2000,25.07703240083138,240,88,6,112,84,3450,713.1319177298545,0,0.0,0.0,0.0,0.0,0.0,2,0.0,5768.7887769136305,3977.0770082360445,231.83499749700445,80.0,Horns Rev III
14,25,7.979938716087295,330.0,0.07781695558713331,80,70,2000,25.07703240083138,240,88,6,112,84,3450,269.88993970004833,5,1.0,4978.132483281666,2115.9979510338744,24.0384905474441,80.0,7,1.0,5711.170688627708,2115.9979510338744,24.0384905474441,80.0,Horns Rev III
14,26,7.979938716087295,330.0,0.07781695558713331,80,70,2000,25.07703240083138,240,88,6,112,84,3450,713.7705096503789,0,0.0,0.0,0.0,0.0,0.0,0,0.0,0.0,0.0,0.0,0.0,Horns Rev III
14,27,7.979938716087295,330.0,0.07781695558713331,80,70,2000,25.07703240083138,240,88,6,112,84,3450,362.6248290869176,2,1.0,3421.573119228644,3069.7357045644135,12.865793006559898,80.0,3,1.0,3017.3045857869893,2208.7675189036795,127.00819244110073,80.0,Horns Rev III
14,28,7.979938716087295,330.0,0.07781695558713331,80,70,2000,25.07703240083138,240,88,6,112,84,3450,713.7705096503789,0,0.0,0.0,0.0,0.0,0.0,0,0.0,0.0,0.0,0.0,0.0,Horns Rev III
14,29,7.979938716087295,330.0,0.07781695558713331,80,70,2000,25.07703240083138,240,88,6,112,84,3450,304.10597520948113,2,1.0,2749.1706007508074,1400.499506041327,0.3935948088241048,80.0,2,1.0,2749.1706007508074,1400.499506041327,0.3935948088241048,80.0,Horns Rev III
14,30,7.979938716087295,330.0,0.07781695558713331,80,70,2000,25.07703240083138,240,88,6,112,84,3450,713.7705096503676,0,0.0,0.0,0.0,0.0,0.0,0,0.0,0.0,0.0,0.0,0.0,Horns Rev III
14,31,7.979938716087295,330.0,0.07781695558713331,80,70,2000,25.07703240083138,240,88,6,112,84,3450,713.7705096503789,0,0.0,0.0,0.0,0.0,0.0,0,0.0,0.0,0.0,0.0,0.0,Horns Rev III
14,32,7.979938716087295,330.0,0.07781695558713331,80,70,2000,25.07703240083138,240,88,6,112,84,3450,712.6934139983485,0,0.0,0.0,0.0,0.0,0.0,6,0.0,6006.382324995273,3153.1533005518813,203.50724962196387,80.0,Horns Rev III
14,33,7.979938716087295,330.0,0.07781695558713331,80,70,2000,25.07703240083138,240,88,6,112,84,3450,713.7705096503789,0,0.0,0.0,0.0,0.0,0.0,0,0.0,0.0,0.0,0.0,0.0,Horns Rev III
14,34,7.979938716087295,330.0,0.07781695558713331,80,70,2000,25.07703240083138,240,88,6,112,84,3450,575.587271053006,3,0.15273188188409287,2455.6133627403074,475.9305022702409,67.78144944927257,80.0,7,0.15273188188409287,3049.9234952563374,475.9305022702409,67.78144944927257,80.0,Horns Rev III
14,35,7.979938716087295,330.0,0.07781695558713331,80,70,2000,25.07703240083138,240,88,6,112,84,3450,314.50195995169213,3,1.0,3065.6055076171965,784.5567614647675,28.560224590985456,80.0,4,1.0,3047.5352008050095,784.5567614647675,28.560224590985456,80.0,Horns Rev III
14,36,7.979938716087295,330.0,0.07781695558713331,80,70,2000,25.07703240083138,240,88,6,112,84,3450,713.7705096460792,0,0.0,0.0,0.0,0.0,0.0,0,0.0,0.0,0.0,0.0,0.0,Horns Rev III
14,37,7.979938716087295,330.0,0.07781695558713331,80,70,2000,25.07703240083138,240,88,6,112,84,3450,713.6009549299929,0,0.0,0.0,0.0,0.0,0.0,0,0.0,0.0,0.0,0.0,0.0,Horns Rev III
14,38,7.979938716087295,330.0,0.07781695558713331,80,70,2000,25.07703240083138,240,88,6,112,84,3450,272.0760378541589,4,1.0,4687.960748334391,2718.286886070559,20.292856494614625,80.0,7,1.0,5059.076799089437,1718.4786487509812,137.8308947770263,80.0,Horns Rev III
14,39,7.979938716087295,330.0,0.07781695558713331,80,70,2000,25.07703240083138,240,88,6,112,84,3450,713.7705096503789,0,0.0,0.0,0.0,0.0,0.0,0,0.0,0.0,0.0,0.0,0.0,Horns Rev III
14,40,7.979938716087295,330.0,0.07781695558713331,80,70,2000,25.07703240083138,240,88,6,112,84,3450,693.1668089845853,0,0.0,0.0,0.0,0.0,0.0,3,0.0,3956.558070038838,2047.3144644972926,121.37987633760974,80.0,Horns Rev III
14,41,7.979938716087295,330.0,0.07781695558713331,80,70,2000,25.07703240083138,240,88,6,112,84,3450,713.7705096503789,0,0.0,0.0,0.0,0.0,0.0,0,0.0,0.0,0.0,0.0,0.0,Horns Rev III
14,42,7.979938716087295,330.0,0.07781695558713331,80,70,2000,25.07703240083138,240,88,6,112,84,3450,668.3192481276864,1,0.0,1330.0539051404344,1330.0539051404344,88.83948432399859,80.0,3,0.0,4620.160232888044,1330.0539051404344,88.83948432399859,80.0,Horns Rev III
14,43,7.979938716087295,330.0,0.07781695558713331,80,70,2000,25.07703240083138,240,88,6,112,84,3450,713.6644394006696,0,0.0,0.0,0.0,0.0,0.0,4,0.0,5662.1584423250115,2068.6839775150784,172.29517179294055,80.0,Horns Rev III
14,44,7.979938716087295,330.0,0.07781695558713331,80,70,2000,25.07703240083138,240,88,6,112,84,3450,686.7201971250354,1,0.0,922.7817667735169,922.7817667735169,95.86059462017084,80.0,1,0.0,922.7817667735169,922.7817667735169,95.86059462017084,80.0,Horns Rev III
14,45,7.979938716087295,330.0,0.07781695558713331,80,70,2000,25.07703240083138,240,88,6,112,84,3450,713.7704352825181,0,0.0,0.0,0.0,0.0,0.0,0,0.0,0.0,0.0,0.0,0.0,Horns Rev III
14,46,7.979938716087295,330.0,0.07781695558713331,80,70,2000,25.07703240083138,240,88,6,112,84,3450,713.77050964488,0,0.0,0.0,0.0,0.0,0.0,0,0.0,0.0,0.0,0.0,0.0,Horns Rev III
14,47,7.979938716087295,330.0,0.07781695558713331,80,70,2000,25.07703240083138,240,88,6,112,84,3450,336.52276270864803,1,0.6862099734800552,703.6748293284609,703.6748293284609,25.103202121595587,80.0,1,0.6862099734800552,703.6748293284609,703.6748293284609,25.103202121595587,80.0,Horns Rev III
14,48,7.979938716087295,330.0,0.07781695558713331,80,70,2000,25.07703240083138,240,88,6,112,84,3450,713.7705096503789,0,0.0,0.0,0.0,0.0,0.0,0,0.0,0.0,0.0,0.0,0.0,Horns Rev III
14,49,7.979938716087295,330.0,0.07781695558713331,80,70,2000,25.07703240083138,240,88,6,112,84,3450,713.7705096503789,0,0.0,0.0,0.0,0.0,0.0,0,0.0,0.0,0.0,0.0,0.0,Horns Rev III
14,50,7.979938716087295,330.0,0.07781695558713331,80,70,2000,25.07703240083138,240,88,6,112,84,3450,601.0419642725948,2,0.1421053725997524,5786.653693284489,4311.281870493773,97.46292008667956,80.0,6,0.1421053725997524,7409.753534554322,2981.2279653533387,186.30240441067804,80.0,Horns Rev III
14,51,7.979938716087295,330.0,0.07781695558713331,80,70,2000,25.07703240083138,240,88,6,112,84,3450,681.3076232721277,1,0.0,708.58150705878,708.58150705878,91.81415477004708,80.0,1,0.0,708.58150705878,708.58150705878,91.81415477004708,80.0,Horns Rev III
14,52,7.979938716087295,330.0,0.07781695558713331,80,70,2000,25.07703240083138,240,88,6,112,84,3450,608.4804727507777,1,0.10567967269969927,2124.8027060423165,2124.8027060423165,71.54562618402406,80.0,1,0.10567967269969927,2124.8027060423165,2124.8027060423165,71.54562618402406,80.0,Horns Rev III
14,53,7.979938716087295,330.0,0.07781695558713331,80,70,2000,25.07703240083138,240,88,6,112,84,3450,709.0188757655118,0,0.0,0.0,0.0,0.0,0.0,2,0.0,7269.865056698149,6943.269563775095,159.27445678507684,80.0,Horns Rev III
14,54,7.979938716087295,330.0,0.07781695558713331,80,70,2000,25.07703240083138,240,88,6,112,84,3450,368.6769815206693,4,0.9259627715442832,3577.66816530974,1278.4640345968423,31.97891202930873,80.0,5,0.9259627715442832,3716.49219524085,1278.4640345968423,31.97891202930873,80.0,Horns Rev III
14,55,7.979938716087295,330.0,0.07781695558713331,80,70,2000,25.07703240083138,240,88,6,112,84,3450,666.3986213769043,2,0.0,1212.8056003249644,860.9681856607339,114.14239943454072,80.0,2,0.0,1212.8056003249644,860.9681856607339,114.14239943454072,80.0,Horns Rev III
14,56,7.979938716087295,330.0,0.07781695558713331,80,70,2000,25.07703240083138,240,88,6,112,84,3450,521.6615951342694,3,0.731141945322355,5476.819354756569,2448.665545399169,103.37043124250499,80.0,3,0.731141945322355,5476.819354756569,2448.665545399169,103.37043124250499,80.0,Horns Rev III
14,57,7.979938716087295,330.0,0.07781695558713331,80,70,2000,25.07703240083138,240,88,6,112,84,3450,440.4527388935303,1,0.5002295449599259,1191.128936127308,1191.128936127308,39.981636403205925,80.0,3,0.5002295449599259,4219.282745484708,1191.128936127308,39.981636403205925,80.0,Horns Rev III
14,58,7.979938716087295,330.0,0.07781695558713331,80,70,2000,25.07703240083138,240,88,6,112,84,3450,606.7325878250824,1,0.11357389773724832,1749.8022309185646,1749.8022309185646,70.91408818102013,80.0,1,0.11357389773724832,1749.8022309185646,1749.8022309185646,70.91408818102013,80.0,Horns Rev III
14,59,7.979938716087295,330.0,0.07781695558713331,80,70,2000,25.07703240083138,240,88,6,112,84,3450,711.3828721008674,0,0.0,0.0,0.0,0.0,0.0,1,0.0,3968.8316920799643,3968.8316920799643,151.78031840943254,80.0,Horns Rev III
14,60,7.979938716087295,330.0,0.07781695558713331,80,70,2000,25.07703240083138,240,88,6,112,84,3450,713.3349611327462,0,0.0,0.0,0.0,0.0,0.0,2,0.0,4935.159491621415,2950.7436455814327,166.09449027869937,80.0,Horns Rev III
14,61,7.979938716087295,330.0,0.07781695558713331,80,70,2000,25.07703240083138,240,88,6,112,84,3450,514.2295024994564,2,0.8017425672478623,7377.392291957296,6916.001408570537,44.1334488081643,80.0,4,0.8017425672478623,5433.630971676814,2466.212419147685,173.2340235205022,80.0,Horns Rev III
14,62,7.979938716087295,330.0,0.07781695558713331,80,70,2000,25.07703240083138,240,88,6,112,84,3450,538.2952020854663,1,0.351214097109991,3454.589556398508,3454.589556398508,51.90287223120072,80.0,1,0.351214097109991,3454.589556398508,3454.589556398508,51.90287223120072,80.0,Horns Rev III
14,63,7.979938716087295,330.0,0.07781695558713331,80,70,2000,25.07703240083138,240,88,6,112,84,3450,713.7705096503789,0,0.0,0.0,0.0,0.0,0.0,0,0.0,0.0,0.0,0.0,0.0,Horns Rev III
14,64,7.979938716087295,330.0,0.07781695558713331,80,70,2000,25.07703240083138,240,88,6,112,84,3450,713.7704883302938,0,0.0,0.0,0.0,0.0,0.0,1,0.0,4128.053237633005,4128.053237633005,276.6375773709092,80.0,Horns Rev III
14,65,7.979938716087295,330.0,0.07781695558713331,80,70,2000,25.07703240083138,240,88,6,112,84,3450,327.9713936264151,4,1.0,5864.78668424302,1757.172168175593,7.6326522199324245,80.0,5,1.0,5294.771102883907,1757.172168175593,7.6326522199324245,80.0,Horns Rev III
14,66,7.979938716087295,330.0,0.07781695558713331,80,70,2000,25.07703240083138,240,88,6,112,84,3450,542.1414273937298,2,0.577228482519763,6810.157697890618,5016.399290221649,80.22623398759288,80.0,4,0.577228482519763,7890.285088506462,5016.399290221649,80.22623398759288,80.0,Horns Rev III
14,67,7.979938716087295,330.0,0.07781695558713331,80,70,2000,25.07703240083138,240,88,6,112,84,3450,491.22665663250194,1,0.3699201699964817,762.5468420851342,762.5468420851342,50.40638640028146,80.0,1,0.3699201699964817,762.5468420851342,762.5468420851342,50.40638640028146,80.0,Horns Rev III
14,68,7.979938716087295,330.0,0.07781695558713331,80,70,2000,25.07703240083138,240,88,6,112,84,3450,713.7705096503789,0,0.0,0.0,0.0,0.0,0.0,0,0.0,0.0,0.0,0.0,0.0,Horns Rev III
14,69,7.979938716087295,330.0,0.07781695558713331,80,70,2000,25.07703240083138,240,88,6,112,84,3450,713.7705096503789,0,0.0,0.0,0.0,0.0,0.0,0,0.0,0.0,0.0,0.0,0.0,Horns Rev III
14,70,7.979938716087295,330.0,0.07781695558713331,80,70,2000,25.07703240083138,240,88,6,112,84,3450,566.6888042667775,4,0.3451295716412673,6410.659370038458,1769.9697155911151,78.07435348668525,80.0,8,0.3451295716412673,6503.894616143032,1769.9697155911151,78.07435348668525,80.0,Horns Rev III
14,71,7.979938716087295,330.0,0.07781695558713331,80,70,2000,25.07703240083138,240,88,6,112,84,3450,441.52615956087635,2,0.8523230653744094,3233.2260618085484,2878.9353082791586,45.40964218087379,80.0,3,0.8523230653744094,3831.847731046418,2878.9353082791586,45.40964218087379,80.0,Horns Rev III
14,72,7.979938716087295,330.0,0.07781695558713331,80,70,2000,25.07703240083138,240,88,6,112,84,3450,694.5417720030168,1,0.0,2294.5775026257475,2294.5775026257475,108.90224662047058,80.0,4,0.0,4044.1860162381913,2294.5775026257475,108.90224662047058,80.0,Horns Rev III
14,73,7.979938716087295,330.0,0.07781695558713331,80,70,2000,25.07703240083138,240,88,6,112,84,3450,635.1038769498821,1,0.0,4881.217207417134,4881.217207417134,81.86178686829317,80.0,2,0.0,4542.230714036101,4203.244220655069,199.899085631263,80.0,Horns Rev III
14,74,7.979938716087295,330.0,0.07781695558713331,80,70,2000,25.07703240083138,240,88,6,112,84,3450,709.4511111299377,1,0.0,677.9729867620649,677.9729867620649,118.03729876296993,80.0,0,0.0,0.0,0.0,0.0,0.0,Horns Rev III
14,75,7.979938716087295,330.0,0.07781695558713331,80,70,2000,25.07703240083138,240,88,6,112,84,3450,270.9981793059665,1,0.8877664467282294,583.2323027839072,583.2323027839072,8.978684261741648,80.0,1,0.8877664467282294,583.2323027839072,583.2323027839072,8.978684261741648,80.0,Horns Rev III
14,76,7.979938716087295,330.0,0.07781695558713331,80,70,2000,25.07703240083138,240,88,6,112,84,3450,512.8352408967033,1,0.40112501675899354,2697.3421894189605,2697.3421894189605,47.90999865928052,80.0,1,0.40112501675899354,2697.3421894189605,2697.3421894189605,47.90999865928052,80.0,Horns Rev III
14,77,7.979938716087295,330.0,0.07781695558713331,80,70,2000,25.07703240083138,240,88,6,112,84,3450,713.7705096503789,0,0.0,0.0,0.0,0.0,0.0,0,0.0,0.0,0.0,0.0,0.0,Horns Rev III
14,78,7.979938716087295,330.0,0.07781695558713331,80,70,2000,25.07703240083138,240,88,6,112,84,3450,652.4172947182176,2,0.0,5835.771252656192,5353.402465621194,92.91735881902105,80.0,2,0.0,5835.771252656192,5353.402465621194,92.91735881902105,80.0,Horns Rev III
14,79,7.979938716087295,330.0,0.07781695558713331,80,70,2000,25.07703240083138,240,88,6,112,84,3450,713.7641395686812,0,0.0,0.0,0.0,0.0,0.0,0,0.0,0.0,0.0,0.0,0.0,Horns Rev III
