,scenario_id,turbine_idx,ws_free,wd,ti,target_rotor_dia_m,target_hub_height_m,target_rated_power_kw,nb_distance_km,nb_direction_deg,nb_n_turbines,nb_spacing_D,nb_rotor_dia_m,nb_hub_height_m,nb_rated_power_kw,geom_n_blocking,geom_blocking_ratio,geom_blocking_distance,geom_streamwise_dist_1st,geom_lateral_dist_1st,geom_rotor_dia_1st,pi_n_blocking,pi_blocking_ratio,pi_blocking_distance,pi_streamwise_dist_1st,pi_lateral_dist_1st,pi_rotor_dia_1st,farm_name,power_kw
0,0,0,14.732,240.0,0.046,80,70,2000,24.75,270,174,9,80,70,2000,2,0.017,3330.039,2834.867,96.882,80.0,4,0.017,2539.577,1374.357,127.506,80.0,Horns Rev I,1996.883
1,0,1,14.732,240.0,0.046,80,70,2000,24.75,270,174,9,80,70,2000,6,1.0,2506.375,431.949,88.888,80.0,9,1.0,2693.101,431.949,88.888,80.0,Horns Rev I,1968.739
2,0,2,14.732,240.0,0.046,80,70,2000,24.75,270,174,9,80,70,2000,4,0.868,2381.051,1186.429,12.642,80.0,7,0.868,3112.665,1186.429,12.642,80.0,Horns Rev I,1976.111
3,0,3,14.732,240.0,0.046,80,70,2000,24.75,270,174,9,80,70,2000,0,0.0,0.0,0.0,0.0,0.0,0,0.0,0.0,0.0,0.0,0.0,Horns Rev I,1997.564
4,0,4,14.732,240.0,0.046,80,70,2000,24.75,270,174,9,80,70,2000,2,0.253,1779.461,1501.371,114.458,80.0,2,0.253,1779.461,1501.371,114.458,80.0,Horns Rev I,1995.735
5,0,5,14.732,240.0,0.046,80,70,2000,24.75,270,174,9,80,70,2000,4,0.836,1485.114,521.079,15.74,80.0,5,0.836,1868.893,521.079,15.74,80.0,Horns Rev I,1969.534
6,0,6,14.732,240.0,0.046,80,70,2000,24.75,270,174,9,80,70,2000,2,0.154,1073.432,445.526,67.678,80.0,2,0.154,1073.432,445.526,67.678,80.0,Horns Rev I,1996.644
7,0,7,14.732,240.0,0.046,80,70,2000,24.75,270,174,9,80,70,2000,0,0.0,0.0,0.0,0.0,0.0,0,0.0,0.0,0.0,0.0,0.0,Horns Rev I,1997.564
8,0,8,14.732,240.0,0.046,80,70,2000,24.75,270,174,9,80,70,2000,1,0.04,602.21,602.21,76.779,80.0,1,0.04,602.21,602.21,76.779,80.0,Horns Rev I,1997.103
9,0,9,14.732,240.0,0.046,80,70,2000,24.75,270,174,9,80,70,2000,0,0.0,0.0,0.0,0.0,0.0,0,0.0,0.0,0.0,0.0,0.0,Horns Rev I,1997.564
10,0,10,14.732,240.0,0.046,80,70,2000,24.75,270,174,9,80,70,2000,0,0.0,0.0,0.0,0.0,0.0,0,0.0,0.0,0.0,0.0,0.0,Horns Rev I,1997.564
11,0,11,14.732,240.0,0.046,80,70,2000,24.75,270,174,9,80,70,2000,2,0.428,3592.927,2962.248,45.77,80.0,5,0.428,3098.23,2262.316,172.336,80.0,Horns Rev I,1993.724
12,0,12,14.732,240.0,0.046,80,70,2000,24.75,270,174,9,80,70,2000,1,0.0,1408.721,1408.721,96.242,80.0,1,0.0,1408.721,1408.721,96.242,80.0,Horns Rev I,1997.457
13,0,13,14.732,240.0,0.046,80,70,2000,24.75,270,174,9,80,70,2000,1,0.295,800.187,800.187,56.416,80.0,1,0.295,800.187,800.187,56.416,80.0,Horns Rev I,1995.379
14,0,14,14.732,240.0,0.046,80,70,2000,24.75,270,174,9,80,70,2000,3,1.0,1479.459,815.639,26.758,80.0,3,1.0,1479.459,815.639,26.758,80.0,Horns Rev I,1918.918
15,0,15,14.732,240.0,0.046,80,70,2000,24.75,270,174,9,80,70,2000,2,0.486,880.685,392.32,107.005,80.0,2,0.486,1780.438,1369.051,41.108,80.0,Horns Rev I,1992.095
16,0,16,14.732,240.0,0.046,80,70,2000,24.75,270,174,9,80,70,2000,4,1.0,3303.76,1172.871,86.111,80.0,7,1.0,3269.321,1172.871,86.111,80.0,Horns Rev I,1958.522
17,0,17,14.732,240.0,0.046,80,70,2000,24.75,270,174,9,80,70,2000,1,0.003,1623.971,1623.971,79.768,80.0,1,0.003,1623.971,1623.971,79.768,80.0,Horns Rev I,1997.108
18,0,18,14.732,240.0,0.046,80,70,2000,24.75,270,174,9,80,70,2000,1,0.0,809.135,809.135,92.353,80.0,1,0.0,809.135,809.135,92.353,80.0,Horns Rev I,1997.444
19,0,19,14.732,240.0,0.046,80,70,2000,24.75,270,174,9,80,70,2000,0,0.0,0.0,0.0,0.0,0.0,0,0.0,0.0,0.0,0.0,0.0,Horns Rev I,1997.564
20,0,20,14.732,240.0,0.046,80,70,2000,24.75,270,174,9,80,70,2000,4,1.0,2698.823,1007.519,32.478,80.0,6,1.0,2856.948,1007.519,32.478,80.0,Horns Rev I,1972.935
21,0,21,14.732,240.0,0.046,80,70,2000,24.75,270,174,9,80,70,2000,1,0.385,2202.472,2202.472,49.22,80.0,2,0.385,1890.233,1577.993,120.278,80.0,Horns Rev I,1994.23
22,0,22,14.732,240.0,0.046,80,70,2000,24.75,270,174,9,80,70,2000,0,0.0,0.0,0.0,0.0,0.0,0,0.0,0.0,0.0,0.0,0.0,Horns Rev I,1997.564
23,0,23,14.732,240.0,0.046,80,70,2000,24.75,270,174,9,80,70,2000,3,1.0,2055.491,455.282,26.009,80.0,6,1.0,2252.904,455.282,26.009,80.0,Horns Rev I,1938.743
24,0,24,14.732,240.0,0.046,80,70,2000,24.75,270,174,9,80,70,2000,4,0.23,1684.767,494.516,103.609,80.0,4,0.23,1684.767,494.516,103.609,80.0,Horns Rev I,1995.045
25,0,25,14.732,240.0,0.046,80,70,2000,24.75,270,174,9,80,70,2000,3,0.73,2255.073,1322.356,88.25,80.0,4,0.73,2551.597,1322.356,88.25,80.0,Horns Rev I,1987.569
26,0,26,14.732,240.0,0.046,80,70,2000,24.75,270,174,9,80,70,2000,2,0.713,1600.184,749.515,54.101,80.0,3,0.713,1465.136,749.515,54.101,80.0,Horns Rev I,1992.327
27,0,27,14.732,240.0,0.046,80,70,2000,24.75,270,174,9,80,70,2000,1,0.112,624.479,624.479,71.058,80.0,1,0.112,624.479,624.479,71.058,80.0,Horns Rev I,1996.828
28,0,28,14.732,240.0,0.046,80,70,2000,24.75,270,174,9,80,70,2000,1,0.081,463.368,463.368,73.545,80.0,1,0.081,463.368,463.368,73.545,80.0,Horns Rev I,1996.971
29,0,29,14.732,240.0,0.046,80,70,2000,24.75,270,174,9,80,70,2000,3,0.978,1638.988,1056.455,1.791,80.0,3,0.978,1638.988,1056.455,1.791,80.0,Horns Rev I,1975.623
30,0,30,14.732,240.0,0.046,80,70,2000,24.75,270,174,9,80,70,2000,0,0.0,0.0,0.0,0.0,0.0,0,0.0,0.0,0.0,0.0,0.0,Horns Rev I,1997.564
31,0,31,14.732,240.0,0.046,80,70,2000,24.75,270,174,9,80,70,2000,0,0.0,0.0,0.0,0.0,0.0,0,0.0,0.0,0.0,0.0,0.0,Horns Rev I,1997.564
32,0,32,14.732,240.0,0.046,80,70,2000,24.75,270,174,9,80,70,2000,0,0.0,0.0,0.0,0.0,0.0,0,0.0,0.0,0.0,0.0,0.0,Horns Rev I,1997.564
33,0,33,14.732,240.0,0.046,80,70,2000,24.75,270,174,9,80,70,2000,0,0.0,0.0,0.0,0.0,0.0,0,0.0,0.0,0.0,0.0,0.0,Horns Rev I,1997.564
34,0,34,14.732,240.0,0.046,80,70,2000,24.75,270,174,9,80,70,2000,2,0.184,1907.623,806.387,65.248,80.0,6,0.184,2247.275,806.387,65.248,80.0,Horns Rev I,1996.133
35,0,35,14.732,240.0,0.046,80,70,2000,24.75,270,174,9,80,70,2000,0,0.0,0.0,0.0,0.0,0.0,0,0.0,0.0,0.0,0.0,0.0,Horns Rev I,1997.564
36,0,36,14.732,240.0,0.046,80,70,2000,24.75,270,174,9,80,70,2000,0,0.0,0.0,0.0,0.0,0.0,0,0.0,0.0,0.0,0.0,0.0,Horns Rev I,1997.564
37,0,37,14.732,240.0,0.046,80,70,2000,24.75,270,174,9,80,70,2000,1,0.08,831.268,831.268,73.586,80.0,2,0.08,1143.507,831.268,73.586,80.0,Horns Rev I,1996.894
38,0,38,14.732,240.0,0.046,80,70,2000,24.75,270,174,9,80,70,2000,0,0.0,0.0,0.0,0.0,0.0,0,0.0,0.0,0.0,0.0,0.0,Horns Rev I,1997.563
39,0,39,14.732,240.0,0.046,80,70,2000,24.75,270,174,9,80,70,2000,1,0.264,625.868,625.868,58.918,80.0,1,0.264,625.868,625.868,58.918,80.0,Horns Rev I,1995.737
40,0,40,14.732,240.0,0.046,80,70,2000,24.75,270,174,9,80,70,2000,0,0.0,0.0,0.0,0.0,0.0,0,0.0,0.0,0.0,0.0,0.0,Horns Rev I,1997.564
41,0,41,14.732,240.0,0.046,80,70,2000,24.75,270,174,9,80,70,2000,3,1.0,1885.859,512.642,14.696,80.0,4,1.0,2064.263,512.642,14.696,80.0,Horns Rev I,1936.487
42,0,42,14.732,240.0,0.046,80,70,2000,24.75,270,174,9,80,70,2000,1,0.715,1822.756,1822.756,22.775,80.0,3,0.715,2386.969,1822.756,22.775,80.0,Horns Rev I,1985.859
43,0,43,14.732,240.0,0.046,80,70,2000,24.75,270,174,9,80,70,2000,1,0.153,700.365,700.365,67.763,80.0,2,0.153,885.495,700.365,67.763,80.0,Horns Rev I,1996.608
44,0,44,14.732,240.0,0.046,80,70,2000,24.75,270,174,9,80,70,2000,1,0.905,700.392,700.392,7.614,80.0,1,0.905,700.392,700.392,7.614,80.0,Horns Rev I,1974.338
45,0,45,14.732,240.0,0.046,80,70,2000,24.75,270,174,9,80,70,2000,2,1.0,2400.313,2163.538,29.046,80.0,3,1.0,2149.94,1649.194,152.149,80.0,Horns Rev I,1963.954
46,0,46,14.732,240.0,0.046,80,70,2000,24.75,270,174,9,80,70,2000,1,0.942,473.551,473.551,4.619,80.0,1,0.942,473.551,473.551,4.619,80.0,Horns Rev I,1970.778
47,0,47,14.732,240.0,0.046,80,70,2000,24.75,270,174,9,80,70,2000,0,0.0,0.0,0.0,0.0,0.0,0,0.0,0.0,0.0,0.0,0.0,Horns Rev I,1997.564
48,0,48,14.732,240.0,0.046,80,70,2000,24.75,270,174,9,80,70,2000,4,1.0,3790.668,2658.87,113.023,80.0,5,1.0,3940.242,2658.87,113.023,80.0,Horns Rev I,1985.088
49,0,49,14.732,240.0,0.046,80,70,2000,24.75,270,174,9,80,70,2000,1,0.0,1370.452,1370.452,81.645,80.0,3,0.0,2210.229,1370.452,81.645,80.0,Horns Rev I,1997.181
50,0,50,14.732,240.0,0.046,80,70,2000,24.75,270,174,9,80,70,2000,3,1.0,1978.394,1117.012,97.598,80.0,5,1.0,2544.085,1117.012,97.598,80.0,Horns Rev I,1971.983
51,0,51,14.732,240.0,0.046,80,70,2000,24.75,270,174,9,80,70,2000,2,0.846,1353.647,1003.45,42.359,80.0,2,0.846,1353.647,1003.45,42.359,80.0,Horns Rev I,1983.778
52,0,52,14.732,240.0,0.046,80,70,2000,24.75,270,174,9,80,70,2000,4,0.923,3188.058,2478.354,76.927,80.0,7,0.923,2847.921,1274.685,142.9,80.0,Horns Rev I,1984.213
53,0,53,14.732,240.0,0.046,80,70,2000,24.75,270,174,9,80,70,2000,1,0.384,1799.505,1799.505,49.289,80.0,1,0.384,1799.505,1799.505,49.289,80.0,Horns Rev I,1994.192
54,0,54,14.732,240.0,0.046,80,70,2000,24.75,270,174,9,80,70,2000,1,0.555,1028.213,1028.213,35.614,80.0,1,0.555,1028.213,1028.213,35.614,80.0,Horns Rev I,1989.886
55,0,55,14.732,240.0,0.046,80,70,2000,24.75,270,174,9,80,70,2000,4,1.0,1916.525,806.931,44.785,80.0,4,1.0,1916.525,806.931,44.785,80.0,Horns Rev I,1879.206
56,0,56,14.732,240.0,0.046,80,70,2000,24.75,270,174,9,80,70,2000,4,0.797,2709.984,1699.224,112.563,80.0,6,0.797,2535.475,945.927,124.654,80.0,Horns Rev I,1991.205
57,0,57,14.732,240.0,0.046,80,70,2000,24.75,270,174,9,80,70,2000,0,0.0,0.0,0.0,0.0,0.0,0,0.0,0.0,0.0,0.0,0.0,Horns Rev I,1997.564
58,0,58,14.732,240.0,0.046,80,70,2000,24.75,270,174,9,80,70,2000,2,1.0,1712.941,1400.007,0.412,80.0,2,1.0,1712.941,1400.007,0.412,80.0,Horns Rev I,1972.18
59,0,59,14.732,240.0,0.046,80,70,2000,24.75,270,174,9,80,70,2000,5,1.0,2092.563,408.314,34.194,80.0,6,1.0,2528.385,408.314,34.194,80.0,Horns Rev I,1963.481
60,0,60,14.732,240.0,0.046,80,70,2000,24.75,270,174,9,80,70,2000,2,0.428,847.581,555.379,45.72,80.0,2,0.428,847.581,555.379,45.72,80.0,Horns Rev I,1992.284
61,0,61,14.732,240.0,0.046,80,70,2000,24.75,270,174,9,80,70,2000,2,1.0,995.73,595.637,15.823,80.0,2,1.0,995.73,595.637,15.823,80.0,Horns Rev I,1963.978
62,0,62,14.732,240.0,0.046,80,70,2000,24.75,270,174,9,80,70,2000,2,0.228,1601.199,1087.093,61.751,80.0,2,0.228,1601.199,1087.093,61.751,80.0,Horns Rev I,1995.392
63,0,63,14.732,240.0,0.046,80,70,2000,24.75,270,174,9,80,70,2000,3,1.0,1526.092,458.626,118.544,80.0,3,1.0,2068.828,1545.719,56.793,80.0,Horns Rev I,1984.208
64,0,64,14.732,240.0,0.046,80,70,2000,24.75,270,174,9,80,70,2000,6,1.0,3118.671,780.851,33.426,80.0,9,1.0,3086.946,780.851,33.426,80.0,Horns Rev I,1975.115
65,0,65,14.732,240.0,0.046,80,70,2000,24.75,270,174,9,80,70,2000,5,1.0,2593.506,1513.749,28.218,80.0,6,1.0,2775.857,1513.749,28.218,80.0,Horns Rev I,1963.837
66,0,66,14.732,240.0,0.046,80,70,2000,24.75,270,174,9,80,70,2000,0,0.0,0.0,0.0,0.0,0.0,0,0.0,0.0,0.0,0.0,0.0,Horns Rev I,1997.564
67,0,67,14.732,240.0,0.046,80,70,2000,24.75,270,174,9,80,70,2000,4,1.0,1349.695,432.168,116.541,80.0,3,1.0,1655.538,927.01,55.277,80.0,Horns Rev I,1985.985
68,0,68,14.732,240.0,0.046,80,70,2000,24.75,270,174,9,80,70,2000,0,0.0,0.0,0.0,0.0,0.0,0,0.0,0.0,0.0,0.0,0.0,Horns Rev I,1997.564
69,0,69,14.732,240.0,0.046,80,70,2000,24.75,270,174,9,80,70,2000,4,0.998,1337.149,396.751,88.033,80.0,9,0.998,2430.776,396.751,88.033,80.0,Horns Rev I,1977.975
70,0,70,14.732,240.0,0.046,80,70,2000,24.75,270,174,9,80,70,2000,3,1.0,1606.566,1041.512,45.158,80.0,3,1.0,1606.566,1041.512,45.158,80.0,Horns Rev I,1964.511
71,0,71,14.732,240.0,0.046,80,70,2000,24.75,270,174,9,80,70,2000,2,0.0,873.799,685.24,108.032,80.0,2,0.0,873.799,685.24,108.032,80.0,Horns Rev I,1997.445
72,0,72,14.732,240.0,0.046,80,70,2000,24.75,270,174,9,80,70,2000,1,0.316,556.18,556.18,54.731,80.0,1,0.316,556.18,556.18,54.731,80.0,Horns Rev I,1995.114
73,0,73,14.732,240.0,0.046,80,70,2000,24.75,270,174,9,80,70,2000,1,0.0,1209.323,1209.323,118.625,80.0,1,0.0,1209.323,1209.323,118.625,80.0,Horns Rev I,1997.554
74,0,74,14.732,240.0,0.046,80,70,2000,24.75,270,174,9,80,70,2000,0,0.0,0.0,0.0,0.0,0.0,0,0.0,0.0,0.0,0.0,0.0,Horns Rev I,1997.562
75,0,75,14.732,240.0,0.046,80,70,2000,24.75,270,174,9,80,70,2000,0,0.0,0.0,0.0,0.0,0.0,0,0.0,0.0,0.0,0.0,0.0,Horns Rev I,1997.564
76,0,76,14.732,240.0,0.046,80,70,2000,24.75,270,174,9,80,70,2000,0,0.0,0.0,0.0,0.0,0.0,0,0.0,0.0,0.0,0.0,0.0,Horns Rev I,1997.564
77,0,77,14.732,240.0,0.046,80,70,2000,24.75,270,174,9,80,70,2000,1,0.275,584.403,584.403,57.984,80.0,1,0.275,584.403,584.403,57.984,80.0,Horns Rev I,1995.618
78,0,78,14.732,240.0,0.046,80,70,2000,24.75,270,174,9,80,70,2000,0,0.0,0.0,0.0,0.0,0.0,0,0.0,0.0,0.0,0.0,0.0,Horns Rev I,1997.564
79,0,79,14.732,240.0,0.046,80,70,2000,24.75,270,174,9,80,70,2000,0,0.0,0.0,0.0,0.0,0.0,1,0.0,987.894,987.894,127.721,80.0,Horns Rev I,1997.557
80,1,0,11.083,30.0,0.096,80,70,2000,40.373,180,101,6,154,105,7000,1,0.417,436.257,436.257,46.656,80.0,2,0.417,820.136,436.257,46.656,80.0,Horns Rev I,1286.545
81,1,1,11.083,30.0,0.096,80,70,2000,40.373,180,101,6,154,105,7000,0,0.0,0.0,0.0,0.0,0.0,0,0.0,0.0,0.0,0.0,0.0,Horns Rev I,1737.765
82,1,2,11.083,30.0,0.096,80,70,2000,40.373,180,101,6,154,105,7000,0,0.0,0.0,0.0,0.0,0.0,0,0.0,0.0,0.0,0.0,0.0,Horns Rev I,1737.758
83,1,3,11.083,30.0,0.096,80,70,2000,40.373,180,101,6,154,105,7000,2,0.617,1538.689,1100.738,30.632,80.0,3,0.617,1516.729,1100.738,30.632,80.0,Horns Rev I,1127.609
84,1,4,11.083,30.0,0.096,80,70,2000,40.373,180,101,6,154,105,7000,0,0.0,0.0,0.0,0.0,0.0,0,0.0,0.0,0.0,0.0,0.0,Horns Rev I,1737.765
85,1,5,11.083,30.0,0.096,80,70,2000,40.373,180,101,6,154,105,7000,0,0.0,0.0,0.0,0.0,0.0,0,0.0,0.0,0.0,0.0,0.0,Horns Rev I,1737.765
86,1,6,11.083,30.0,0.096,80,70,2000,40.373,180,101,6,154,105,7000,3,1.0,2534.282,893.283,2.204,80.0,4,1.0,2233.933,893.283,2.204,80.0,Horns Rev I,688.681
87,1,7,11.083,30.0,0.096,80,70,2000,40.373,180,101,6,154,105,7000,3,0.0,1513.368,577.647,81.713,80.0,6,0.0,2304.222,577.647,81.713,80.0,Horns Rev I,1629.984
88,1,8,11.083,30.0,0.096,80,70,2000,40.373,180,101,6,154,105,7000,2,0.591,1155.297,750.188,51.612,80.0,2,0.591,1155.297,750.188,51.612,80.0,Horns Rev I,1282.124
89,1,9,11.083,30.0,0.096,80,70,2000,40.373,180,101,6,154,105,7000,6,0.599,2253.965,469.859,41.887,80.0,7,0.599,2486.856,469.859,41.887,80.0,Horns Rev I,1119.333
90,1,10,11.083,30.0,0.096,80,70,2000,40.373,180,101,6,154,105,7000,0,0.0,0.0,0.0,0.0,0.0,0,0.0,0.0,0.0,0.0,0.0,Horns Rev I,1737.551
91,1,11,11.083,30.0,0.096,80,70,2000,40.373,180,101,6,154,105,7000,0,0.0,0.0,0.0,0.0,0.0,0,0.0,0.0,0.0,0.0,0.0,Horns Rev I,1737.765
92,1,12,11.083,30.0,0.096,80,70,2000,40.373,180,101,6,154,105,7000,1,0.247,2757.312,2757.312,60.226,80.0,1,0.247,2757.312,2757.312,60.226,80.0,Horns Rev I,1535.981
93,1,13,11.083,30.0,0.096,80,70,2000,40.373,180,101,6,154,105,7000,1,0.0,875.903,875.903,84.557,80.0,1,0.0,875.903,875.903,84.557,80.0,Horns Rev I,1682.937
94,1,14,11.083,30.0,0.096,80,70,2000,40.373,180,101,6,154,105,7000,1,0.116,538.567,538.567,70.688,80.0,1,0.116,538.567,538.567,70.688,80.0,Horns Rev I,1617.818
95,1,15,11.083,30.0,0.096,80,70,2000,40.373,180,101,6,154,105,7000,3,1.0,1230.236,683.479,102.264,80.0,3,1.0,1230.236,683.479,102.264,80.0,Horns Rev I,1072.542
96,1,16,11.083,30.0,0.096,80,70,2000,40.373,180,101,6,154,105,7000,0,0.0,0.0,0.0,0.0,0.0,0,0.0,0.0,0.0,0.0,0.0,Horns Rev I,1737.739
97,1,17,11.083,30.0,0.096,80,70,2000,40.373,180,101,6,154,105,7000,3,0.58,2024.088,514.455,98.623,80.0,4,0.58,2199.803,514.455,98.623,80.0,Horns Rev I,1354.132
98,1,18,11.083,30.0,0.096,80,70,2000,40.373,180,101,6,154,105,7000,1,0.0,895.418,895.418,87.234,80.0,2,0.0,1699.488,895.418,87.234,80.0,Horns Rev I,1679.922
99,1,19,11.083,30.0,0.096,80,70,2000,40.373,180,101,6,154,105,7000,5,0.685,2105.355,789.02,116.314,80.0,9,0.685,2826.766,789.02,116.314,80.0,Horns Rev I,1211.891
100,1,20,11.083,30.0,0.096,80,70,2000,40.373,180,101,6,154,105,7000,1,0.128,650.302,650.302,69.772,80.0,1,0.128,650.302,650.302,69.772,80.0,Horns Rev I,1609.217
101,1,21,11.083,30.0,0.096,80,70,2000,40.373,180,101,6,154,105,7000,2,0.508,796.9,556.866,39.325,80.0,2,0.508,796.9,556.866,39.325,80.0,Horns Rev I,1198.291
102,1,22,11.083,30.0,0.096,80,70,2000,40.373,180,101,6,154,105,7000,6,1.0,2632.228,427.53,13.733,80.0,6,1.0,2632.228,427.53,13.733,80.0,Horns Rev I,622.882
103,1,23,11.083,30.0,0.096,80,70,2000,40.373,180,101,6,154,105,7000,3,0.544,1493.773,658.727,118.066,80.0,2,0.544,1911.296,1713.593,115.483,80.0,Horns Rev I,1305.498
104,1,24,11.083,30.0,0.096,80,70,2000,40.373,180,101,6,154,105,7000,1,0.0,990.702,990.702,86.288,80.0,1,0.0,990.702,990.702,86.288,80.0,Horns Rev I,1688.639
105,1,25,11.083,30.0,0.096,80,70,2000,40.373,180,101,6,154,105,7000,1,0.378,447.808,447.808,49.747,80.0,1,0.378,447.808,447.808,49.747,80.0,Horns Rev I,1364.487
106,1,26,11.083,30.0,0.096,80,70,2000,40.373,180,101,6,154,105,7000,2,1.0,1452.279,530.273,10.151,80.0,3,1.0,1983.707,530.273,10.151,80.0,Horns Rev I,622.503
107,1,27,11.083,30.0,0.096,80,70,2000,40.373,180,101,6,154,105,7000,1,0.571,1074.697,1074.697,34.357,80.0,2,0.571,1916.609,1074.697,34.357,80.0,Horns Rev I,1189.927
108,1,28,11.083,30.0,0.096,80,70,2000,40.373,180,101,6,154,105,7000,1,0.684,822.285,822.285,25.284,80.0,1,0.684,822.285,822.285,25.284,80.0,Horns Rev I,1033.651
109,1,29,11.083,30.0,0.096,80,70,2000,40.373,180,101,6,154,105,7000,1,0.304,2212.496,2212.496,55.693,80.0,3,0.304,2123.396,1397.892,123.017,80.0,Horns Rev I,1493.496
110,1,30,11.083,30.0,0.096,80,70,2000,40.373,180,101,6,154,105,7000,0,0.0,0.0,0.0,0.0,0.0,0,0.0,0.0,0.0,0.0,0.0,Horns Rev I,1737.754
111,1,31,11.083,30.0,0.096,80,70,2000,40.373,180,101,6,154,105,7000,5,0.95,2319.294,754.984,114.319,80.0,7,0.95,2712.226,754.984,114.319,80.0,Horns Rev I,1126.228
112,1,32,11.083,30.0,0.096,80,70,2000,40.373,180,101,6,154,105,7000,0,0.0,0.0,0.0,0.0,0.0,0,0.0,0.0,0.0,0.0,0.0,Horns Rev I,1737.765
113,1,33,11.083,30.0,0.096,80,70,2000,40.373,180,101,6,154,105,7000,0,0.0,0.0,0.0,0.0,0.0,0,0.0,0.0,0.0,0.0,0.0,Horns Rev I,1737.765
114,1,34,11.083,30.0,0.096,80,70,2000,40.373,180,101,6,154,105,7000,1,0.158,814.604,814.604,67.324,80.0,2,0.158,1229.814,814.604,67.324,80.0,Horns Rev I,1587.824
115,1,35,11.083,30.0,0.096,80,70,2000,40.373,180,101,6,154,105,7000,1,0.332,501.743,501.743,53.428,80.0,1,0.332,501.743,501.743,53.428,80.0,Horns Rev I,1426.058
116,1,36,11.083,30.0,0.096,80,70,2000,40.373,180,101,6,154,105,7000,2,0.829,1177.222,766.08,34.191,80.0,2,0.829,1177.222,766.08,34.191,80.0,Horns Rev I,1032.024
117,1,37,11.083,30.0,0.096,80,70,2000,40.373,180,101,6,154,105,7000,1,0.793,596.377,596.377,16.551,80.0,2,0.793,1029.82,596.377,16.551,80.0,Horns Rev I,886.769
118,1,38,11.083,30.0,0.096,80,70,2000,40.373,180,101,6,154,105,7000,0,0.0,0.0,0.0,0.0,0.0,0,0.0,0.0,0.0,0.0,0.0,Horns Rev I,1737.765
119,1,39,11.083,30.0,0.096,80,70,2000,40.373,180,101,6,154,105,7000,4,0.622,2097.186,416.532,118.106,80.0,4,0.622,2365.86,1491.229,152.463,80.0,Horns Rev I,1311.795
120,1,40,11.083,30.0,0.096,80,70,2000,40.373,180,101,6,154,105,7000,4,1.0,2250.971,763.191,46.414,80.0,5,1.0,2140.927,763.191,46.414,80.0,Horns Rev I,1101.43
121,1,41,11.083,30.0,0.096,80,70,2000,40.373,180,101,6,154,105,7000,0,0.0,0.0,0.0,0.0,0.0,0,0.0,0.0,0.0,0.0,0.0,Horns Rev I,1737.765
122,1,42,11.083,30.0,0.096,80,70,2000,40.373,180,101,6,154,105,7000,0,0.0,0.0,0.0,0.0,0.0,0,0.0,0.0,0.0,0.0,0.0,Horns Rev I,1737.765
123,1,43,11.083,30.0,0.096,80,70,2000,40.373,180,101,6,154,105,7000,0,0.0,0.0,0.0,0.0,0.0,0,0.0,0.0,0.0,0.0,0.0,Horns Rev I,1737.765
124,1,44,11.083,30.0,0.096,80,70,2000,40.373,180,101,6,154,105,7000,1,0.474,1021.736,1021.736,42.043,80.0,2,0.474,1445.511,1021.736,42.043,80.0,Horns Rev I,1288.524
125,1,45,11.083,30.0,0.096,80,70,2000,40.373,180,101,6,154,105,7000,1,0.989,1844.013,1844.013,0.914,80.0,2,0.989,2180.151,1844.013,0.914,80.0,Horns Rev I,1056.403
126,1,46,11.083,30.0,0.096,80,70,2000,40.373,180,101,6,154,105,7000,4,1.0,2316.198,1535.003,81.742,80.0,5,1.0,2667.552,1535.003,81.742,80.0,Horns Rev I,950.707
127,1,47,11.083,30.0,0.096,80,70,2000,40.373,180,101,6,154,105,7000,0,0.0,0.0,0.0,0.0,0.0,0,0.0,0.0,0.0,0.0,0.0,Horns Rev I,1737.765
128,1,48,11.083,30.0,0.096,80,70,2000,40.373,180,101,6,154,105,7000,0,0.0,0.0,0.0,0.0,0.0,0,0.0,0.0,0.0,0.0,0.0,Horns Rev I,1737.765
129,1,49,11.083,30.0,0.096,80,70,2000,40.373,180,101,6,154,105,7000,3,0.413,1462.165,642.289,46.977,80.0,4,0.413,1535.742,642.289,46.977,80.0,Horns Rev I,1292.09
130,1,50,11.083,30.0,0.096,80,70,2000,40.373,180,101,6,154,105,7000,1,0.289,796.527,796.527,56.898,80.0,1,0.289,796.527,796.527,56.898,80.0,Horns Rev I,1481.91
131,1,51,11.083,30.0,0.096,80,70,2000,40.373,180,101,6,154,105,7000,0,0.0,0.0,0.0,0.0,0.0,0,0.0,0.0,0.0,0.0,0.0,Horns Rev I,1737.572
132,1,52,11.083,30.0,0.096,80,70,2000,40.373,180,101,6,154,105,7000,1,0.028,767.756,767.756,77.772,80.0,1,0.028,767.756,767.756,77.772,80.0,Horns Rev I,1657.54
133,1,53,11.083,30.0,0.096,80,70,2000,40.373,180,101,6,154,105,7000,3,0.671,1926.027,1439.55,93.478,80.0,3,0.671,1926.027,1439.55,93.478,80.0,Horns Rev I,1149.612
134,1,54,11.083,30.0,0.096,80,70,2000,40.373,180,101,6,154,105,7000,1,0.0,2655.273,2655.273,101.609,80.0,2,0.0,2490.455,2325.638,191.344,80.0,Horns Rev I,1706.482
135,1,55,11.083,30.0,0.096,80,70,2000,40.373,180,101,6,154,105,7000,0,0.0,0.0,0.0,0.0,0.0,0,0.0,0.0,0.0,0.0,0.0,Horns Rev I,1737.765
136,1,56,11.083,30.0,0.096,80,70,2000,40.373,180,101,6,154,105,7000,0,0.0,0.0,0.0,0.0,0.0,0,0.0,0.0,0.0,0.0,0.0,Horns Rev I,1737.765
137,1,57,11.083,30.0,0.096,80,70,2000,40.373,180,101,6,154,105,7000,1,0.76,490.581,490.581,19.202,80.0,1,0.76,490.581,490.581,19.202,80.0,Horns Rev I,882.275
138,1,58,11.083,30.0,0.096,80,70,2000,40.373,180,101,6,154,105,7000,2,0.606,788.76,510.327,75.408,80.0,2,0.606,788.76,510.327,75.408,80.0,Horns Rev I,1192.243
139,1,59,11.083,30.0,0.096,80,70,2000,40.373,180,101,6,154,105,7000,0,0.0,0.0,0.0,0.0,0.0,0,0.0,0.0,0.0,0.0,0.0,Horns Rev I,1737.765
140,1,60,11.083,30.0,0.096,80,70,2000,40.373,180,101,6,154,105,7000,1,0.0,495.395,495.395,93.913,80.0,1,0.0,495.395,495.395,93.913,80.0,Horns Rev I,1715.516
141,1,61,11.083,30.0,0.096,80,70,2000,40.373,180,101,6,154,105,7000,1,0.0,847.55,847.55,105.646,80.0,1,0.0,847.55,847.55,105.646,80.0,Horns Rev I,1726.706
142,1,62,11.083,30.0,0.096,80,70,2000,40.373,180,101,6,154,105,7000,2,0.365,1209.878,811.615,107.688,80.0,2,0.365,1209.878,811.615,107.688,80.0,Horns Rev I,1431.71
143,1,63,11.083,30.0,0.096,80,70,2000,40.373,180,101,6,154,105,7000,1,0.881,810.218,810.218,9.483,80.0,1,0.881,810.218,810.218,9.483,80.0,Horns Rev I,891.477
144,1,64,11.083,30.0,0.096,80,70,2000,40.373,180,101,6,154,105,7000,0,0.0,0.0,0.0,0.0,0.0,0,0.0,0.0,0.0,0.0,0.0,Horns Rev I,1737.765
145,1,65,11.083,30.0,0.096,80,70,2000,40.373,180,101,6,154,105,7000,2,1.0,729.715,404.564,67.189,80.0,2,1.0,729.715,404.564,67.189,80.0,Horns Rev I,901.748
146,1,66,11.083,30.0,0.096,80,70,2000,40.373,180,101,6,154,105,7000,0,0.0,0.0,0.0,0.0,0.0,0,0.0,0.0,0.0,0.0,0.0,Horns Rev I,1737.765
147,1,67,11.083,30.0,0.096,80,70,2000,40.373,180,101,6,154,105,7000,2,1.0,2461.498,2196.078,13.297,80.0,2,1.0,2461.498,2196.078,13.297,80.0,Horns Rev I,1069.509
148,1,68,11.083,30.0,0.096,80,70,2000,40.373,180,101,6,154,105,7000,5,0.715,2645.637,1635.854,88.02,80.0,5,0.715,2645.637,1635.854,88.02,80.0,Horns Rev I,1286.194
149,1,69,11.083,30.0,0.096,80,70,2000,40.373,180,101,6,154,105,7000,1,0.078,530.84,530.84,73.745,80.0,1,0.078,530.84,530.84,73.745,80.0,Horns Rev I,1639.134
150,1,70,11.083,30.0,0.096,80,70,2000,40.373,180,101,6,154,105,7000,0,0.0,0.0,0.0,0.0,0.0,0,0.0,0.0,0.0,0.0,0.0,Horns Rev I,1737.765
151,1,71,11.083,30.0,0.096,80,70,2000,40.373,180,101,6,154,105,7000,3,0.298,1646.79,523.6,56.159,80.0,4,0.298,1785.856,523.6,56.159,80.0,Horns Rev I,1428.8
152,1,72,11.083,30.0,0.096,80,70,2000,40.373,180,101,6,154,105,7000,1,0.768,416.824,416.824,18.558,80.0,1,0.768,416.824,416.824,18.558,80.0,Horns Rev I,850.145
153,1,73,11.083,30.0,0.096,80,70,2000,40.373,180,101,6,154,105,7000,0,0.0,0.0,0.0,0.0,0.0,0,0.0,0.0,0.0,0.0,0.0,Horns Rev I,1737.745
154,1,74,11.083,30.0,0.096,80,70,2000,40.373,180,101,6,154,105,7000,2,1.0,745.1,475.816,12.998,80.0,2,1.0,745.1,475.816,12.998,80.0,Horns Rev I,750.719
155,1,75,11.083,30.0,0.096,80,70,2000,40.373,180,101,6,154,105,7000,3,1.0,2075.113,806.942,41.345,80.0,5,1.0,2235.627,806.942,41.345,80.0,Horns Rev I,809.854
156,1,76,11.083,30.0,0.096,80,70,2000,40.373,180,101,6,154,105,7000,3,0.679,2045.253,1081.579,80.75,80.0,4,0.679,2147.807,1081.579,80.75,80.0,Horns Rev I,1266.184
157,1,77,11.083,30.0,0.096,80,70,2000,40.373,180,101,6,154,105,7000,1,0.0,745.708,745.708,90.376,80.0,1,0.0,745.708,745.708,90.376,80.0,Horns Rev I,1703.844
158,1,78,11.083,30.0,0.096,80,70,2000,40.373,180,101,6,154,105,7000,4,0.821,1620.648,411.665,106.898,80.0,4,0.821,2358.364,1493.244,26.148,80.0,Horns Rev I,1062.171
159,1,79,11.083,30.0,0.096,80,70,2000,40.373,180,101,6,154,105,7000,3,1.0,2132.746,929.283,33.433,80.0,6,1.0,2624.067,929.283,33.433,80.0,Horns Rev I,942.694
160,2,0,13.104,90.0,0.044,80,70,2000,24.954,270,60,8,112,84,3450,1,0.0,488.259,488.259,102.251,80.0,1,0.0,488.259,488.259,102.251,80.0,Horns Rev I,1974.807
161,2,1,13.104,90.0,0.044,80,70,2000,24.954,270,60,8,112,84,3450,0,0.0,0.0,0.0,0.0,0.0,0,0.0,0.0,0.0,0.0,0.0,Horns Rev I,1975.41
162,2,2,13.104,90.0,0.044,80,70,2000,24.954,270,60,8,112,84,3450,1,0.001,415.291,415.291,79.934,80.0,1,0.001,415.291,415.291,79.934,80.0,Horns Rev I,1970.684
163,2,3,13.104,90.0,0.044,80,70,2000,24.954,270,60,8,112,84,3450,4,0.722,3199.219,1611.182,101.66,80.0,8,0.722,3394.829,1611.182,101.66,80.0,Horns Rev I,1910.582
164,2,4,13.104,90.0,0.044,80,70,2000,24.954,270,60,8,112,84,3450,3,0.499,1473.366,595.526,99.58,80.0,5,0.499,1661.849,595.526,99.58,80.0,Horns Rev I,1892.501
165,2,5,13.104,90.0,0.044,80,70,2000,24.954,270,60,8,112,84,3450,1,0.038,1100.092,1100.092,76.93,80.0,1,0.038,1100.092,1100.092,76.93,80.0,Horns Rev I,1968.099
166,2,6,13.104,90.0,0.044,80,70,2000,24.954,270,60,8,112,84,3450,2,0.908,2637.573,2394.045,28.643,80.0,3,0.908,2410.377,1955.984,139.35,80.0,Horns Rev I,1759.35
167,2,7,13.104,90.0,0.044,80,70,2000,24.954,270,60,8,112,84,3450,1,0.0,1332.237,1332.237,80.843,80.0,2,0.0,1747.138,1332.237,80.843,80.0,Horns Rev I,1968.968
168,2,8,13.104,90.0,0.044,80,70,2000,24.954,270,60,8,112,84,3450,0,0.0,0.0,0.0,0.0,0.0,0,0.0,0.0,0.0,0.0,0.0,Horns Rev I,1975.41
169,2,9,13.104,90.0,0.044,80,70,2000,24.954,270,60,8,112,84,3450,1,0.0,513.062,513.062,85.548,80.0,2,0.0,1179.181,513.062,85.548,80.0,Horns Rev I,1972.142
170,2,10,13.104,90.0,0.044,80,70,2000,24.954,270,60,8,112,84,3450,4,1.0,2563.508,424.049,56.573,80.0,7,1.0,2886.522,424.049,56.573,80.0,Horns Rev I,1662.414
171,2,11,13.104,90.0,0.044,80,70,2000,24.954,270,60,8,112,84,3450,0,0.0,0.0,0.0,0.0,0.0,0,0.0,0.0,0.0,0.0,0.0,Horns Rev I,1975.41
172,2,12,13.104,90.0,0.044,80,70,2000,24.954,270,60,8,112,84,3450,2,0.436,2108.184,702.647,45.146,80.0,3,0.436,2426.259,702.647,45.146,80.0,Horns Rev I,1905.026
173,2,13,13.104,90.0,0.044,80,70,2000,24.954,270,60,8,112,84,3450,5,0.861,2641.141,1599.13,69.884,80.0,6,0.861,2872.886,1599.13,69.884,80.0,Horns Rev I,1844.435
174,2,14,13.104,90.0,0.044,80,70,2000,24.954,270,60,8,112,84,3450,3,0.473,1702.96,1207.059,42.389,80.0,3,0.473,1702.96,1207.059,42.389,80.0,Horns Rev I,1901.133
175,2,15,13.104,90.0,0.044,80,70,2000,24.954,270,60,8,112,84,3450,1,0.925,419.494,419.494,6.006,80.0,2,0.925,647.721,419.494,6.006,80.0,Horns Rev I,1661.281
176,2,16,13.104,90.0,0.044,80,70,2000,24.954,270,60,8,112,84,3450,0,0.0,0.0,0.0,0.0,0.0,0,0.0,0.0,0.0,0.0,0.0,Horns Rev I,1975.41
177,2,17,13.104,90.0,0.044,80,70,2000,24.954,270,60,8,112,84,3450,4,1.0,1627.092,1002.775,66.777,80.0,5,1.0,1943.219,1002.775,66.777,80.0,Horns Rev I,1717.692
178,2,18,13.104,90.0,0.044,80,70,2000,24.954,270,60,8,112,84,3450,0,0.0,0.0,0.0,0.0,0.0,0,0.0,0.0,0.0,0.0,0.0,Horns Rev I,1975.41
179,2,19,13.104,90.0,0.044,80,70,2000,24.954,270,60,8,112,84,3450,0,0.0,0.0,0.0,0.0,0.0,1,0.0,1557.998,1557.998,155.77,80.0,Horns Rev I,1975.407
180,2,20,13.104,90.0,0.044,80,70,2000,24.954,270,60,8,112,84,3450,0,0.0,0.0,0.0,0.0,0.0,0,0.0,0.0,0.0,0.0,0.0,Horns Rev I,1975.405
181,2,21,13.104,90.0,0.044,80,70,2000,24.954,270,60,8,112,84,3450,2,0.19,1340.715,1026.563,64.81,80.0,3,0.19,1566.256,1026.563,64.81,80.0,Horns Rev I,1957.614
182,2,22,13.104,90.0,0.044,80,70,2000,24.954,270,60,8,112,84,3450,4,0.355,2370.832,433.832,65.713,80.0,6,0.355,2557.549,433.832,65.713,80.0,Horns Rev I,1932.3
183,2,23,13.104,90.0,0.044,80,70,2000,24.954,270,60,8,112,84,3450,1,0.557,1104.614,1104.614,35.465,80.0,2,0.557,1289.968,1104.614,35.465,80.0,Horns Rev I,1878.192
184,2,24,13.104,90.0,0.044,80,70,2000,24.954,270,60,8,112,84,3450,1,0.0,1143.938,1143.938,90.045,80.0,1,0.0,1143.938,1143.938,90.045,80.0,Horns Rev I,1972.562
185,2,25,13.104,90.0,0.044,80,70,2000,24.954,270,60,8,112,84,3450,1,0.0,990.773,990.773,89.154,80.0,1,0.0,990.773,990.773,89.154,80.0,Horns Rev I,1972.645
186,2,26,13.104,90.0,0.044,80,70,2000,24.954,270,60,8,112,84,3450,3,1.0,832.423,430.417,67.514,80.0,4,1.0,1049.224,430.417,67.514,80.0,Horns Rev I,1583.283
187,2,27,13.104,90.0,0.044,80,70,2000,24.954,270,60,8,112,84,3450,4,1.0,2392.238,1352.214,117.581,80.0,6,1.0,2764.979,1352.214,117.581,80.0,Horns Rev I,1297.461
188,2,28,13.104,90.0,0.044,80,70,2000,24.954,270,60,8,112,84,3450,1,0.624,487.056,487.056,30.055,80.0,1,0.624,487.056,487.056,30.055,80.0,Horns Rev I,1826.181
189,2,29,13.104,90.0,0.044,80,70,2000,24.954,270,60,8,112,84,3450,2,0.115,1621.805,432.539,115.157,80.0,2,0.115,2585.418,2359.763,172.821,80.0,Horns Rev I,1962.381
190,2,30,13.104,90.0,0.044,80,70,2000,24.954,270,60,8,112,84,3450,4,1.0,1965.158,488.033,39.671,80.0,6,1.0,2211.515,488.033,39.671,80.0,Horns Rev I,1580.66
191,2,31,13.104,90.0,0.044,80,70,2000,24.954,270,60,8,112,84,3450,3,1.0,2290.412,1125.653,101.873,80.0,3,1.0,2290.412,1125.653,101.873,80.0,Horns Rev I,1793.624
192,2,32,13.104,90.0,0.044,80,70,2000,24.954,270,60,8,112,84,3450,3,0.997,2358.386,1109.788,94.92,80.0,6,0.997,2772.278,1109.788,94.92,80.0,Horns Rev I,1848.693
193,2,33,13.104,90.0,0.044,80,70,2000,24.954,270,60,8,112,84,3450,3,0.718,1813.158,803.942,82.207,80.0,6,0.718,2648.033,803.942,82.207,80.0,Horns Rev I,1856.279
194,2,34,13.104,90.0,0.044,80,70,2000,24.954,270,60,8,112,84,3450,3,1.0,1202.219,476.409,1.19,80.0,3,1.0,1202.219,476.409,1.19,80.0,Horns Rev I,1570.163
195,2,35,13.104,90.0,0.044,80,70,2000,24.954,270,60,8,112,84,3450,2,0.834,2903.378,2075.943,80.803,80.0,5,0.834,3551.069,2075.943,80.803,80.0,Horns Rev I,1847.693
196,2,36,13.104,90.0,0.044,80,70,2000,24.954,270,60,8,112,84,3450,1,0.125,829.802,829.802,70.03,80.0,1,0.125,829.802,829.802,70.03,80.0,Horns Rev I,1963.846
197,2,37,13.104,90.0,0.044,80,70,2000,24.954,270,60,8,112,84,3450,3,1.0,2465.758,1194.13,27.569,80.0,4,1.0,2291.863,1194.13,27.569,80.0,Horns Rev I,1736.414
198,2,38,13.104,90.0,0.044,80,70,2000,24.954,270,60,8,112,84,3450,0,0.0,0.0,0.0,0.0,0.0,0,0.0,0.0,0.0,0.0,0.0,Horns Rev I,1975.41
199,2,39,13.104,90.0,0.044,80,70,2000,24.954,270,60,8,112,84,3450,5,1.0,2417.233,1115.56,94.021,80.0,6,1.0,2650.688,1115.56,94.021,80.0,Horns Rev I,1216.218
200,2,40,13.104,90.0,0.044,80,70,2000,24.954,270,60,8,112,84,3450,2,0.779,867.657,673.998,117.096,80.0,2,0.779,1768.882,1061.317,17.718,80.0,Horns Rev I,1781.916
201,2,41,13.104,90.0,0.044,80,70,2000,24.954,270,60,8,112,84,3450,0,0.0,0.0,0.0,0.0,0.0,0,0.0,0.0,0.0,0.0,0.0,Horns Rev I,1975.41
202,2,42,13.104,90.0,0.044,80,70,2000,24.954,270,60,8,112,84,3450,1,0.365,478.226,478.226,50.809,80.0,1,0.365,478.226,478.226,50.809,80.0,Horns Rev I,1931.66
203,2,43,13.104,90.0,0.044,80,70,2000,24.954,270,60,8,112,84,3450,4,1.0,1597.58,492.555,8.363,80.0,6,1.0,1877.429,492.555,8.363,80.0,Horns Rev I,1415.246
204,2,44,13.104,90.0,0.044,80,70,2000,24.954,270,60,8,112,84,3450,5,1.0,2411.162,577.671,43.161,80.0,5,1.0,2411.162,577.671,43.161,80.0,Horns Rev I,1645.525
205,2,45,13.104,90.0,0.044,80,70,2000,24.954,270,60,8,112,84,3450,2,0.199,1446.113,997.637,112.449,80.0,2,0.199,1446.113,997.637,112.449,80.0,Horns Rev I,1956.781
206,2,46,13.104,90.0,0.044,80,70,2000,24.954,270,60,8,112,84,3450,3,0.796,1839.849,1261.41,41.531,80.0,5,0.796,2428.01,1261.41,41.531,80.0,Horns Rev I,1808.677
207,2,47,13.104,90.0,0.044,80,70,2000,24.954,270,60,8,112,84,3450,0,0.0,0.0,0.0,0.0,0.0,0,0.0,0.0,0.0,0.0,0.0,Horns Rev I,1975.41
208,2,48,13.104,90.0,0.044,80,70,2000,24.954,270,60,8,112,84,3450,0,0.0,0.0,0.0,0.0,0.0,0,0.0,0.0,0.0,0.0,0.0,Horns Rev I,1975.41
209,2,49,13.104,90.0,0.044,80,70,2000,24.954,270,60,8,112,84,3450,2,0.446,1907.443,1566.821,79.076,80.0,2,0.446,1907.443,1566.821,79.076,80.0,Horns Rev I,1921.238
210,2,50,13.104,90.0,0.044,80,70,2000,24.954,270,60,8,112,84,3450,0,0.0,0.0,0.0,0.0,0.0,0,0.0,0.0,0.0,0.0,0.0,Horns Rev I,1975.41
211,2,51,13.104,90.0,0.044,80,70,2000,24.954,270,60,8,112,84,3450,4,1.0,2063.733,1162.069,43.956,80.0,4,1.0,2063.733,1162.069,43.956,80.0,Horns Rev I,1685.178
212,2,52,13.104,90.0,0.044,80,70,2000,24.954,270,60,8,112,84,3450,0,0.0,0.0,0.0,0.0,0.0,0,0.0,0.0,0.0,0.0,0.0,Horns Rev I,1975.357
213,2,53,13.104,90.0,0.044,80,70,2000,24.954,270,60,8,112,84,3450,2,0.0,603.008,393.262,103.491,80.0,1,0.0,812.755,812.755,97.484,80.0,Horns Rev I,1973.348
214,2,54,13.104,90.0,0.044,80,70,2000,24.954,270,60,8,112,84,3450,1,0.0,947.237,947.237,99.799,80.0,1,0.0,947.237,947.237,99.799,80.0,Horns Rev I,1974.328
215,2,55,13.104,90.0,0.044,80,70,2000,24.954,270,60,8,112,84,3450,1,0.0,641.57,641.57,83.282,80.0,3,0.0,1152.719,641.57,83.282,80.0,Horns Rev I,1969.909
216,2,56,13.104,90.0,0.044,80,70,2000,24.954,270,60,8,112,84,3450,2,0.213,1088.714,707.954,62.946,80.0,2,0.213,1088.714,707.954,62.946,80.0,Horns Rev I,1955.149
217,2,57,13.104,90.0,0.044,80,70,2000,24.954,270,60,8,112,84,3450,4,1.0,3133.753,473.55,113.822,80.0,6,1.0,3509.908,2218.464,135.564,80.0,Horns Rev I,1857.052
218,2,58,13.104,90.0,0.044,80,70,2000,24.954,270,60,8,112,84,3450,2,1.0,2096.033,1543.726,13.134,80.0,4,1.0,2342.798,1543.726,13.134,80.0,Horns Rev I,1608.546
219,2,59,13.104,90.0,0.044,80,70,2000,24.954,270,60,8,112,84,3450,0,0.0,0.0,0.0,0.0,0.0,0,0.0,0.0,0.0,0.0,0.0,Horns Rev I,1975.41
220,2,60,13.104,90.0,0.044,80,70,2000,24.954,270,60,8,112,84,3450,3,1.0,1650.399,716.488,20.108,80.0,4,1.0,1993.709,716.488,20.108,80.0,Horns Rev I,1601.943
221,2,61,13.104,90.0,0.044,80,70,2000,24.954,270,60,8,112,84,3450,2,0.738,969.121,470.578,20.924,80.0,4,0.738,1932.633,470.578,20.924,80.0,Horns Rev I,1755.179
222,2,62,13.104,90.0,0.044,80,70,2000,24.954,270,60,8,112,84,3450,0,0.0,0.0,0.0,0.0,0.0,0,0.0,0.0,0.0,0.0,0.0,Horns Rev I,1975.383
223,2,63,13.104,90.0,0.044,80,70,2000,24.954,270,60,8,112,84,3450,0,0.0,0.0,0.0,0.0,0.0,0,0.0,0.0,0.0,0.0,0.0,Horns Rev I,1975.41
224,2,64,13.104,90.0,0.044,80,70,2000,24.954,270,60,8,112,84,3450,0,0.0,0.0,0.0,0.0,0.0,0,0.0,0.0,0.0,0.0,0.0,Horns Rev I,1975.41
225,2,65,13.104,90.0,0.044,80,70,2000,24.954,270,60,8,112,84,3450,0,0.0,0.0,0.0,0.0,0.0,0,0.0,0.0,0.0,0.0,0.0,Horns Rev I,1975.41
226,2,66,13.104,90.0,0.044,80,70,2000,24.954,270,60,8,112,84,3450,3,1.0,2592.779,547.498,64.72,80.0,9,1.0,2948.41,547.498,64.72,80.0,Horns Rev I,1780.87
227,2,67,13.104,90.0,0.044,80,70,2000,24.954,270,60,8,112,84,3450,2,1.0,1431.239,483.944,19.706,80.0,3,1.0,1448.019,483.944,19.706,80.0,Horns Rev I,1642.515
228,2,68,13.104,90.0,0.044,80,70,2000,24.954,270,60,8,112,84,3450,3,1.0,2059.354,1127.576,45.761,80.0,6,1.0,2850.618,1127.576,45.761,80.0,Horns Rev I,1763.712
229,2,69,13.104,90.0,0.044,80,70,2000,24.954,270,60,8,112,84,3450,0,0.0,0.0,0.0,0.0,0.0,0,0.0,0.0,0.0,0.0,0.0,Horns Rev I,1975.41
230,2,70,13.104,90.0,0.044,80,70,2000,24.954,270,60,8,112,84,3450,3,1.0,1055.486,468.364,59.506,80.0,3,1.0,1055.486,468.364,59.506,80.0,Horns Rev I,1726.409
231,2,71,13.104,90.0,0.044,80,70,2000,24.954,270,60,8,112,84,3450,2,0.1,3537.373,3293.845,102.028,80.0,3,0.1,3027.038,2006.366,129.72,80.0,Horns Rev I,1961.843
232,2,72,13.104,90.0,0.044,80,70,2000,24.954,270,60,8,112,84,3450,3,1.0,2233.307,570.313,47.791,80.0,5,1.0,2740.792,570.313,47.791,80.0,Horns Rev I,1763.111
233,2,73,13.104,90.0,0.044,80,70,2000,24.954,270,60,8,112,84,3450,2,0.401,1880.223,1670.962,91.099,80.0,2,0.401,1880.223,1670.962,91.099,80.0,Horns Rev I,1928.612
234,2,74,13.104,90.0,0.044,80,70,2000,24.954,270,60,8,112,84,3450,1,0.0,997.086,997.086,116.273,80.0,2,0.0,1853.599,997.086,116.273,80.0,Horns Rev I,1975.2
235,2,75,13.104,90.0,0.044,80,70,2000,24.954,270,60,8,112,84,3450,3,1.0,2777.777,862.582,49.187,80.0,5,1.0,2611.342,862.582,49.187,80.0,Horns Rev I,1742.238
236,2,76,13.104,90.0,0.044,80,70,2000,24.954,270,60,8,112,84,3450,5,1.0,2847.266,399.303,46.002,80.0,7,1.0,2671.321,399.303,46.002,80.0,Horns Rev I,1550.874
237,2,77,13.104,90.0,0.044,80,70,2000,24.954,270,60,8,112,84,3450,4,0.902,1592.319,454.858,87.469,80.0,5,0.902,1970.206,454.858,87.469,80.0,Horns Rev I,1779.137
238,2,78,13.104,90.0,0.044,80,70,2000,24.954,270,60,8,112,84,3450,4,1.0,2886.718,407.493,109.58,80.0,5,1.0,3317.036,1535.069,155.342,80.0,Horns Rev I,1465.929
239,2,79,13.104,90.0,0.044,80,70,2000,24.954,270,60,8,112,84,3450,2,0.753,1902.041,1428.422,74.997,80.0,4,0.753,2479.645,1428.422,74.997,80.0,Horns Rev I,1852.561
240,3,0,6.141,120.0,0.087,80,70,2000,39.114,240,194,11,154,100,6000,0,0.0,0.0,0.0,0.0,0.0,0,0.0,0.0,0.0,0.0,0.0,Horns Rev I,314.911
241,3,1,6.141,120.0,0.087,80,70,2000,39.114,240,194,11,154,100,6000,1,0.065,439.25,439.25,74.806,80.0,1,0.065,439.25,439.25,74.806,80.0,Horns Rev I,277.288
242,3,2,6.141,120.0,0.087,80,70,2000,39.114,240,194,11,154,100,6000,2,0.453,902.036,682.411,43.797,80.0,2,0.453,902.036,682.411,43.797,80.0,Horns Rev I,192.823
243,3,3,6.141,120.0,0.087,80,70,2000,39.114,240,194,11,154,100,6000,3,0.417,1712.516,526.742,97.515,80.0,5,0.417,1955.673,526.742,97.515,80.0,Horns Rev I,219.662
244,3,4,6.141,120.0,0.087,80,70,2000,39.114,240,194,11,154,100,6000,2,1.0,2507.999,1329.006,31.143,80.0,5,1.0,2546.053,1329.006,31.143,80.0,Horns Rev I,153.602
245,3,5,6.141,120.0,0.087,80,70,2000,39.114,240,194,11,154,100,6000,1,0.0,1793.148,1793.148,87.95,80.0,1,0.0,1793.148,1793.148,87.95,80.0,Horns Rev I,291.36
246,3,6,6.141,120.0,0.087,80,70,2000,39.114,240,194,11,154,100,6000,0,0.0,0.0,0.0,0.0,0.0,0,0.0,0.0,0.0,0.0,0.0,Horns Rev I,314.957
247,3,7,6.141,120.0,0.087,80,70,2000,39.114,240,194,11,154,100,6000,0,0.0,0.0,0.0,0.0,0.0,0,0.0,0.0,0.0,0.0,0.0,Horns Rev I,315.097
248,3,8,6.141,120.0,0.087,80,70,2000,39.114,240,194,11,154,100,6000,1,0.075,944.8,944.8,73.985,80.0,1,0.075,944.8,944.8,73.985,80.0,Horns Rev I,273.533
249,3,9,6.141,120.0,0.087,80,70,2000,39.114,240,194,11,154,100,6000,0,0.0,0.0,0.0,0.0,0.0,0,0.0,0.0,0.0,0.0,0.0,Horns Rev I,315.097
250,3,10,6.141,120.0,0.087,80,70,2000,39.114,240,194,11,154,100,6000,6,1.0,3000.066,1243.54,83.5,80.0,8,1.0,3051.44,1243.54,83.5,80.0,Horns Rev I,141.903
251,3,11,6.141,120.0,0.087,80,70,2000,39.114,240,194,11,154,100,6000,1,0.395,638.31,638.31,48.409,80.0,1,0.395,638.31,638.31,48.409,80.0,Horns Rev I,206.099
252,3,12,6.141,120.0,0.087,80,70,2000,39.114,240,194,11,154,100,6000,1,0.0,1893.919,1893.919,110.4,80.0,2,0.0,2095.337,1893.919,110.4,80.0,Horns Rev I,307.903
253,3,13,6.141,120.0,0.087,80,70,2000,39.114,240,194,11,154,100,6000,4,0.435,2602.898,461.753,71.474,80.0,7,0.435,2966.845,461.753,71.474,80.0,Horns Rev I,225.534
254,3,14,6.141,120.0,0.087,80,70,2000,39.114,240,194,11,154,100,6000,3,1.0,2034.783,1545.849,8.549,80.0,6,1.0,2596.868,1545.849,8.549,80.0,Horns Rev I,92.214
255,3,15,6.141,120.0,0.087,80,70,2000,39.114,240,194,11,154,100,6000,0,0.0,0.0,0.0,0.0,0.0,1,0.0,1591.458,1591.458,133.747,80.0,Horns Rev I,313.946
256,3,16,6.141,120.0,0.087,80,70,2000,39.114,240,194,11,154,100,6000,0,0.0,0.0,0.0,0.0,0.0,0,0.0,0.0,0.0,0.0,0.0,Horns Rev I,315.097
257,3,17,6.141,120.0,0.087,80,70,2000,39.114,240,194,11,154,100,6000,1,0.215,413.43,413.43,62.831,80.0,1,0.215,413.43,413.43,62.831,80.0,Horns Rev I,247.822
258,3,18,6.141,120.0,0.087,80,70,2000,39.114,240,194,11,154,100,6000,1,0.0,628.782,628.782,81.576,80.0,1,0.0,628.782,628.782,81.576,80.0,Horns Rev I,288.114
259,3,19,6.141,120.0,0.087,80,70,2000,39.114,240,194,11,154,100,6000,0,0.0,0.0,0.0,0.0,0.0,0,0.0,0.0,0.0,0.0,0.0,Horns Rev I,315.097
260,3,20,6.141,120.0,0.087,80,70,2000,39.114,240,194,11,154,100,6000,0,0.0,0.0,0.0,0.0,0.0,0,0.0,0.0,0.0,0.0,0.0,Horns Rev I,315.097
261,3,21,6.141,120.0,0.087,80,70,2000,39.114,240,194,11,154,100,6000,3,1.0,1783.961,506.677,23.439,80.0,4,1.0,2117.283,506.677,23.439,80.0,Horns Rev I,112.883
262,3,22,6.141,120.0,0.087,80,70,2000,39.114,240,194,11,154,100,6000,0,0.0,0.0,0.0,0.0,0.0,0,0.0,0.0,0.0,0.0,0.0,Horns Rev I,315.086
263,3,23,6.141,120.0,0.087,80,70,2000,39.114,240,194,11,154,100,6000,2,0.549,1523.913,1198.643,47.889,80.0,2,0.549,1523.913,1198.643,47.889,80.0,Horns Rev I,201.692
264,3,24,6.141,120.0,0.087,80,70,2000,39.114,240,194,11,154,100,6000,1,0.108,2357.987,2357.987,71.335,80.0,3,0.108,1777.251,1267.925,128.046,80.0,Horns Rev I,266.473
265,3,25,6.141,120.0,0.087,80,70,2000,39.114,240,194,11,154,100,6000,1,0.774,949.268,949.268,18.081,80.0,1,0.774,949.268,949.268,18.081,80.0,Horns Rev I,139.894
266,3,26,6.141,120.0,0.087,80,70,2000,39.114,240,194,11,154,100,6000,0,0.0,0.0,0.0,0.0,0.0,0,0.0,0.0,0.0,0.0,0.0,Horns Rev I,315.037
267,3,27,6.141,120.0,0.087,80,70,2000,39.114,240,194,11,154,100,6000,2,1.0,1337.935,1131.22,59.824,80.0,3,1.0,1562.847,1131.22,59.824,80.0,Horns Rev I,136.656
268,3,28,6.141,120.0,0.087,80,70,2000,39.114,240,194,11,154,100,6000,0,0.0,0.0,0.0,0.0,0.0,0,0.0,0.0,0.0,0.0,0.0,Horns Rev I,315.097
269,3,29,6.141,120.0,0.087,80,70,2000,39.114,240,194,11,154,100,6000,1,0.44,736.417,736.417,44.763,80.0,2,0.44,1538.008,736.417,44.763,80.0,Horns Rev I,196.711
270,3,30,6.141,120.0,0.087,80,70,2000,39.114,240,194,11,154,100,6000,2,0.909,2343.21,1990.465,74.618,80.0,6,0.909,3169.447,1990.465,74.618,80.0,Horns Rev I,171.555
271,3,31,6.141,120.0,0.087,80,70,2000,39.114,240,194,11,154,100,6000,0,0.0,0.0,0.0,0.0,0.0,0,0.0,0.0,0.0,0.0,0.0,Horns Rev I,314.956
272,3,32,6.141,120.0,0.087,80,70,2000,39.114,240,194,11,154,100,6000,5,1.0,2485.888,504.778,64.445,80.0,12,1.0,3285.153,504.778,64.445,80.0,Horns Rev I,159.301
273,3,33,6.141,120.0,0.087,80,70,2000,39.114,240,194,11,154,100,6000,4,1.0,3478.767,936.896,21.377,80.0,7,1.0,3566.87,936.896,21.377,80.0,Horns Rev I,106.646
274,3,34,6.141,120.0,0.087,80,70,2000,39.114,240,194,11,154,100,6000,2,0.138,2029.389,1782.722,106.027,80.0,2,0.138,2029.389,1782.722,106.027,80.0,Horns Rev I,261.748
275,3,35,6.141,120.0,0.087,80,70,2000,39.114,240,194,11,154,100,6000,3,1.0,3961.036,3482.885,44.191,80.0,4,1.0,3368.019,1588.966,154.591,80.0,Horns Rev I,184.381
276,3,36,6.141,120.0,0.087,80,70,2000,39.114,240,194,11,154,100,6000,0,0.0,0.0,0.0,0.0,0.0,0,0.0,0.0,0.0,0.0,0.0,Horns Rev I,315.097
277,3,37,6.141,120.0,0.087,80,70,2000,39.114,240,194,11,154,100,6000,3,1.0,1814.353,465.846,39.424,80.0,6,1.0,2025.585,465.846,39.424,80.0,Horns Rev I,125.727
278,3,38,6.141,120.0,0.087,80,70,2000,39.114,240,194,11,154,100,6000,0,0.0,0.0,0.0,0.0,0.0,0,0.0,0.0,0.0,0.0,0.0,Horns Rev I,315.097
279,3,39,6.141,120.0,0.087,80,70,2000,39.114,240,194,11,154,100,6000,2,0.271,863.564,581.959,76.789,80.0,3,0.271,1355.045,581.959,76.789,80.0,Horns Rev I,239.186
280,3,40,6.141,120.0,0.087,80,70,2000,39.114,240,194,11,154,100,6000,0,0.0,0.0,0.0,0.0,0.0,0,0.0,0.0,0.0,0.0,0.0,Horns Rev I,314.932
281,3,41,6.141,120.0,0.087,80,70,2000,39.114,240,194,11,154,100,6000,0,0.0,0.0,0.0,0.0,0.0,0,0.0,0.0,0.0,0.0,0.0,Horns Rev I,315.097
282,3,42,6.141,120.0,0.087,80,70,2000,39.114,240,194,11,154,100,6000,1,0.201,1179.055,1179.055,63.882,80.0,1,0.201,1179.055,1179.055,63.882,80.0,Horns Rev I,251.818
283,3,43,6.141,120.0,0.087,80,70,2000,39.114,240,194,11,154,100,6000,6,0.707,3030.83,959.022,98.955,80.0,7,0.707,2896.838,959.022,98.955,80.0,Horns Rev I,200.353
284,3,44,6.141,120.0,0.087,80,70,2000,39.114,240,194,11,154,100,6000,3,0.481,2425.133,1399.795,69.044,80.0,5,0.481,2618.757,1399.795,69.044,80.0,Horns Rev I,225.03
285,3,45,6.141,120.0,0.087,80,70,2000,39.114,240,194,11,154,100,6000,3,0.131,1141.6,705.49,87.277,80.0,3,0.131,1141.6,705.49,87.277,80.0,Horns Rev I,260.347
286,3,46,6.141,120.0,0.087,80,70,2000,39.114,240,194,11,154,100,6000,1,0.761,530.836,530.836,19.104,80.0,2,0.761,842.951,530.836,19.104,80.0,Horns Rev I,124.367
287,3,47,6.141,120.0,0.087,80,70,2000,39.114,240,194,11,154,100,6000,0,0.0,0.0,0.0,0.0,0.0,0,0.0,0.0,0.0,0.0,0.0,Horns Rev I,315.097
288,3,48,6.141,120.0,0.087,80,70,2000,39.114,240,194,11,154,100,6000,0,0.0,0.0,0.0,0.0,0.0,0,0.0,0.0,0.0,0.0,0.0,Horns Rev I,315.097
289,3,49,6.141,120.0,0.087,80,70,2000,39.114,240,194,11,154,100,6000,2,0.209,1915.925,1628.056,63.299,80.0,3,0.209,2147.474,1628.056,63.299,80.0,Horns Rev I,250.737
290,3,50,6.141,120.0,0.087,80,70,2000,39.114,240,194,11,154,100,6000,1,0.536,493.335,493.335,37.092,80.0,1,0.536,493.335,493.335,37.092,80.0,Horns Rev I,167.135
291,3,51,6.141,120.0,0.087,80,70,2000,39.114,240,194,11,154,100,6000,3,1.0,1405.173,524.703,46.626,80.0,5,1.0,2218.529,524.703,46.626,80.0,Horns Rev I,125.508
292,3,52,6.141,120.0,0.087,80,70,2000,39.114,240,194,11,154,100,6000,1,0.0,418.375,418.375,103.576,80.0,0,0.0,0.0,0.0,0.0,0.0,Horns Rev I,309.727
293,3,53,6.141,120.0,0.087,80,70,2000,39.114,240,194,11,154,100,6000,1,0.018,935.488,935.488,78.523,80.0,2,0.018,1407.888,935.488,78.523,80.0,Horns Rev I,281.672
294,3,54,6.141,120.0,0.087,80,70,2000,39.114,240,194,11,154,100,6000,1,0.039,402.835,402.835,76.908,80.0,1,0.039,402.835,402.835,76.908,80.0,Horns Rev I,281.694
295,3,55,6.141,120.0,0.087,80,70,2000,39.114,240,194,11,154,100,6000,3,1.0,1974.701,1373.344,52.157,80.0,3,1.0,1974.701,1373.344,52.157,80.0,Horns Rev I,138.804
296,3,56,6.141,120.0,0.087,80,70,2000,39.114,240,194,11,154,100,6000,2,1.0,733.401,514.443,3.925,80.0,4,1.0,1175.401,514.443,3.925,80.0,Horns Rev I,79.829
297,3,57,6.141,120.0,0.087,80,70,2000,39.114,240,194,11,154,100,6000,5,1.0,3220.675,1138.356,9.901,80.0,11,1.0,3726.962,1138.356,9.901,80.0,Horns Rev I,127.606
298,3,58,6.141,120.0,0.087,80,70,2000,39.114,240,194,11,154,100,6000,3,1.0,1591.54,729.101,94.161,80.0,4,1.0,2052.481,729.101,94.161,80.0,Horns Rev I,149.62
299,3,59,6.141,120.0,0.087,80,70,2000,39.114,240,194,11,154,100,6000,0,0.0,0.0,0.0,0.0,0.0,0,0.0,0.0,0.0,0.0,0.0,Horns Rev I,315.097
300,3,60,6.141,120.0,0.087,80,70,2000,39.114,240,194,11,154,100,6000,3,0.802,1751.983,1265.389,15.816,80.0,6,0.802,2669.828,1265.389,15.816,80.0,Horns Rev I,146.035
301,3,61,6.141,120.0,0.087,80,70,2000,39.114,240,194,11,154,100,6000,3,1.0,3389.162,2373.219,29.634,80.0,4,1.0,3285.835,2373.219,29.634,80.0,Horns Rev I,163.539
302,3,62,6.141,120.0,0.087,80,70,2000,39.114,240,194,11,154,100,6000,1,0.403,575.739,575.739,47.762,80.0,1,0.403,575.739,575.739,47.762,80.0,Horns Rev I,202.991
303,3,63,6.141,120.0,0.087,80,70,2000,39.114,240,194,11,154,100,6000,1,0.0,650.54,650.54,116.116,80.0,0,0.0,0.0,0.0,0.0,0.0,Horns Rev I,312.77
304,3,64,6.141,120.0,0.087,80,70,2000,39.114,240,194,11,154,100,6000,0,0.0,0.0,0.0,0.0,0.0,0,0.0,0.0,0.0,0.0,0.0,Horns Rev I,315.097
305,3,65,6.141,120.0,0.087,80,70,2000,39.114,240,194,11,154,100,6000,1,0.581,437.916,437.916,33.557,80.0,1,0.581,437.916,437.916,33.557,80.0,Horns Rev I,154.195
306,3,66,6.141,120.0,0.087,80,70,2000,39.114,240,194,11,154,100,6000,3,1.0,2406.857,1228.189,117.257,80.0,10,1.0,3462.14,1228.189,117.257,80.0,Horns Rev I,163.306
307,3,67,6.141,120.0,0.087,80,70,2000,39.114,240,194,11,154,100,6000,3,1.0,1764.507,825.915,114.495,80.0,3,1.0,1764.507,825.915,114.495,80.0,Horns Rev I,160.119
308,3,68,6.141,120.0,0.087,80,70,2000,39.114,240,194,11,154,100,6000,0,0.0,0.0,0.0,0.0,0.0,1,0.0,1166.445,1166.445,121.17,80.0,Horns Rev I,312.761
309,3,69,6.141,120.0,0.087,80,70,2000,39.114,240,194,11,154,100,6000,1,0.0,396.872,396.872,93.027,80.0,1,0.0,396.872,396.872,93.027,80.0,Horns Rev I,303.286
310,3,70,6.141,120.0,0.087,80,70,2000,39.114,240,194,11,154,100,6000,2,0.647,2033.8,1137.226,28.253,80.0,4,0.647,2189.223,1137.226,28.253,80.0,Horns Rev I,163.385
311,3,71,6.141,120.0,0.087,80,70,2000,39.114,240,194,11,154,100,6000,2,1.0,1159.629,563.211,15.262,80.0,2,1.0,1159.629,563.211,15.262,80.0,Horns Rev I,112.199
312,3,72,6.141,120.0,0.087,80,70,2000,39.114,240,194,11,154,100,6000,4,1.0,3214.195,1133.092,56.827,80.0,9,1.0,3508.47,1133.092,56.827,80.0,Horns Rev I,162.717
313,3,73,6.141,120.0,0.087,80,70,2000,39.114,240,194,11,154,100,6000,3,0.0,1123.27,499.025,108.862,80.0,3,0.0,1881.955,960.759,99.711,80.0,Horns Rev I,303.694
314,3,74,6.141,120.0,0.087,80,70,2000,39.114,240,194,11,154,100,6000,3,1.0,1604.764,647.836,119.17,80.0,4,1.0,2781.183,1608.594,19.459,80.0,Horns Rev I,118.258
315,3,75,6.141,120.0,0.087,80,70,2000,39.114,240,194,11,154,100,6000,0,0.0,0.0,0.0,0.0,0.0,0,0.0,0.0,0.0,0.0,0.0,Horns Rev I,315.097
316,3,76,6.141,120.0,0.087,80,70,2000,39.114,240,194,11,154,100,6000,1,0.529,2305.262,2305.262,37.664,80.0,1,0.529,2305.262,2305.262,37.664,80.0,Horns Rev I,202.108
317,3,77,6.141,120.0,0.087,80,70,2000,39.114,240,194,11,154,100,6000,5,1.0,2589.599,1018.105,22.223,80.0,8,1.0,3002.708,1018.105,22.223,80.0,Horns Rev I,127.06
318,3,78,6.141,120.0,0.087,80,70,2000,39.114,240,194,11,154,100,6000,1,0.0,407.69,407.69,108.847,80.0,0,0.0,0.0,0.0,0.0,0.0,Horns Rev I,311.71
319,3,79,6.141,120.0,0.087,80,70,2000,39.114,240,194,11,154,100,6000,1,0.105,1192.836,1192.836,71.615,80.0,1,0.105,1192.836,1192.836,71.615,80.0,Horns Rev I,268.325
320,4,0,14.643,120.0,0.085,80,70,2000,6.971,150,47,9,112,84,3450,0,0.0,0.0,0.0,0.0,0.0,1,0.0,5042.854,5042.854,176.005,112.0,Horns Rev I,1997.199
321,4,1,14.643,120.0,0.085,80,70,2000,6.971,150,47,9,112,84,3450,2,0.836,3074.224,439.25,74.806,80.0,2,0.836,3074.224,439.25,74.806,80.0,Horns Rev I,1991.12
322,4,2,14.643,120.0,0.085,80,70,2000,6.971,150,47,9,112,84,3450,3,0.676,2731.894,682.411,43.797,80.0,3,0.676,2731.894,682.411,43.797,80.0,Horns Rev I,1988.087
323,4,3,14.643,120.0,0.085,80,70,2000,6.971,150,47,9,112,84,3450,5,1.0,4070.177,526.742,97.515,80.0,10,1.0,4782.042,526.742,97.515,80.0,Horns Rev I,1985.815
324,4,4,14.643,120.0,0.085,80,70,2000,6.971,150,47,9,112,84,3450,3,1.0,4844.249,1329.006,31.143,80.0,7,1.0,4338.767,1329.006,31.143,80.0,Horns Rev I,1975.02
325,4,5,14.643,120.0,0.085,80,70,2000,6.971,150,47,9,112,84,3450,2,0.0,4428.122,1793.148,87.95,80.0,3,0.0,5589.939,1793.148,87.95,80.0,Horns Rev I,1996.602
326,4,6,14.643,120.0,0.085,80,70,2000,6.971,150,47,9,112,84,3450,4,0.975,4680.229,2118.527,83.755,112.0,5,0.975,5537.019,2118.527,83.755,112.0,Horns Rev I,1985.929
327,4,7,14.643,120.0,0.085,80,70,2000,6.971,150,47,9,112,84,3450,0,0.0,0.0,0.0,0.0,0.0,3,0.0,5766.782,3450.032,250.148,112.0,Horns Rev I,1997.196
328,4,8,14.643,120.0,0.085,80,70,2000,6.971,150,47,9,112,84,3450,2,0.408,3634.725,944.8,73.985,80.0,5,0.408,3522.754,944.8,73.985,80.0,Horns Rev I,1994.409
329,4,9,14.643,120.0,0.085,80,70,2000,6.971,150,47,9,112,84,3450,1,1.0,332.795,332.795,0.337,112.0,2,1.0,4111.994,332.795,0.337,112.0,Horns Rev I,1949.749
330,4,10,14.643,120.0,0.085,80,70,2000,6.971,150,47,9,112,84,3450,7,1.0,4074.991,1243.54,83.5,80.0,12,1.0,4823.337,1243.54,83.5,80.0,Horns Rev I,1966.766
331,4,11,14.643,120.0,0.085,80,70,2000,6.971,150,47,9,112,84,3450,1,0.395,638.31,638.31,48.409,80.0,1,0.395,638.31,638.31,48.409,80.0,Horns Rev I,1992.908
332,4,12,14.643,120.0,0.085,80,70,2000,6.971,150,47,9,112,84,3450,4,1.0,5302.675,1893.919,110.4,80.0,7,1.0,5197.071,1893.919,110.4,80.0,Horns Rev I,1989.58
333,4,13,14.643,120.0,0.085,80,70,2000,6.971,150,47,9,112,84,3450,6,1.0,4428.304,461.753,71.474,80.0,11,1.0,4786.76,461.753,71.474,80.0,Horns Rev I,1988.593
334,4,14,14.643,120.0,0.085,80,70,2000,6.971,150,47,9,112,84,3450,4,1.0,3771.115,1545.849,8.549,80.0,8,1.0,4018.629,1545.849,8.549,80.0,Horns Rev I,1846.013
335,4,15,14.643,120.0,0.085,80,70,2000,6.971,150,47,9,112,84,3450,2,1.0,4921.409,4081.358,35.895,112.0,4,1.0,4601.396,1591.458,133.747,80.0,Horns Rev I,1985.55
336,4,16,14.643,120.0,0.085,80,70,2000,6.971,150,47,9,112,84,3450,0,0.0,0.0,0.0,0.0,0.0,1,0.0,6071.923,6071.923,354.987,112.0,Horns Rev I,1997.223
337,4,17,14.643,120.0,0.085,80,70,2000,6.971,150,47,9,112,84,3450,5,1.0,4608.638,413.43,62.831,80.0,6,1.0,5027.613,413.43,62.831,80.0,Horns Rev I,1965.803
338,4,18,14.643,120.0,0.085,80,70,2000,6.971,150,47,9,112,84,3450,1,0.0,628.782,628.782,81.576,80.0,4,0.0,4756.258,628.782,81.576,80.0,Horns Rev I,1996.849
339,4,19,14.643,120.0,0.085,80,70,2000,6.971,150,47,9,112,84,3450,1,0.784,1948.593,1948.593,33.24,112.0,4,0.784,7115.882,1948.593,33.24,112.0,Horns Rev I,1985.056
340,4,20,14.643,120.0,0.085,80,70,2000,6.971,150,47,9,112,84,3450,0,0.0,0.0,0.0,0.0,0.0,2,0.0,6427.39,6002.151,295.315,112.0,Horns Rev I,1997.223
341,4,21,14.643,120.0,0.085,80,70,2000,6.971,150,47,9,112,84,3450,3,1.0,1783.961,506.677,23.439,80.0,7,1.0,4369.796,506.677,23.439,80.0,Horns Rev I,1965.521
342,4,22,14.643,120.0,0.085,80,70,2000,6.971,150,47,9,112,84,3450,1,0.226,10869.154,10869.154,77.894,112.0,4,0.226,9009.139,6313.343,261.268,112.0,Horns Rev I,1995.542
343,4,23,14.643,120.0,0.085,80,70,2000,6.971,150,47,9,112,84,3450,2,0.549,1523.913,1198.643,47.889,80.0,3,0.549,2897.773,1198.643,47.889,80.0,Horns Rev I,1992.406
344,4,24,14.643,120.0,0.085,80,70,2000,6.971,150,47,9,112,84,3450,2,1.0,5272.865,2357.987,71.335,80.0,5,1.0,4062.969,1267.925,128.046,80.0,Horns Rev I,1991.546
345,4,25,14.643,120.0,0.085,80,70,2000,6.971,150,47,9,112,84,3450,1,0.774,949.268,949.268,18.081,80.0,2,0.774,3470.695,949.268,18.081,80.0,Horns Rev I,1979.206
346,4,26,14.643,120.0,0.085,80,70,2000,6.971,150,47,9,112,84,3450,1,0.444,3136.816,3136.816,60.498,112.0,4,0.444,6450.708,3136.816,60.498,112.0,Horns Rev I,1993.043
347,4,27,14.643,120.0,0.085,80,70,2000,6.971,150,47,9,112,84,3450,7,1.0,5440.602,1131.22,59.824,80.0,8,1.0,5012.111,1131.22,59.824,80.0,Horns Rev I,1943.809
348,4,28,14.643,120.0,0.085,80,70,2000,6.971,150,47,9,112,84,3450,1,0.0,3139.324,3139.324,120.889,112.0,2,0.0,3979.374,3139.324,120.889,112.0,Horns Rev I,1996.932
349,4,29,14.643,120.0,0.085,80,70,2000,6.971,150,47,9,112,84,3450,2,0.44,2304.825,736.417,44.763,80.0,6,0.44,5304.086,736.417,44.763,80.0,Horns Rev I,1990.106
350,4,30,14.643,120.0,0.085,80,70,2000,6.971,150,47,9,112,84,3450,4,1.0,4980.287,1990.465,74.618,80.0,9,1.0,4879.853,1990.465,74.618,80.0,Horns Rev I,1967.931
351,4,31,14.643,120.0,0.085,80,70,2000,6.971,150,47,9,112,84,3450,1,0.856,8515.424,8515.424,27.505,112.0,4,0.856,5059.698,2737.95,162.016,112.0,Horns Rev I,1992.956
352,4,32,14.643,120.0,0.085,80,70,2000,6.971,150,47,9,112,84,3450,5,1.0,2485.888,504.778,64.445,80.0,15,1.0,4490.371,504.778,64.445,80.0,Horns Rev I,1979.072
353,4,33,14.643,120.0,0.085,80,70,2000,6.971,150,47,9,112,84,3450,4,1.0,3478.767,936.896,21.377,80.0,10,1.0,5138.749,936.896,21.377,80.0,Horns Rev I,1937.608
354,4,34,14.643,120.0,0.085,80,70,2000,6.971,150,47,9,112,84,3450,3,0.705,3504.211,1782.722,106.027,80.0,4,0.705,4589.721,1782.722,106.027,80.0,Horns Rev I,1992.738
355,4,35,14.643,120.0,0.085,80,70,2000,6.971,150,47,9,112,84,3450,3,1.0,3961.036,3482.885,44.191,80.0,11,1.0,6384.712,1588.966,154.591,80.0,Horns Rev I,1988.35
356,4,36,14.643,120.0,0.085,80,70,2000,6.971,150,47,9,112,84,3450,0,0.0,0.0,0.0,0.0,0.0,2,0.0,6501.427,6063.466,332.195,112.0,Horns Rev I,1997.223
357,4,37,14.643,120.0,0.085,80,70,2000,6.971,150,47,9,112,84,3450,5,1.0,3895.046,465.846,39.424,80.0,10,1.0,4064.788,465.846,39.424,80.0,Horns Rev I,1947.126
358,4,38,14.643,120.0,0.085,80,70,2000,6.971,150,47,9,112,84,3450,0,0.0,0.0,0.0,0.0,0.0,0,0.0,0.0,0.0,0.0,0.0,Horns Rev I,1997.223
359,4,39,14.643,120.0,0.085,80,70,2000,6.971,150,47,9,112,84,3450,2,0.271,863.564,581.959,76.789,80.0,8,0.271,5059.549,581.959,76.789,80.0,Horns Rev I,1994.83
360,4,40,14.643,120.0,0.085,80,70,2000,6.971,150,47,9,112,84,3450,2,0.689,5067.252,3893.47,110.907,112.0,4,0.689,5923.619,3893.47,110.907,112.0,Horns Rev I,1992.23
361,4,41,14.643,120.0,0.085,80,70,2000,6.971,150,47,9,112,84,3450,1,0.0,4177.8,4177.8,119.584,112.0,2,0.0,4873.996,4177.8,119.584,112.0,Horns Rev I,1996.859
362,4,42,14.643,120.0,0.085,80,70,2000,6.971,150,47,9,112,84,3450,1,0.201,1179.055,1179.055,63.882,80.0,2,0.201,4215.016,1179.055,63.882,80.0,Horns Rev I,1995.619
363,4,43,14.643,120.0,0.085,80,70,2000,6.971,150,47,9,112,84,3450,6,0.707,3030.83,959.022,98.955,80.0,9,0.707,4307.082,959.022,98.955,80.0,Horns Rev I,1989.595
364,4,44,14.643,120.0,0.085,80,70,2000,6.971,150,47,9,112,84,3450,3,0.481,2425.133,1399.795,69.044,80.0,10,0.481,5468.791,1399.795,69.044,80.0,Horns Rev I,1993.581
365,4,45,14.643,120.0,0.085,80,70,2000,6.971,150,47,9,112,84,3450,4,0.689,2052.912,705.49,87.277,80.0,6,0.689,3725.899,705.49,87.277,80.0,Horns Rev I,1991.609
366,4,46,14.643,120.0,0.085,80,70,2000,6.971,150,47,9,112,84,3450,3,1.0,3688.319,530.836,19.104,80.0,7,1.0,3647.986,530.836,19.104,80.0,Horns Rev I,1963.718
367,4,47,14.643,120.0,0.085,80,70,2000,6.971,150,47,9,112,84,3450,1,0.159,4170.002,4170.002,83.282,112.0,3,0.159,4013.251,2489.9,169.642,112.0,Horns Rev I,1995.547
368,4,48,14.643,120.0,0.085,80,70,2000,6.971,150,47,9,112,84,3450,0,0.0,0.0,0.0,0.0,0.0,0,0.0,0.0,0.0,0.0,0.0,Horns Rev I,1997.223
369,4,49,14.643,120.0,0.085,80,70,2000,6.971,150,47,9,112,84,3450,2,0.209,1915.925,1628.056,63.299,80.0,5,0.209,3761.752,1628.056,63.299,80.0,Horns Rev I,1995.064
370,4,50,14.643,120.0,0.085,80,70,2000,6.971,150,47,9,112,84,3450,1,0.536,493.335,493.335,37.092,80.0,3,0.536,3742.666,493.335,37.092,80.0,Horns Rev I,1987.934
371,4,51,14.643,120.0,0.085,80,70,2000,6.971,150,47,9,112,84,3450,3,1.0,1405.173,524.703,46.626,80.0,7,1.0,3645.964,524.703,46.626,80.0,Horns Rev I,1965.232
372,4,52,14.643,120.0,0.085,80,70,2000,6.971,150,47,9,112,84,3450,1,0.0,418.375,418.375,103.576,80.0,2,0.0,5785.706,5089.51,260.253,112.0,Horns Rev I,1997.113
373,4,53,14.643,120.0,0.085,80,70,2000,6.971,150,47,9,112,84,3450,3,1.0,3641.978,935.488,78.523,80.0,5,1.0,3771.302,935.488,78.523,80.0,Horns Rev I,1990.914
374,4,54,14.643,120.0,0.085,80,70,2000,6.971,150,47,9,112,84,3450,1,0.039,402.835,402.835,76.908,80.0,3,0.039,4304.168,402.835,76.908,80.0,Horns Rev I,1996.684
375,4,55,14.643,120.0,0.085,80,70,2000,6.971,150,47,9,112,84,3450,4,1.0,3422.264,1373.344,52.157,80.0,4,1.0,3422.264,1373.344,52.157,80.0,Horns Rev I,1962.948
376,4,56,14.643,120.0,0.085,80,70,2000,6.971,150,47,9,112,84,3450,3,1.0,2967.021,514.443,3.925,80.0,6,1.0,3029.623,514.443,3.925,80.0,Horns Rev I,1911.449
377,4,57,14.643,120.0,0.085,80,70,2000,6.971,150,47,9,112,84,3450,7,1.0,4934.046,1138.356,9.901,80.0,15,1.0,5162.43,1138.356,9.901,80.0,Horns Rev I,1953.373
378,4,58,14.643,120.0,0.085,80,70,2000,6.971,150,47,9,112,84,3450,5,1.0,3575.02,729.101,94.161,80.0,8,1.0,4355.114,729.101,94.161,80.0,Horns Rev I,1969.633
379,4,59,14.643,120.0,0.085,80,70,2000,6.971,150,47,9,112,84,3450,1,0.287,5829.757,5829.757,73.029,112.0,1,0.287,5829.757,5829.757,73.029,112.0,Horns Rev I,1994.896
380,4,60,14.643,120.0,0.085,80,70,2000,6.971,150,47,9,112,84,3450,4,1.0,3368.555,1265.389,15.816,80.0,8,1.0,4230.987,1265.389,15.816,80.0,Horns Rev I,1971.474
381,4,61,14.643,120.0,0.085,80,70,2000,6.971,150,47,9,112,84,3450,3,1.0,3389.162,2373.219,29.634,80.0,7,1.0,5250.294,2373.219,29.634,80.0,Horns Rev I,1982.318
382,4,62,14.643,120.0,0.085,80,70,2000,6.971,150,47,9,112,84,3450,1,0.403,575.739,575.739,47.762,80.0,3,0.403,3228.656,575.739,47.762,80.0,Horns Rev I,1992.566
383,4,63,14.643,120.0,0.085,80,70,2000,6.971,150,47,9,112,84,3450,1,0.0,650.54,650.54,116.116,80.0,1,0.0,4446.848,4446.848,317.029,112.0,Horns Rev I,1997.213
384,4,64,14.643,120.0,0.085,80,70,2000,6.971,150,47,9,112,84,3450,1,0.694,5269.948,5269.948,40.486,112.0,1,0.694,5269.948,5269.948,40.486,112.0,Horns Rev I,1991.65
385,4,65,14.643,120.0,0.085,80,70,2000,6.971,150,47,9,112,84,3450,2,0.581,3678.867,437.916,33.557,80.0,3,0.581,4295.053,437.916,33.557,80.0,Horns Rev I,1985.823
386,4,66,14.643,120.0,0.085,80,70,2000,6.971,150,47,9,112,84,3450,4,1.0,3430.447,1228.189,117.257,80.0,16,1.0,5656.097,1228.189,117.257,80.0,Horns Rev I,1975.824
387,4,67,14.643,120.0,0.085,80,70,2000,6.971,150,47,9,112,84,3450,5,1.0,4051.155,825.915,114.495,80.0,7,1.0,4144.015,825.915,114.495,80.0,Horns Rev I,1982.149
388,4,68,14.643,120.0,0.085,80,70,2000,6.971,150,47,9,112,84,3450,3,1.0,6201.654,3904.395,40.845,112.0,6,1.0,6154.407,1166.445,121.17,80.0,Horns Rev I,1976.13
389,4,69,14.643,120.0,0.085,80,70,2000,6.971,150,47,9,112,84,3450,1,0.0,396.872,396.872,93.027,80.0,2,0.0,3592.677,396.872,93.027,80.0,Horns Rev I,1997.06
390,4,70,14.643,120.0,0.085,80,70,2000,6.971,150,47,9,112,84,3450,2,0.647,2033.8,1137.226,28.253,80.0,6,0.647,4334.669,1137.226,28.253,80.0,Horns Rev I,1984.871
391,4,71,14.643,120.0,0.085,80,70,2000,6.971,150,47,9,112,84,3450,2,1.0,1159.629,563.211,15.262,80.0,6,1.0,5688.906,563.211,15.262,80.0,Horns Rev I,1968.742
392,4,72,14.643,120.0,0.085,80,70,2000,6.971,150,47,9,112,84,3450,6,1.0,5059.615,1133.092,56.827,80.0,12,1.0,4989.791,1133.092,56.827,80.0,Horns Rev I,1973.188
393,4,73,14.643,120.0,0.085,80,70,2000,6.971,150,47,9,112,84,3450,4,0.472,2580.673,499.025,108.862,80.0,5,0.472,4188.804,960.759,99.711,80.0,Horns Rev I,1994.045
394,4,74,14.643,120.0,0.085,80,70,2000,6.971,150,47,9,112,84,3450,3,1.0,1604.764,647.836,119.17,80.0,5,1.0,3745.09,1608.594,19.459,80.0,Horns Rev I,1949.624
395,4,75,14.643,120.0,0.085,80,70,2000,6.971,150,47,9,112,84,3450,1,0.0,5904.777,5904.777,101.26,112.0,5,0.0,6757.166,3509.562,226.678,112.0,Horns Rev I,1996.274
396,4,76,14.643,120.0,0.085,80,70,2000,6.971,150,47,9,112,84,3450,2,1.0,2471.66,2305.262,37.664,80.0,5,1.0,5835.494,2305.262,37.664,80.0,Horns Rev I,1971.747
397,4,77,14.643,120.0,0.085,80,70,2000,6.971,150,47,9,112,84,3450,5,1.0,2589.599,1018.105,22.223,80.0,11,1.0,4615.412,1018.105,22.223,80.0,Horns Rev I,1945.995
398,4,78,14.643,120.0,0.085,80,70,2000,6.971,150,47,9,112,84,3450,4,0.986,4213.366,407.69,108.847,80.0,5,0.986,7559.688,4312.084,68.002,112.0,Horns Rev I,1989.401
399,4,79,14.643,120.0,0.085,80,70,2000,6.971,150,47,9,112,84,3450,1,0.105,1192.836,1192.836,71.615,80.0,5,0.105,6150.833,1192.836,71.615,80.0,Horns Rev I,1996.263
400,5,0,6.496,150.0,0.069,80,70,2000,21.671,0,54,5,107,80,3600,2,1.0,1344.452,990.61,36.247,80.0,2,1.0,1344.452,990.61,36.247,80.0,Horns Rev I,169.769
401,5,1,6.496,150.0,0.069,80,70,2000,21.671,0,54,5,107,80,3600,1,0.0,899.537,899.537,98.208,80.0,1,0.0,899.537,899.537,98.208,80.0,Horns Rev I,364.131
402,5,2,6.496,150.0,0.069,80,70,2000,21.671,0,54,5,107,80,3600,1,0.859,1924.013,1924.013,11.299,80.0,1,0.859,1924.013,1924.013,11.299,80.0,Horns Rev I,185.333
403,5,3,6.496,150.0,0.069,80,70,2000,21.671,0,54,5,107,80,3600,1,0.423,717.963,717.963,46.148,80.0,2,0.423,1136.903,717.963,46.148,80.0,Horns Rev I,240.125
404,5,4,6.496,150.0,0.069,80,70,2000,21.671,0,54,5,107,80,3600,4,0.986,2886.051,2009.699,45.945,80.0,6,0.986,2856.923,1270.134,143.016,80.0,Horns Rev I,206.125
405,5,5,6.496,150.0,0.069,80,70,2000,21.671,0,54,5,107,80,3600,2,1.0,1766.952,1146.339,1.993,80.0,5,1.0,2325.1,1146.339,1.993,80.0,Horns Rev I,118.084
406,5,6,6.496,150.0,0.069,80,70,2000,21.671,0,54,5,107,80,3600,1,0.0,475.891,475.891,111.779,80.0,0,0.0,0.0,0.0,0.0,0.0,Horns Rev I,373.111
407,5,7,6.496,150.0,0.069,80,70,2000,21.671,0,54,5,107,80,3600,0,0.0,0.0,0.0,0.0,0.0,0,0.0,0.0,0.0,0.0,0.0,Horns Rev I,376.348
408,5,8,6.496,150.0,0.069,80,70,2000,21.671,0,54,5,107,80,3600,0,0.0,0.0,0.0,0.0,0.0,0,0.0,0.0,0.0,0.0,0.0,Horns Rev I,376.348
409,5,9,6.496,150.0,0.069,80,70,2000,21.671,0,54,5,107,80,3600,0,0.0,0.0,0.0,0.0,0.0,0,0.0,0.0,0.0,0.0,0.0,Horns Rev I,376.348
410,5,10,6.496,150.0,0.069,80,70,2000,21.671,0,54,5,107,80,3600,2,0.586,1628.139,792.473,70.759,80.0,3,0.586,2178.285,792.473,70.759,80.0,Horns Rev I,242.07
411,5,11,6.496,150.0,0.069,80,70,2000,21.671,0,54,5,107,80,3600,3,0.979,1474.075,857.921,94.644,80.0,4,0.979,1543.104,857.921,94.644,80.0,Horns Rev I,163.309
412,5,12,6.496,150.0,0.069,80,70,2000,21.671,0,54,5,107,80,3600,1,0.821,1620.596,1620.596,14.356,80.0,1,0.821,1620.596,1620.596,14.356,80.0,Horns Rev I,181.124
413,5,13,6.496,150.0,0.069,80,70,2000,21.671,0,54,5,107,80,3600,1,0.958,1881.008,1881.008,3.342,80.0,4,0.958,2141.499,1396.964,139.583,80.0,Horns Rev I,179.504
414,5,14,6.496,150.0,0.069,80,70,2000,21.671,0,54,5,107,80,3600,2,1.0,1383.905,728.108,8.554,80.0,5,1.0,2484.343,728.108,8.554,80.0,Horns Rev I,136.374
415,5,15,6.496,150.0,0.069,80,70,2000,21.671,0,54,5,107,80,3600,1,0.078,1090.864,1090.864,73.745,80.0,1,0.078,1090.864,1090.864,73.745,80.0,Horns Rev I,326.408
416,5,16,6.496,150.0,0.069,80,70,2000,21.671,0,54,5,107,80,3600,2,0.269,683.365,474.463,96.343,80.0,2,0.269,683.365,474.463,96.343,80.0,Horns Rev I,283.994
417,5,17,6.496,150.0,0.069,80,70,2000,21.671,0,54,5,107,80,3600,0,0.0,0.0,0.0,0.0,0.0,1,0.0,1136.553,1136.553,121.885,80.0,Horns Rev I,374.007
418,5,18,6.496,150.0,0.069,80,70,2000,21.671,0,54,5,107,80,3600,0,0.0,0.0,0.0,0.0,0.0,0,0.0,0.0,0.0,0.0,0.0,Horns Rev I,376.348
419,5,19,6.496,150.0,0.069,80,70,2000,21.671,0,54,5,107,80,3600,0,0.0,0.0,0.0,0.0,0.0,0,0.0,0.0,0.0,0.0,0.0,Horns Rev I,376.348
420,5,20,6.496,150.0,0.069,80,70,2000,21.671,0,54,5,107,80,3600,1,0.068,954.231,954.231,74.573,80.0,3,0.068,1453.67,954.231,74.573,80.0,Horns Rev I,328.741
421,5,21,6.496,150.0,0.069,80,70,2000,21.671,0,54,5,107,80,3600,3,1.0,1325.881,774.198,33.564,80.0,3,1.0,1325.881,774.198,33.564,80.0,Horns Rev I,169.921
422,5,22,6.496,150.0,0.069,80,70,2000,21.671,0,54,5,107,80,3600,1,0.063,572.222,572.222,74.935,80.0,1,0.063,572.222,572.222,74.935,80.0,Horns Rev I,331.305
423,5,23,6.496,150.0,0.069,80,70,2000,21.671,0,54,5,107,80,3600,1,0.566,1344.508,1344.508,34.694,80.0,1,0.566,1344.508,1344.508,34.694,80.0,Horns Rev I,215.874
424,5,24,6.496,150.0,0.069,80,70,2000,21.671,0,54,5,107,80,3600,3,0.053,1553.154,985.506,100.489,80.0,4,0.053,1848.291,985.506,100.489,80.0,Horns Rev I,326.095
425,5,25,6.496,150.0,0.069,80,70,2000,21.671,0,54,5,107,80,3600,2,1.0,1075.942,403.688,5.946,80.0,2,1.0,1075.942,403.688,5.946,80.0,Horns Rev I,105.108
426,5,26,6.496,150.0,0.069,80,70,2000,21.671,0,54,5,107,80,3600,1,0.944,657.382,657.382,4.511,80.0,1,0.944,657.382,657.382,4.511,80.0,Horns Rev I,137.691
427,5,27,6.496,150.0,0.069,80,70,2000,21.671,0,54,5,107,80,3600,2,0.568,1196.921,776.145,55.807,80.0,2,0.568,1196.921,776.145,55.807,80.0,Horns Rev I,246.755
428,5,28,6.496,150.0,0.069,80,70,2000,21.671,0,54,5,107,80,3600,1,0.086,707.683,707.683,73.105,80.0,1,0.086,707.683,707.683,73.105,80.0,Horns Rev I,326.246
429,5,29,6.496,150.0,0.069,80,70,2000,21.671,0,54,5,107,80,3600,0,0.0,0.0,0.0,0.0,0.0,1,0.0,1490.814,1490.814,129.628,80.0,Horns Rev I,374.792
430,5,30,6.496,150.0,0.069,80,70,2000,21.671,0,54,5,107,80,3600,3,0.736,1903.857,493.516,82.269,80.0,4,0.736,1904.47,493.516,82.269,80.0,Horns Rev I,216.515
431,5,31,6.496,150.0,0.069,80,70,2000,21.671,0,54,5,107,80,3600,0,0.0,0.0,0.0,0.0,0.0,0,0.0,0.0,0.0,0.0,0.0,Horns Rev I,376.348
432,5,32,6.496,150.0,0.069,80,70,2000,21.671,0,54,5,107,80,3600,4,1.0,2317.923,597.268,62.059,80.0,6,1.0,2640.186,597.268,62.059,80.0,Horns Rev I,176.263
433,5,33,6.496,150.0,0.069,80,70,2000,21.671,0,54,5,107,80,3600,4,1.0,2226.759,518.885,99.751,80.0,7,1.0,2788.467,518.885,99.751,80.0,Horns Rev I,195.907
434,5,34,6.496,150.0,0.069,80,70,2000,21.671,0,54,5,107,80,3600,3,1.0,1221.455,504.16,50.238,80.0,5,1.0,1586.432,504.16,50.238,80.0,Horns Rev I,140.301
435,5,35,6.496,150.0,0.069,80,70,2000,21.671,0,54,5,107,80,3600,1,0.866,2136.1,2136.1,10.723,80.0,2,0.866,1717.16,1298.22,122.249,80.0,Horns Rev I,189.741
436,5,36,6.496,150.0,0.069,80,70,2000,21.671,0,54,5,107,80,3600,0,0.0,0.0,0.0,0.0,0.0,0,0.0,0.0,0.0,0.0,0.0,Horns Rev I,376.348
437,5,37,6.496,150.0,0.069,80,70,2000,21.671,0,54,5,107,80,3600,2,0.603,1650.741,1412.796,61.547,80.0,3,0.603,1881.273,1412.796,61.547,80.0,Horns Rev I,244.281
438,5,38,6.496,150.0,0.069,80,70,2000,21.671,0,54,5,107,80,3600,0,0.0,0.0,0.0,0.0,0.0,0,0.0,0.0,0.0,0.0,0.0,Horns Rev I,376.348
439,5,39,6.496,150.0,0.069,80,70,2000,21.671,0,54,5,107,80,3600,1,0.0,837.88,837.88,111.526,80.0,1,0.0,837.88,837.88,111.526,80.0,Horns Rev I,371.897
440,5,40,6.496,150.0,0.069,80,70,2000,21.671,0,54,5,107,80,3600,1,0.0,453.649,453.649,101.133,80.0,1,0.0,453.649,453.649,101.133,80.0,Horns Rev I,368.601
441,5,41,6.496,150.0,0.069,80,70,2000,21.671,0,54,5,107,80,3600,0,0.0,0.0,0.0,0.0,0.0,0,0.0,0.0,0.0,0.0,0.0,Horns Rev I,376.348
442,5,42,6.496,150.0,0.069,80,70,2000,21.671,0,54,5,107,80,3600,3,1.0,1451.947,524.396,16.712,80.0,5,1.0,2127.967,524.396,16.712,80.0,Horns Rev I,93.818
443,5,43,6.496,150.0,0.069,80,70,2000,21.671,0,54,5,107,80,3600,6,1.0,2168.935,405.401,45.235,80.0,6,1.0,2168.935,405.401,45.235,80.0,Horns Rev I,190.147
444,5,44,6.496,150.0,0.069,80,70,2000,21.671,0,54,5,107,80,3600,1,0.645,1671.331,1671.331,28.375,80.0,2,0.645,2078.718,1671.331,28.375,80.0,Horns Rev I,206.735
445,5,45,6.496,150.0,0.069,80,70,2000,21.671,0,54,5,107,80,3600,1,0.0,547.605,547.605,115.159,80.0,0,0.0,0.0,0.0,0.0,0.0,Horns Rev I,373.762
446,5,46,6.496,150.0,0.069,80,70,2000,21.671,0,54,5,107,80,3600,0,0.0,0.0,0.0,0.0,0.0,0,0.0,0.0,0.0,0.0,0.0,Horns Rev I,376.348
447,5,47,6.496,150.0,0.069,80,70,2000,21.671,0,54,5,107,80,3600,0,0.0,0.0,0.0,0.0,0.0,0,0.0,0.0,0.0,0.0,0.0,Horns Rev I,376.348
448,5,48,6.496,150.0,0.069,80,70,2000,21.671,0,54,5,107,80,3600,0,0.0,0.0,0.0,0.0,0.0,0,0.0,0.0,0.0,0.0,0.0,Horns Rev I,376.348
449,5,49,6.496,150.0,0.069,80,70,2000,21.671,0,54,5,107,80,3600,2,1.0,1466.691,1119.633,6.601,80.0,2,1.0,1466.691,1119.633,6.601,80.0,Horns Rev I,150.237
450,5,50,6.496,150.0,0.069,80,70,2000,21.671,0,54,5,107,80,3600,1,0.083,1052.532,1052.532,73.387,80.0,1,0.083,1052.532,1052.532,73.387,80.0,Horns Rev I,325.701
451,5,51,6.496,150.0,0.069,80,70,2000,21.671,0,54,5,107,80,3600,0,0.0,0.0,0.0,0.0,0.0,2,0.0,2079.442,1750.751,163.215,80.0,Horns Rev I,376.211
452,5,52,6.496,150.0,0.069,80,70,2000,21.671,0,54,5,107,80,3600,2,0.424,940.378,414.112,119.488,80.0,1,0.424,1466.644,1466.644,46.101,80.0,Horns Rev I,250.534
453,5,53,6.496,150.0,0.069,80,70,2000,21.671,0,54,5,107,80,3600,1,0.169,694.116,694.116,66.462,80.0,1,0.169,694.116,694.116,66.462,80.0,Horns Rev I,308.513
454,5,54,6.496,150.0,0.069,80,70,2000,21.671,0,54,5,107,80,3600,0,0.0,0.0,0.0,0.0,0.0,0,0.0,0.0,0.0,0.0,0.0,Horns Rev I,376.348
455,5,55,6.496,150.0,0.069,80,70,2000,21.671,0,54,5,107,80,3600,4,1.0,2883.618,1387.804,41.41,80.0,5,1.0,2921.412,1387.804,41.41,80.0,Horns Rev I,166.017
456,5,56,6.496,150.0,0.069,80,70,2000,21.671,0,54,5,107,80,3600,2,0.253,1593.422,1098.117,96.036,80.0,3,0.253,1994.418,1098.117,96.036,80.0,Horns Rev I,291.262
457,5,57,6.496,150.0,0.069,80,70,2000,21.671,0,54,5,107,80,3600,3,1.0,2710.098,1912.15,43.008,80.0,3,1.0,2710.098,1912.15,43.008,80.0,Horns Rev I,138.582
458,5,58,6.496,150.0,0.069,80,70,2000,21.671,0,54,5,107,80,3600,2,0.826,1213.206,467.799,13.929,80.0,2,0.826,1213.206,467.799,13.929,80.0,Horns Rev I,135.763
459,5,59,6.496,150.0,0.069,80,70,2000,21.671,0,54,5,107,80,3600,0,0.0,0.0,0.0,0.0,0.0,0,0.0,0.0,0.0,0.0,0.0,Horns Rev I,376.348
460,5,60,6.496,150.0,0.069,80,70,2000,21.671,0,54,5,107,80,3600,3,0.18,2324.831,938.537,65.573,80.0,4,0.18,2291.237,938.537,65.573,80.0,Horns Rev I,302.125
461,5,61,6.496,150.0,0.069,80,70,2000,21.671,0,54,5,107,80,3600,2,0.0,1491.114,1257.215,118.065,80.0,3,0.0,2066.019,1257.215,118.065,80.0,Horns Rev I,364.973
462,5,62,6.496,150.0,0.069,80,70,2000,21.671,0,54,5,107,80,3600,0,0.0,0.0,0.0,0.0,0.0,0,0.0,0.0,0.0,0.0,0.0,Horns Rev I,376.348
463,5,63,6.496,150.0,0.069,80,70,2000,21.671,0,54,5,107,80,3600,0,0.0,0.0,0.0,0.0,0.0,0,0.0,0.0,0.0,0.0,0.0,Horns Rev I,375.849
464,5,64,6.496,150.0,0.069,80,70,2000,21.671,0,54,5,107,80,3600,0,0.0,0.0,0.0,0.0,0.0,0,0.0,0.0,0.0,0.0,0.0,Horns Rev I,376.348
465,5,65,6.496,150.0,0.069,80,70,2000,21.671,0,54,5,107,80,3600,1,0.859,1241.227,1241.227,11.288,80.0,2,0.859,1797.039,1241.227,11.288,80.0,Horns Rev I,166.803
466,5,66,6.496,150.0,0.069,80,70,2000,21.671,0,54,5,107,80,3600,2,1.0,1602.45,534.4,19.449,80.0,4,1.0,2044.322,534.4,19.449,80.0,Horns Rev I,124.866
467,5,67,6.496,150.0,0.069,80,70,2000,21.671,0,54,5,107,80,3600,2,1.0,827.524,498.834,25.193,80.0,2,1.0,827.524,498.834,25.193,80.0,Horns Rev I,111.702
468,5,68,6.496,150.0,0.069,80,70,2000,21.671,0,54,5,107,80,3600,1,0.572,475.697,475.697,34.265,80.0,1,0.572,475.697,475.697,34.265,80.0,Horns Rev I,189.651
469,5,69,6.496,150.0,0.069,80,70,2000,21.671,0,54,5,107,80,3600,3,0.865,1057.622,390.215,117.872,80.0,4,0.865,2004.464,914.211,10.8,80.0,Horns Rev I,153.633
470,5,70,6.496,150.0,0.069,80,70,2000,21.671,0,54,5,107,80,3600,5,1.0,2072.95,955.0,72.001,80.0,7,1.0,2375.618,955.0,72.001,80.0,Horns Rev I,160.856
471,5,71,6.496,150.0,0.069,80,70,2000,21.671,0,54,5,107,80,3600,1,0.964,841.553,841.553,2.919,80.0,1,0.964,841.553,841.553,2.919,80.0,Horns Rev I,146.071
472,5,72,6.496,150.0,0.069,80,70,2000,21.671,0,54,5,107,80,3600,5,0.554,2023.097,384.529,114.393,80.0,4,0.554,2432.739,1177.002,43.634,80.0,Horns Rev I,228.0
473,5,73,6.496,150.0,0.069,80,70,2000,21.671,0,54,5,107,80,3600,1,0.16,1311.593,1311.593,67.201,80.0,2,0.16,2184.33,1311.593,67.201,80.0,Horns Rev I,310.218
474,5,74,6.496,150.0,0.069,80,70,2000,21.671,0,54,5,107,80,3600,4,0.694,1808.357,813.946,35.475,80.0,5,0.694,2057.64,813.946,35.475,80.0,Horns Rev I,197.005
475,5,75,6.496,150.0,0.069,80,70,2000,21.671,0,54,5,107,80,3600,0,0.0,0.0,0.0,0.0,0.0,0,0.0,0.0,0.0,0.0,0.0,Horns Rev I,376.348
476,5,76,6.496,150.0,0.069,80,70,2000,21.671,0,54,5,107,80,3600,2,1.0,834.903,597.055,4.954,80.0,2,1.0,834.903,597.055,4.954,80.0,Horns Rev I,111.267
477,5,77,6.496,150.0,0.069,80,70,2000,21.671,0,54,5,107,80,3600,5,1.0,2206.732,683.156,47.323,80.0,5,1.0,2206.732,683.156,47.323,80.0,Horns Rev I,138.463
478,5,78,6.496,150.0,0.069,80,70,2000,21.671,0,54,5,107,80,3600,2,0.961,786.629,500.518,79.009,80.0,2,0.961,786.629,500.518,79.009,80.0,Horns Rev I,154.365
479,5,79,6.496,150.0,0.069,80,70,2000,21.671,0,54,5,107,80,3600,0,0.0,0.0,0.0,0.0,0.0,0,0.0,0.0,0.0,0.0,0.0,Horns Rev I,376.34
480,6,0,13.155,150.0,0.059,80,70,2000,24.672,240,169,9,154,100,6000,2,1.0,1344.452,990.61,36.247,80.0,2,1.0,1344.452,990.61,36.247,80.0,Horns Rev I,1810.032
481,6,1,13.155,150.0,0.059,80,70,2000,24.672,240,169,9,154,100,6000,1,0.0,899.537,899.537,98.208,80.0,1,0.0,899.537,899.537,98.208,80.0,Horns Rev I,1975.899
482,6,2,13.155,150.0,0.059,80,70,2000,24.672,240,169,9,154,100,6000,1,0.859,1924.013,1924.013,11.299,80.0,1,0.859,1924.013,1924.013,11.299,80.0,Horns Rev I,1819.117
483,6,3,13.155,150.0,0.059,80,70,2000,24.672,240,169,9,154,100,6000,1,0.423,717.963,717.963,46.148,80.0,2,0.423,1136.903,717.963,46.148,80.0,Horns Rev I,1923.728
484,6,4,13.155,150.0,0.059,80,70,2000,24.672,240,169,9,154,100,6000,4,0.986,2886.051,2009.699,45.945,80.0,6,0.986,2856.923,1270.134,143.016,80.0,Horns Rev I,1810.4
485,6,5,13.155,150.0,0.059,80,70,2000,24.672,240,169,9,154,100,6000,2,1.0,1766.952,1146.339,1.993,80.0,5,1.0,2325.1,1146.339,1.993,80.0,Horns Rev I,1359.36
486,6,6,13.155,150.0,0.059,80,70,2000,24.672,240,169,9,154,100,6000,1,0.0,475.891,475.891,111.779,80.0,0,0.0,0.0,0.0,0.0,0.0,Horns Rev I,1976.82
487,6,7,13.155,150.0,0.059,80,70,2000,24.672,240,169,9,154,100,6000,0,0.0,0.0,0.0,0.0,0.0,0,0.0,0.0,0.0,0.0,0.0,Horns Rev I,1977.006
488,6,8,13.155,150.0,0.059,80,70,2000,24.672,240,169,9,154,100,6000,0,0.0,0.0,0.0,0.0,0.0,0,0.0,0.0,0.0,0.0,0.0,Horns Rev I,1977.006
489,6,9,13.155,150.0,0.059,80,70,2000,24.672,240,169,9,154,100,6000,0,0.0,0.0,0.0,0.0,0.0,0,0.0,0.0,0.0,0.0,0.0,Horns Rev I,1977.006
490,6,10,13.155,150.0,0.059,80,70,2000,24.672,240,169,9,154,100,6000,2,0.586,1628.139,792.473,70.759,80.0,3,0.586,2178.285,792.473,70.759,80.0,Horns Rev I,1914.772
491,6,11,13.155,150.0,0.059,80,70,2000,24.672,240,169,9,154,100,6000,3,0.979,1474.075,857.921,94.644,80.0,4,0.979,1543.104,857.921,94.644,80.0,Horns Rev I,1769.509
492,6,12,13.155,150.0,0.059,80,70,2000,24.672,240,169,9,154,100,6000,1,0.821,1620.596,1620.596,14.356,80.0,1,0.821,1620.596,1620.596,14.356,80.0,Horns Rev I,1814.866
493,6,13,13.155,150.0,0.059,80,70,2000,24.672,240,169,9,154,100,6000,1,0.958,1881.008,1881.008,3.342,80.0,4,0.958,2141.499,1396.964,139.583,80.0,Horns Rev I,1804.04
494,6,14,13.155,150.0,0.059,80,70,2000,24.672,240,169,9,154,100,6000,2,1.0,1383.905,728.108,8.554,80.0,5,1.0,2484.343,728.108,8.554,80.0,Horns Rev I,1671.716
495,6,15,13.155,150.0,0.059,80,70,2000,24.672,240,169,9,154,100,6000,1,0.078,1090.864,1090.864,73.745,80.0,1,0.078,1090.864,1090.864,73.745,80.0,Horns Rev I,1968.402
496,6,16,13.155,150.0,0.059,80,70,2000,24.672,240,169,9,154,100,6000,2,0.269,683.365,474.463,96.343,80.0,2,0.269,683.365,474.463,96.343,80.0,Horns Rev I,1953.036
497,6,17,13.155,150.0,0.059,80,70,2000,24.672,240,169,9,154,100,6000,0,0.0,0.0,0.0,0.0,0.0,1,0.0,1136.553,1136.553,121.885,80.0,Horns Rev I,1976.885
498,6,18,13.155,150.0,0.059,80,70,2000,24.672,240,169,9,154,100,6000,0,0.0,0.0,0.0,0.0,0.0,0,0.0,0.0,0.0,0.0,0.0,Horns Rev I,1977.006
499,6,19,13.155,150.0,0.059,80,70,2000,24.672,240,169,9,154,100,6000,0,0.0,0.0,0.0,0.0,0.0,0,0.0,0.0,0.0,0.0,0.0,Horns Rev I,1977.006
500,6,20,13.155,150.0,0.059,80,70,2000,24.672,240,169,9,154,100,6000,1,0.068,954.231,954.231,74.573,80.0,3,0.068,1453.67,954.231,74.573,80.0,Horns Rev I,1968.342
501,6,21,13.155,150.0,0.059,80,70,2000,24.672,240,169,9,154,100,6000,3,1.0,1325.881,774.198,33.564,80.0,3,1.0,1325.881,774.198,33.564,80.0,Horns Rev I,1581.968
502,6,22,13.155,150.0,0.059,80,70,2000,24.672,240,169,9,154,100,6000,1,0.063,572.222,572.222,74.935,80.0,1,0.063,572.222,572.222,74.935,80.0,Horns Rev I,1969.984
503,6,23,13.155,150.0,0.059,80,70,2000,24.672,240,169,9,154,100,6000,1,0.566,1344.508,1344.508,34.694,80.0,1,0.566,1344.508,1344.508,34.694,80.0,Horns Rev I,1889.084
504,6,24,13.155,150.0,0.059,80,70,2000,24.672,240,169,9,154,100,6000,3,0.053,1553.154,985.506,100.489,80.0,4,0.053,1848.291,985.506,100.489,80.0,Horns Rev I,1966.977
505,6,25,13.155,150.0,0.059,80,70,2000,24.672,240,169,9,154,100,6000,2,1.0,1075.942,403.688,5.946,80.0,2,1.0,1075.942,403.688,5.946,80.0,Horns Rev I,1362.014
506,6,26,13.155,150.0,0.059,80,70,2000,24.672,240,169,9,154,100,6000,1,0.944,657.382,657.382,4.511,80.0,1,0.944,657.382,657.382,4.511,80.0,Horns Rev I,1717.112
507,6,27,13.155,150.0,0.059,80,70,2000,24.672,240,169,9,154,100,6000,2,0.568,1196.921,776.145,55.807,80.0,2,0.568,1196.921,776.145,55.807,80.0,Horns Rev I,1896.498
508,6,28,13.155,150.0,0.059,80,70,2000,24.672,240,169,9,154,100,6000,1,0.086,707.683,707.683,73.105,80.0,1,0.086,707.683,707.683,73.105,80.0,Horns Rev I,1968.636
509,6,29,13.155,150.0,0.059,80,70,2000,24.672,240,169,9,154,100,6000,0,0.0,0.0,0.0,0.0,0.0,1,0.0,1490.814,1490.814,129.628,80.0,Horns Rev I,1976.936
510,6,30,13.155,150.0,0.059,80,70,2000,24.672,240,169,9,154,100,6000,3,0.736,1903.857,493.516,82.269,80.0,4,0.736,1904.47,493.516,82.269,80.0,Horns Rev I,1887.038
511,6,31,13.155,150.0,0.059,80,70,2000,24.672,240,169,9,154,100,6000,0,0.0,0.0,0.0,0.0,0.0,0,0.0,0.0,0.0,0.0,0.0,Horns Rev I,1977.006
512,6,32,13.155,150.0,0.059,80,70,2000,24.672,240,169,9,154,100,6000,4,1.0,2317.923,597.268,62.059,80.0,6,1.0,2640.186,597.268,62.059,80.0,Horns Rev I,1694.285
513,6,33,13.155,150.0,0.059,80,70,2000,24.672,240,169,9,154,100,6000,4,1.0,2226.759,518.885,99.751,80.0,7,1.0,2788.467,518.885,99.751,80.0,Horns Rev I,1833.315
514,6,34,13.155,150.0,0.059,80,70,2000,24.672,240,169,9,154,100,6000,3,1.0,1221.455,504.16,50.238,80.0,5,1.0,1586.432,504.16,50.238,80.0,Horns Rev I,1581.309
515,6,35,13.155,150.0,0.059,80,70,2000,24.672,240,169,9,154,100,6000,1,0.866,2136.1,2136.1,10.723,80.0,2,0.866,1717.16,1298.22,122.249,80.0,Horns Rev I,1826.265
516,6,36,13.155,150.0,0.059,80,70,2000,24.672,240,169,9,154,100,6000,0,0.0,0.0,0.0,0.0,0.0,0,0.0,0.0,0.0,0.0,0.0,Horns Rev I,1977.006
517,6,37,13.155,150.0,0.059,80,70,2000,24.672,240,169,9,154,100,6000,2,0.603,1650.741,1412.796,61.547,80.0,3,0.603,1881.273,1412.796,61.547,80.0,Horns Rev I,1927.545
518,6,38,13.155,150.0,0.059,80,70,2000,24.672,240,169,9,154,100,6000,0,0.0,0.0,0.0,0.0,0.0,0,0.0,0.0,0.0,0.0,0.0,Horns Rev I,1977.006
519,6,39,13.155,150.0,0.059,80,70,2000,24.672,240,169,9,154,100,6000,1,0.0,837.88,837.88,111.526,80.0,1,0.0,837.88,837.88,111.526,80.0,Horns Rev I,1976.719
520,6,40,13.155,150.0,0.059,80,70,2000,24.672,240,169,9,154,100,6000,1,0.0,453.649,453.649,101.133,80.0,1,0.0,453.649,453.649,101.133,80.0,Horns Rev I,1976.417
521,6,41,13.155,150.0,0.059,80,70,2000,24.672,240,169,9,154,100,6000,0,0.0,0.0,0.0,0.0,0.0,0,0.0,0.0,0.0,0.0,0.0,Horns Rev I,1977.006
522,6,42,13.155,150.0,0.059,80,70,2000,24.672,240,169,9,154,100,6000,3,1.0,1451.947,524.396,16.712,80.0,5,1.0,2127.967,524.396,16.712,80.0,Horns Rev I,1192.124
523,6,43,13.155,150.0,0.059,80,70,2000,24.672,240,169,9,154,100,6000,6,1.0,2168.935,405.401,45.235,80.0,6,1.0,2168.935,405.401,45.235,80.0,Horns Rev I,1813.971
524,6,44,13.155,150.0,0.059,80,70,2000,24.672,240,169,9,154,100,6000,1,0.645,1671.331,1671.331,28.375,80.0,2,0.645,2078.718,1671.331,28.375,80.0,Horns Rev I,1869.976
525,6,45,13.155,150.0,0.059,80,70,2000,24.672,240,169,9,154,100,6000,1,0.0,547.605,547.605,115.159,80.0,0,0.0,0.0,0.0,0.0,0.0,Horns Rev I,1976.839
526,6,46,13.155,150.0,0.059,80,70,2000,24.672,240,169,9,154,100,6000,0,0.0,0.0,0.0,0.0,0.0,0,0.0,0.0,0.0,0.0,0.0,Horns Rev I,1977.006
527,6,47,13.155,150.0,0.059,80,70,2000,24.672,240,169,9,154,100,6000,0,0.0,0.0,0.0,0.0,0.0,0,0.0,0.0,0.0,0.0,0.0,Horns Rev I,1977.006
528,6,48,13.155,150.0,0.059,80,70,2000,24.672,240,169,9,154,100,6000,0,0.0,0.0,0.0,0.0,0.0,0,0.0,0.0,0.0,0.0,0.0,Horns Rev I,1977.006
529,6,49,13.155,150.0,0.059,80,70,2000,24.672,240,169,9,154,100,6000,2,1.0,1466.691,1119.633,6.601,80.0,2,1.0,1466.691,1119.633,6.601,80.0,Horns Rev I,1711.186
530,6,50,13.155,150.0,0.059,80,70,2000,24.672,240,169,9,154,100,6000,1,0.083,1052.532,1052.532,73.387,80.0,1,0.083,1052.532,1052.532,73.387,80.0,Horns Rev I,1968.244
531,6,51,13.155,150.0,0.059,80,70,2000,24.672,240,169,9,154,100,6000,0,0.0,0.0,0.0,0.0,0.0,2,0.0,2079.442,1750.751,163.215,80.0,Horns Rev I,1976.995
532,6,52,13.155,150.0,0.059,80,70,2000,24.672,240,169,9,154,100,6000,2,0.424,940.378,414.112,119.488,80.0,1,0.424,1466.644,1466.644,46.101,80.0,Horns Rev I,1928.099
533,6,53,13.155,150.0,0.059,80,70,2000,24.672,240,169,9,154,100,6000,1,0.169,694.116,694.116,66.462,80.0,1,0.169,694.116,694.116,66.462,80.0,Horns Rev I,1963.41
534,6,54,13.155,150.0,0.059,80,70,2000,24.672,240,169,9,154,100,6000,0,0.0,0.0,0.0,0.0,0.0,0,0.0,0.0,0.0,0.0,0.0,Horns Rev I,1977.006
535,6,55,13.155,150.0,0.059,80,70,2000,24.672,240,169,9,154,100,6000,4,1.0,2883.618,1387.804,41.41,80.0,5,1.0,2921.412,1387.804,41.41,80.0,Horns Rev I,1738.603
536,6,56,13.155,150.0,0.059,80,70,2000,24.672,240,169,9,154,100,6000,2,0.253,1593.422,1098.117,96.036,80.0,3,0.253,1994.418,1098.117,96.036,80.0,Horns Rev I,1952.12
537,6,57,13.155,150.0,0.059,80,70,2000,24.672,240,169,9,154,100,6000,3,1.0,2710.098,1912.15,43.008,80.0,3,1.0,2710.098,1912.15,43.008,80.0,Horns Rev I,1492.871
538,6,58,13.155,150.0,0.059,80,70,2000,24.672,240,169,9,154,100,6000,2,0.826,1213.206,467.799,13.929,80.0,2,0.826,1213.206,467.799,13.929,80.0,Horns Rev I,1726.76
539,6,59,13.155,150.0,0.059,80,70,2000,24.672,240,169,9,154,100,6000,0,0.0,0.0,0.0,0.0,0.0,0,0.0,0.0,0.0,0.0,0.0,Horns Rev I,1977.006
540,6,60,13.155,150.0,0.059,80,70,2000,24.672,240,169,9,154,100,6000,3,0.18,2324.831,938.537,65.573,80.0,4,0.18,2291.237,938.537,65.573,80.0,Horns Rev I,1960.189
541,6,61,13.155,150.0,0.059,80,70,2000,24.672,240,169,9,154,100,6000,2,0.0,1491.114,1257.215,118.065,80.0,3,0.0,2066.019,1257.215,118.065,80.0,Horns Rev I,1975.808
542,6,62,13.155,150.0,0.059,80,70,2000,24.672,240,169,9,154,100,6000,0,0.0,0.0,0.0,0.0,0.0,0,0.0,0.0,0.0,0.0,0.0,Horns Rev I,1977.006
543,6,63,13.155,150.0,0.059,80,70,2000,24.672,240,169,9,154,100,6000,0,0.0,0.0,0.0,0.0,0.0,0,0.0,0.0,0.0,0.0,0.0,Horns Rev I,1976.991
544,6,64,13.155,150.0,0.059,80,70,2000,24.672,240,169,9,154,100,6000,0,0.0,0.0,0.0,0.0,0.0,0,0.0,0.0,0.0,0.0,0.0,Horns Rev I,1977.006
545,6,65,13.155,150.0,0.059,80,70,2000,24.672,240,169,9,154,100,6000,1,0.859,1241.227,1241.227,11.288,80.0,2,0.859,1797.039,1241.227,11.288,80.0,Horns Rev I,1785.523
546,6,66,13.155,150.0,0.059,80,70,2000,24.672,240,169,9,154,100,6000,2,1.0,1602.45,534.4,19.449,80.0,4,1.0,2044.322,534.4,19.449,80.0,Horns Rev I,1432.119
547,6,67,13.155,150.0,0.059,80,70,2000,24.672,240,169,9,154,100,6000,2,1.0,827.524,498.834,25.193,80.0,2,1.0,827.524,498.834,25.193,80.0,Horns Rev I,1356.16
548,6,68,13.155,150.0,0.059,80,70,2000,24.672,240,169,9,154,100,6000,1,0.572,475.697,475.697,34.265,80.0,1,0.572,475.697,475.697,34.265,80.0,Horns Rev I,1864.664
549,6,69,13.155,150.0,0.059,80,70,2000,24.672,240,169,9,154,100,6000,3,0.865,1057.622,390.215,117.872,80.0,4,0.865,2004.464,914.211,10.8,80.0,Horns Rev I,1733.243
550,6,70,13.155,150.0,0.059,80,70,2000,24.672,240,169,9,154,100,6000,5,1.0,2072.95,955.0,72.001,80.0,7,1.0,2375.618,955.0,72.001,80.0,Horns Rev I,1550.273
551,6,71,13.155,150.0,0.059,80,70,2000,24.672,240,169,9,154,100,6000,1,0.964,841.553,841.553,2.919,80.0,1,0.964,841.553,841.553,2.919,80.0,Horns Rev I,1735.18
552,6,72,13.155,150.0,0.059,80,70,2000,24.672,240,169,9,154,100,6000,5,0.554,2023.097,384.529,114.393,80.0,4,0.554,2432.739,1177.002,43.634,80.0,Horns Rev I,1864.487
553,6,73,13.155,150.0,0.059,80,70,2000,24.672,240,169,9,154,100,6000,1,0.16,1311.593,1311.593,67.201,80.0,2,0.16,2184.33,1311.593,67.201,80.0,Horns Rev I,1963.191
554,6,74,13.155,150.0,0.059,80,70,2000,24.672,240,169,9,154,100,6000,4,0.694,1808.357,813.946,35.475,80.0,5,0.694,2057.64,813.946,35.475,80.0,Horns Rev I,1679.896
555,6,75,13.155,150.0,0.059,80,70,2000,24.672,240,169,9,154,100,6000,0,0.0,0.0,0.0,0.0,0.0,0,0.0,0.0,0.0,0.0,0.0,Horns Rev I,1977.006
556,6,76,13.155,150.0,0.059,80,70,2000,24.672,240,169,9,154,100,6000,2,1.0,834.903,597.055,4.954,80.0,2,1.0,834.903,597.055,4.954,80.0,Horns Rev I,1377.631
557,6,77,13.155,150.0,0.059,80,70,2000,24.672,240,169,9,154,100,6000,5,1.0,2206.732,683.156,47.323,80.0,5,1.0,2206.732,683.156,47.323,80.0,Horns Rev I,1632.905
558,6,78,13.155,150.0,0.059,80,70,2000,24.672,240,169,9,154,100,6000,2,0.961,786.629,500.518,79.009,80.0,2,0.961,786.629,500.518,79.009,80.0,Horns Rev I,1755.5
559,6,79,13.155,150.0,0.059,80,70,2000,24.672,240,169,9,154,100,6000,0,0.0,0.0,0.0,0.0,0.0,0,0.0,0.0,0.0,0.0,0.0,Horns Rev I,1977.006
560,7,0,4.081,90.0,0.052,80,70,2000,22.437,300,142,5,154,105,7000,1,0.0,488.259,488.259,102.251,80.0,1,0.0,488.259,488.259,102.251,80.0,Horns Rev I,77.399
561,7,1,4.081,90.0,0.052,80,70,2000,22.437,300,142,5,154,105,7000,0,0.0,0.0,0.0,0.0,0.0,0,0.0,0.0,0.0,0.0,0.0,Horns Rev I,79.186
562,7,2,4.081,90.0,0.052,80,70,2000,22.437,300,142,5,154,105,7000,1,0.001,415.291,415.291,79.934,80.0,1,0.001,415.291,415.291,79.934,80.0,Horns Rev I,70.992
563,7,3,4.081,90.0,0.052,80,70,2000,22.437,300,142,5,154,105,7000,4,0.722,3199.219,1611.182,101.66,80.0,8,0.722,3394.829,1611.182,101.66,80.0,Horns Rev I,45.216
564,7,4,4.081,90.0,0.052,80,70,2000,22.437,300,142,5,154,105,7000,3,0.499,1473.366,595.526,99.58,80.0,5,0.499,1661.849,595.526,99.58,80.0,Horns Rev I,41.495
565,7,5,4.081,90.0,0.052,80,70,2000,22.437,300,142,5,154,105,7000,1,0.038,1100.092,1100.092,76.93,80.0,1,0.038,1100.092,1100.092,76.93,80.0,Horns Rev I,68.565
566,7,6,4.081,90.0,0.052,80,70,2000,22.437,300,142,5,154,105,7000,2,0.908,2637.573,2394.045,28.643,80.0,3,0.908,2410.377,1955.984,139.35,80.0,Horns Rev I,35.569
567,7,7,4.081,90.0,0.052,80,70,2000,22.437,300,142,5,154,105,7000,1,0.0,1332.237,1332.237,80.843,80.0,2,0.0,1747.138,1332.237,80.843,80.0,Horns Rev I,70.242
568,7,8,4.081,90.0,0.052,80,70,2000,22.437,300,142,5,154,105,7000,0,0.0,0.0,0.0,0.0,0.0,0,0.0,0.0,0.0,0.0,0.0,Horns Rev I,79.185
569,7,9,4.081,90.0,0.052,80,70,2000,22.437,300,142,5,154,105,7000,1,0.0,513.062,513.062,85.548,80.0,2,0.0,1179.181,513.062,85.548,80.0,Horns Rev I,73.18
570,7,10,4.081,90.0,0.052,80,70,2000,22.437,300,142,5,154,105,7000,4,1.0,2563.508,424.049,56.573,80.0,7,1.0,2886.522,424.049,56.573,80.0,Horns Rev I,25.099
571,7,11,4.081,90.0,0.052,80,70,2000,22.437,300,142,5,154,105,7000,0,0.0,0.0,0.0,0.0,0.0,0,0.0,0.0,0.0,0.0,0.0,Horns Rev I,79.186
572,7,12,4.081,90.0,0.052,80,70,2000,22.437,300,142,5,154,105,7000,2,0.436,2108.184,702.647,45.146,80.0,3,0.436,2426.259,702.647,45.146,80.0,Horns Rev I,44.246
573,7,13,4.081,90.0,0.052,80,70,2000,22.437,300,142,5,154,105,7000,5,0.861,2641.141,1599.13,69.884,80.0,6,0.861,2872.886,1599.13,69.884,80.0,Horns Rev I,36.289
574,7,14,4.081,90.0,0.052,80,70,2000,22.437,300,142,5,154,105,7000,3,0.473,1702.96,1207.059,42.389,80.0,3,0.473,1702.96,1207.059,42.389,80.0,Horns Rev I,43.078
575,7,15,4.081,90.0,0.052,80,70,2000,22.437,300,142,5,154,105,7000,1,0.925,419.494,419.494,6.006,80.0,2,0.925,647.721,419.494,6.006,80.0,Horns Rev I,16.262
576,7,16,4.081,90.0,0.052,80,70,2000,22.437,300,142,5,154,105,7000,0,0.0,0.0,0.0,0.0,0.0,0,0.0,0.0,0.0,0.0,0.0,Horns Rev I,79.186
577,7,17,4.081,90.0,0.052,80,70,2000,22.437,300,142,5,154,105,7000,4,1.0,1627.092,1002.775,66.777,80.0,5,1.0,1943.219,1002.775,66.777,80.0,Horns Rev I,24.838
578,7,18,4.081,90.0,0.052,80,70,2000,22.437,300,142,5,154,105,7000,0,0.0,0.0,0.0,0.0,0.0,0,0.0,0.0,0.0,0.0,0.0,Horns Rev I,79.182
579,7,19,4.081,90.0,0.052,80,70,2000,22.437,300,142,5,154,105,7000,0,0.0,0.0,0.0,0.0,0.0,1,0.0,1557.998,1557.998,155.77,80.0,Horns Rev I,79.154
580,7,20,4.081,90.0,0.052,80,70,2000,22.437,300,142,5,154,105,7000,0,0.0,0.0,0.0,0.0,0.0,0,0.0,0.0,0.0,0.0,0.0,Horns Rev I,79.127
581,7,21,4.081,90.0,0.052,80,70,2000,22.437,300,142,5,154,105,7000,2,0.19,1340.715,1026.563,64.81,80.0,3,0.19,1566.256,1026.563,64.81,80.0,Horns Rev I,60.678
582,7,22,4.081,90.0,0.052,80,70,2000,22.437,300,142,5,154,105,7000,4,0.355,2370.832,433.832,65.713,80.0,6,0.355,2557.549,433.832,65.713,80.0,Horns Rev I,55.543
583,7,23,4.081,90.0,0.052,80,70,2000,22.437,300,142,5,154,105,7000,1,0.557,1104.614,1104.614,35.465,80.0,2,0.557,1289.968,1104.614,35.465,80.0,Horns Rev I,38.28
584,7,24,4.081,90.0,0.052,80,70,2000,22.437,300,142,5,154,105,7000,1,0.0,1143.938,1143.938,90.045,80.0,1,0.0,1143.938,1143.938,90.045,80.0,Horns Rev I,73.847
585,7,25,4.081,90.0,0.052,80,70,2000,22.437,300,142,5,154,105,7000,1,0.0,990.773,990.773,89.154,80.0,1,0.0,990.773,990.773,89.154,80.0,Horns Rev I,73.731
586,7,26,4.081,90.0,0.052,80,70,2000,22.437,300,142,5,154,105,7000,3,1.0,832.423,430.417,67.514,80.0,4,1.0,1049.224,430.417,67.514,80.0,Horns Rev I,21.785
587,7,27,4.081,90.0,0.052,80,70,2000,22.437,300,142,5,154,105,7000,4,1.0,2392.238,1352.214,117.581,80.0,6,1.0,2764.979,1352.214,117.581,80.0,Horns Rev I,14.614
588,7,28,4.081,90.0,0.052,80,70,2000,22.437,300,142,5,154,105,7000,1,0.624,487.056,487.056,30.055,80.0,1,0.624,487.056,487.056,30.055,80.0,Horns Rev I,29.38
589,7,29,4.081,90.0,0.052,80,70,2000,22.437,300,142,5,154,105,7000,2,0.115,1621.805,432.539,115.157,80.0,2,0.115,2585.418,2359.763,172.821,80.0,Horns Rev I,64.685
590,7,30,4.081,90.0,0.052,80,70,2000,22.437,300,142,5,154,105,7000,4,1.0,1965.158,488.033,39.671,80.0,6,1.0,2211.515,488.033,39.671,80.0,Horns Rev I,23.467
591,7,31,4.081,90.0,0.052,80,70,2000,22.437,300,142,5,154,105,7000,3,1.0,2290.412,1125.653,101.873,80.0,3,1.0,2290.412,1125.653,101.873,80.0,Horns Rev I,30.92
592,7,32,4.081,90.0,0.052,80,70,2000,22.437,300,142,5,154,105,7000,3,0.997,2358.386,1109.788,94.92,80.0,6,0.997,2772.278,1109.788,94.92,80.0,Horns Rev I,38.853
593,7,33,4.081,90.0,0.052,80,70,2000,22.437,300,142,5,154,105,7000,3,0.718,1813.158,803.942,82.207,80.0,6,0.718,2648.033,803.942,82.207,80.0,Horns Rev I,38.421
594,7,34,4.081,90.0,0.052,80,70,2000,22.437,300,142,5,154,105,7000,3,1.0,1202.219,476.409,1.19,80.0,3,1.0,1202.219,476.409,1.19,80.0,Horns Rev I,15.44
595,7,35,4.081,90.0,0.052,80,70,2000,22.437,300,142,5,154,105,7000,2,0.834,2903.378,2075.943,80.803,80.0,5,0.834,3551.069,2075.943,80.803,80.0,Horns Rev I,37.597
596,7,36,4.081,90.0,0.052,80,70,2000,22.437,300,142,5,154,105,7000,1,0.125,829.802,829.802,70.03,80.0,1,0.125,829.802,829.802,70.03,80.0,Horns Rev I,64.78
597,7,37,4.081,90.0,0.052,80,70,2000,22.437,300,142,5,154,105,7000,3,1.0,2465.758,1194.13,27.569,80.0,4,1.0,2291.863,1194.13,27.569,80.0,Horns Rev I,28.099
598,7,38,4.081,90.0,0.052,80,70,2000,22.437,300,142,5,154,105,7000,0,0.0,0.0,0.0,0.0,0.0,0,0.0,0.0,0.0,0.0,0.0,Horns Rev I,79.186
599,7,39,4.081,90.0,0.052,80,70,2000,22.437,300,142,5,154,105,7000,5,1.0,2417.233,1115.56,94.021,80.0,6,1.0,2650.688,1115.56,94.021,80.0,Horns Rev I,13.94
600,7,40,4.081,90.0,0.052,80,70,2000,22.437,300,142,5,154,105,7000,2,0.779,867.657,673.998,117.096,80.0,2,0.779,1768.882,1061.317,17.718,80.0,Horns Rev I,27.403
601,7,41,4.081,90.0,0.052,80,70,2000,22.437,300,142,5,154,105,7000,0,0.0,0.0,0.0,0.0,0.0,0,0.0,0.0,0.0,0.0,0.0,Horns Rev I,79.186
602,7,42,4.081,90.0,0.052,80,70,2000,22.437,300,142,5,154,105,7000,1,0.365,478.226,478.226,50.809,80.0,1,0.365,478.226,478.226,50.809,80.0,Horns Rev I,48.47
603,7,43,4.081,90.0,0.052,80,70,2000,22.437,300,142,5,154,105,7000,4,1.0,1597.58,492.555,8.363,80.0,6,1.0,1877.429,492.555,8.363,80.0,Horns Rev I,14.753
604,7,44,4.081,90.0,0.052,80,70,2000,22.437,300,142,5,154,105,7000,5,1.0,2411.162,577.671,43.161,80.0,5,1.0,2411.162,577.671,43.161,80.0,Horns Rev I,24.866
605,7,45,4.081,90.0,0.052,80,70,2000,22.437,300,142,5,154,105,7000,2,0.199,1446.113,997.637,112.449,80.0,2,0.199,1446.113,997.637,112.449,80.0,Horns Rev I,60.822
606,7,46,4.081,90.0,0.052,80,70,2000,22.437,300,142,5,154,105,7000,3,0.796,1839.849,1261.41,41.531,80.0,5,0.796,2428.01,1261.41,41.531,80.0,Horns Rev I,38.086
607,7,47,4.081,90.0,0.052,80,70,2000,22.437,300,142,5,154,105,7000,0,0.0,0.0,0.0,0.0,0.0,0,0.0,0.0,0.0,0.0,0.0,Horns Rev I,79.186
608,7,48,4.081,90.0,0.052,80,70,2000,22.437,300,142,5,154,105,7000,0,0.0,0.0,0.0,0.0,0.0,0,0.0,0.0,0.0,0.0,0.0,Horns Rev I,79.186
609,7,49,4.081,90.0,0.052,80,70,2000,22.437,300,142,5,154,105,7000,2,0.446,1907.443,1566.821,79.076,80.0,2,0.446,1907.443,1566.821,79.076,80.0,Horns Rev I,47.543
610,7,50,4.081,90.0,0.052,80,70,2000,22.437,300,142,5,154,105,7000,0,0.0,0.0,0.0,0.0,0.0,0,0.0,0.0,0.0,0.0,0.0,Horns Rev I,79.186
611,7,51,4.081,90.0,0.052,80,70,2000,22.437,300,142,5,154,105,7000,4,1.0,2063.733,1162.069,43.956,80.0,4,1.0,2063.733,1162.069,43.956,80.0,Horns Rev I,27.18
612,7,52,4.081,90.0,0.052,80,70,2000,22.437,300,142,5,154,105,7000,0,0.0,0.0,0.0,0.0,0.0,0,0.0,0.0,0.0,0.0,0.0,Horns Rev I,78.876
613,7,53,4.081,90.0,0.052,80,70,2000,22.437,300,142,5,154,105,7000,2,0.0,603.008,393.262,103.491,80.0,1,0.0,812.755,812.755,97.484,80.0,Horns Rev I,75.804
614,7,54,4.081,90.0,0.052,80,70,2000,22.437,300,142,5,154,105,7000,1,0.0,947.237,947.237,99.799,80.0,1,0.0,947.237,947.237,99.799,80.0,Horns Rev I,76.476
615,7,55,4.081,90.0,0.052,80,70,2000,22.437,300,142,5,154,105,7000,1,0.0,641.57,641.57,83.282,80.0,3,0.0,1152.719,641.57,83.282,80.0,Horns Rev I,72.072
616,7,56,4.081,90.0,0.052,80,70,2000,22.437,300,142,5,154,105,7000,2,0.213,1088.714,707.954,62.946,80.0,2,0.213,1088.714,707.954,62.946,80.0,Horns Rev I,58.269
617,7,57,4.081,90.0,0.052,80,70,2000,22.437,300,142,5,154,105,7000,4,1.0,3133.753,473.55,113.822,80.0,6,1.0,3509.908,2218.464,135.564,80.0,Horns Rev I,38.31
618,7,58,4.081,90.0,0.052,80,70,2000,22.437,300,142,5,154,105,7000,2,1.0,2096.033,1543.726,13.134,80.0,4,1.0,2342.798,1543.726,13.134,80.0,Horns Rev I,24.669
619,7,59,4.081,90.0,0.052,80,70,2000,22.437,300,142,5,154,105,7000,0,0.0,0.0,0.0,0.0,0.0,0,0.0,0.0,0.0,0.0,0.0,Horns Rev I,79.186
620,7,60,4.081,90.0,0.052,80,70,2000,22.437,300,142,5,154,105,7000,3,1.0,1650.399,716.488,20.108,80.0,4,1.0,1993.709,716.488,20.108,80.0,Horns Rev I,21.75
621,7,61,4.081,90.0,0.052,80,70,2000,22.437,300,142,5,154,105,7000,2,0.738,969.121,470.578,20.924,80.0,4,0.738,1932.633,470.578,20.924,80.0,Horns Rev I,22.782
622,7,62,4.081,90.0,0.052,80,70,2000,22.437,300,142,5,154,105,7000,0,0.0,0.0,0.0,0.0,0.0,0,0.0,0.0,0.0,0.0,0.0,Horns Rev I,79.002
623,7,63,4.081,90.0,0.052,80,70,2000,22.437,300,142,5,154,105,7000,0,0.0,0.0,0.0,0.0,0.0,0,0.0,0.0,0.0,0.0,0.0,Horns Rev I,79.186
624,7,64,4.081,90.0,0.052,80,70,2000,22.437,300,142,5,154,105,7000,0,0.0,0.0,0.0,0.0,0.0,0,0.0,0.0,0.0,0.0,0.0,Horns Rev I,79.186
625,7,65,4.081,90.0,0.052,80,70,2000,22.437,300,142,5,154,105,7000,0,0.0,0.0,0.0,0.0,0.0,0,0.0,0.0,0.0,0.0,0.0,Horns Rev I,79.183
626,7,66,4.081,90.0,0.052,80,70,2000,22.437,300,142,5,154,105,7000,3,1.0,2592.779,547.498,64.72,80.0,9,1.0,2948.41,547.498,64.72,80.0,Horns Rev I,32.187
627,7,67,4.081,90.0,0.052,80,70,2000,22.437,300,142,5,154,105,7000,2,1.0,1431.239,483.944,19.706,80.0,3,1.0,1448.019,483.944,19.706,80.0,Horns Rev I,18.209
628,7,68,4.081,90.0,0.052,80,70,2000,22.437,300,142,5,154,105,7000,3,1.0,2059.354,1127.576,45.761,80.0,6,1.0,2850.618,1127.576,45.761,80.0,Horns Rev I,30.854
629,7,69,4.081,90.0,0.052,80,70,2000,22.437,300,142,5,154,105,7000,0,0.0,0.0,0.0,0.0,0.0,0,0.0,0.0,0.0,0.0,0.0,Horns Rev I,79.186
630,7,70,4.081,90.0,0.052,80,70,2000,22.437,300,142,5,154,105,7000,3,1.0,1055.486,468.364,59.506,80.0,3,1.0,1055.486,468.364,59.506,80.0,Horns Rev I,26.966
631,7,71,4.081,90.0,0.052,80,70,2000,22.437,300,142,5,154,105,7000,2,0.1,3537.373,3293.845,102.028,80.0,3,0.1,3027.038,2006.366,129.72,80.0,Horns Rev I,64.731
632,7,72,4.081,90.0,0.052,80,70,2000,22.437,300,142,5,154,105,7000,3,1.0,2233.307,570.313,47.791,80.0,5,1.0,2740.792,570.313,47.791,80.0,Horns Rev I,30.299
633,7,73,4.081,90.0,0.052,80,70,2000,22.437,300,142,5,154,105,7000,2,0.401,1880.223,1670.962,91.099,80.0,2,0.401,1880.223,1670.962,91.099,80.0,Horns Rev I,49.817
634,7,74,4.081,90.0,0.052,80,70,2000,22.437,300,142,5,154,105,7000,1,0.0,997.086,997.086,116.273,80.0,2,0.0,1853.599,997.086,116.273,80.0,Horns Rev I,78.381
635,7,75,4.081,90.0,0.052,80,70,2000,22.437,300,142,5,154,105,7000,3,1.0,2777.777,862.582,49.187,80.0,5,1.0,2611.342,862.582,49.187,80.0,Horns Rev I,29.657
636,7,76,4.081,90.0,0.052,80,70,2000,22.437,300,142,5,154,105,7000,5,1.0,2847.266,399.303,46.002,80.0,7,1.0,2671.321,399.303,46.002,80.0,Horns Rev I,26.308
637,7,77,4.081,90.0,0.052,80,70,2000,22.437,300,142,5,154,105,7000,4,0.902,1592.319,454.858,87.469,80.0,5,0.902,1970.206,454.858,87.469,80.0,Horns Rev I,29.587
638,7,78,4.081,90.0,0.052,80,70,2000,22.437,300,142,5,154,105,7000,4,1.0,2886.718,407.493,109.58,80.0,5,1.0,3317.036,1535.069,155.342,80.0,Horns Rev I,23.455
639,7,79,4.081,90.0,0.052,80,70,2000,22.437,300,142,5,154,105,7000,2,0.753,1902.041,1428.422,74.997,80.0,4,0.753,2479.645,1428.422,74.997,80.0,Horns Rev I,36.27
640,8,0,10.256,0.0,0.068,80,70,2000,34.918,270,146,10,154,105,7000,2,0.118,1224.99,965.925,75.726,80.0,3,0.118,1569.876,965.925,75.726,80.0,Horns Rev I,1283.525
641,8,1,10.256,0.0,0.068,80,70,2000,34.918,270,146,10,154,105,7000,1,0.0,877.497,877.497,87.724,80.0,1,0.0,877.497,877.497,87.724,80.0,Horns Rev I,1421.458
642,8,2,10.256,0.0,0.068,80,70,2000,34.918,270,146,10,154,105,7000,1,0.0,775.593,775.593,95.633,80.0,1,0.0,775.593,775.593,95.633,80.0,Horns Rev I,1450.326
643,8,3,10.256,0.0,0.068,80,70,2000,34.918,270,146,10,154,105,7000,1,0.254,1384.733,1384.733,59.651,80.0,1,0.254,1384.733,1384.733,59.651,80.0,Horns Rev I,1204.64
644,8,4,10.256,0.0,0.068,80,70,2000,34.918,270,146,10,154,105,7000,0,0.0,0.0,0.0,0.0,0.0,0,0.0,0.0,0.0,0.0,0.0,Horns Rev I,1488.244
645,8,5,10.256,0.0,0.068,80,70,2000,34.918,270,146,10,154,105,7000,1,0.0,567.921,567.921,110.941,80.0,0,0.0,0.0,0.0,0.0,0.0,Horns Rev I,1478.506
646,8,6,10.256,0.0,0.068,80,70,2000,34.918,270,146,10,154,105,7000,3,1.0,1568.359,657.347,16.012,80.0,4,1.0,1948.7,657.347,16.012,80.0,Horns Rev I,564.462
647,8,7,10.256,0.0,0.068,80,70,2000,34.918,270,146,10,154,105,7000,4,1.0,2419.428,1026.454,26.991,80.0,5,1.0,2436.542,1026.454,26.991,80.0,Horns Rev I,618.271
648,8,8,10.256,0.0,0.068,80,70,2000,34.918,270,146,10,154,105,7000,4,1.0,1519.808,497.225,36.663,80.0,6,1.0,1804.673,497.225,36.663,80.0,Horns Rev I,550.288
649,8,9,10.256,0.0,0.068,80,70,2000,34.918,270,146,10,154,105,7000,2,0.988,3058.84,2243.859,45.577,80.0,5,0.988,2735.394,1441.445,120.083,80.0,Horns Rev I,898.128
650,8,10,10.256,0.0,0.068,80,70,2000,34.918,270,146,10,154,105,7000,1,0.0,390.209,390.209,93.198,80.0,1,0.0,390.209,390.209,93.198,80.0,Horns Rev I,1451.227
651,8,11,10.256,0.0,0.068,80,70,2000,34.918,270,146,10,154,105,7000,0,0.0,0.0,0.0,0.0,0.0,0,0.0,0.0,0.0,0.0,0.0,Horns Rev I,1488.244
652,8,12,10.256,0.0,0.068,80,70,2000,34.918,270,146,10,154,105,7000,3,0.88,1409.694,642.088,33.539,80.0,3,0.88,1409.694,642.088,33.539,80.0,Horns Rev I,779.324
653,8,13,10.256,0.0,0.068,80,70,2000,34.918,270,146,10,154,105,7000,1,0.337,398.991,398.991,53.067,80.0,1,0.337,398.991,398.991,53.067,80.0,Horns Rev I,1094.142
654,8,14,10.256,0.0,0.068,80,70,2000,34.918,270,146,10,154,105,7000,0,0.0,0.0,0.0,0.0,0.0,0,0.0,0.0,0.0,0.0,0.0,Horns Rev I,1488.243
655,8,15,10.256,0.0,0.068,80,70,2000,34.918,270,146,10,154,105,7000,1,0.272,2303.833,2303.833,58.277,80.0,1,0.272,2303.833,2303.833,58.277,80.0,Horns Rev I,1200.928
656,8,16,10.256,0.0,0.068,80,70,2000,34.918,270,146,10,154,105,7000,1,0.174,418.428,418.428,66.072,80.0,1,0.174,418.428,418.428,66.072,80.0,Horns Rev I,1270.769
657,8,17,10.256,0.0,0.068,80,70,2000,34.918,270,146,10,154,105,7000,4,1.0,1736.507,794.381,96.675,80.0,4,1.0,1736.507,794.381,96.675,80.0,Horns Rev I,651.762
658,8,18,10.256,0.0,0.068,80,70,2000,34.918,270,146,10,154,105,7000,4,0.0,1955.811,737.844,103.762,80.0,6,0.0,2297.41,737.844,103.762,80.0,Horns Rev I,1360.533
659,8,19,10.256,0.0,0.068,80,70,2000,34.918,270,146,10,154,105,7000,3,0.746,1134.064,392.379,82.825,80.0,7,0.746,2190.284,392.379,82.825,80.0,Horns Rev I,767.548
660,8,20,10.256,0.0,0.068,80,70,2000,34.918,270,146,10,154,105,7000,0,0.0,0.0,0.0,0.0,0.0,0,0.0,0.0,0.0,0.0,0.0,Horns Rev I,1488.114
661,8,21,10.256,0.0,0.068,80,70,2000,34.918,270,146,10,154,105,7000,1,0.0,1629.962,1629.962,80.98,80.0,2,0.0,1379.084,1128.206,127.086,80.0,Horns Rev I,1377.025
662,8,22,10.256,0.0,0.068,80,70,2000,34.918,270,146,10,154,105,7000,4,1.0,1892.265,882.927,68.579,80.0,5,1.0,2148.224,882.927,68.579,80.0,Horns Rev I,798.08
663,8,23,10.256,0.0,0.068,80,70,2000,34.918,270,146,10,154,105,7000,2,1.0,1418.194,765.263,15.873,80.0,3,1.0,1446.53,765.263,15.873,80.0,Horns Rev I,558.044
664,8,24,10.256,0.0,0.068,80,70,2000,34.918,270,146,10,154,105,7000,1,0.106,731.547,731.547,71.491,80.0,1,0.106,731.547,731.547,71.491,80.0,Horns Rev I,1321.539
665,8,25,10.256,0.0,0.068,80,70,2000,34.918,270,146,10,154,105,7000,1,0.332,1150.627,1150.627,53.411,80.0,2,0.332,1434.587,1150.627,53.411,80.0,Horns Rev I,1128.881
666,8,26,10.256,0.0,0.068,80,70,2000,34.918,270,146,10,154,105,7000,2,1.0,2336.539,1970.765,35.205,80.0,3,1.0,2050.541,1478.544,145.345,80.0,Horns Rev I,796.646
667,8,27,10.256,0.0,0.068,80,70,2000,34.918,270,146,10,154,105,7000,2,0.1,819.697,522.522,105.435,80.0,3,0.1,1051.752,522.522,105.435,80.0,Horns Rev I,1309.123
668,8,28,10.256,0.0,0.068,80,70,2000,34.918,270,146,10,154,105,7000,4,1.0,1568.381,455.884,18.27,80.0,5,1.0,1742.706,455.884,18.27,80.0,Horns Rev I,365.851
669,8,29,10.256,0.0,0.068,80,70,2000,34.918,270,146,10,154,105,7000,2,0.411,1366.517,802.414,74.506,80.0,3,0.411,1721.803,802.414,74.506,80.0,Horns Rev I,1108.591
670,8,30,10.256,0.0,0.068,80,70,2000,34.918,270,146,10,154,105,7000,3,0.152,874.904,480.499,72.298,80.0,3,0.152,874.904,480.499,72.298,80.0,Horns Rev I,1257.908
671,8,31,10.256,0.0,0.068,80,70,2000,34.918,270,146,10,154,105,7000,2,0.634,2009.672,432.524,56.82,80.0,4,0.634,2289.397,432.524,56.82,80.0,Horns Rev I,1017.984
672,8,32,10.256,0.0,0.068,80,70,2000,34.918,270,146,10,154,105,7000,0,0.0,0.0,0.0,0.0,0.0,0,0.0,0.0,0.0,0.0,0.0,Horns Rev I,1488.244
673,8,33,10.256,0.0,0.068,80,70,2000,34.918,270,146,10,154,105,7000,0,0.0,0.0,0.0,0.0,0.0,0,0.0,0.0,0.0,0.0,0.0,Horns Rev I,1488.244
674,8,34,10.256,0.0,0.068,80,70,2000,34.918,270,146,10,154,105,7000,1,0.0,492.221,492.221,110.14,80.0,0,0.0,0.0,0.0,0.0,0.0,Horns Rev I,1477.363
675,8,35,10.256,0.0,0.068,80,70,2000,34.918,270,146,10,154,105,7000,1,0.488,1346.296,1346.296,40.945,80.0,1,0.488,1346.296,1346.296,40.945,80.0,Horns Rev I,987.097
676,8,36,10.256,0.0,0.068,80,70,2000,34.918,270,146,10,154,105,7000,4,1.0,1366.149,478.357,25.411,80.0,7,1.0,2025.219,478.357,25.411,80.0,Horns Rev I,500.085
677,8,37,10.256,0.0,0.068,80,70,2000,34.918,270,146,10,154,105,7000,2,0.0,1151.408,949.031,103.213,80.0,2,0.0,1151.408,949.031,103.213,80.0,Horns Rev I,1443.996
678,8,38,10.256,0.0,0.068,80,70,2000,34.918,270,146,10,154,105,7000,3,0.325,1152.885,669.423,54.017,80.0,3,0.325,1152.885,669.423,54.017,80.0,Horns Rev I,1101.21
679,8,39,10.256,0.0,0.068,80,70,2000,34.918,270,146,10,154,105,7000,2,0.0,1377.457,419.78,105.983,80.0,1,0.0,2335.134,2335.134,114.811,80.0,Horns Rev I,1465.241
680,8,40,10.256,0.0,0.068,80,70,2000,34.918,270,146,10,154,105,7000,2,0.998,1723.338,1128.748,113.801,80.0,3,0.998,2297.548,1128.748,113.801,80.0,Horns Rev I,806.112
681,8,41,10.256,0.0,0.068,80,70,2000,34.918,270,146,10,154,105,7000,2,0.779,725.192,453.334,37.987,80.0,2,0.779,725.192,453.334,37.987,80.0,Horns Rev I,801.193
682,8,42,10.256,0.0,0.068,80,70,2000,34.918,270,146,10,154,105,7000,0,0.0,0.0,0.0,0.0,0.0,0,0.0,0.0,0.0,0.0,0.0,Horns Rev I,1488.244
683,8,43,10.256,0.0,0.068,80,70,2000,34.918,270,146,10,154,105,7000,0,0.0,0.0,0.0,0.0,0.0,0,0.0,0.0,0.0,0.0,0.0,Horns Rev I,1488.244
684,8,44,10.256,0.0,0.068,80,70,2000,34.918,270,146,10,154,105,7000,2,1.0,793.844,594.349,33.467,80.0,2,1.0,793.844,594.349,33.467,80.0,Horns Rev I,549.091
685,8,45,10.256,0.0,0.068,80,70,2000,34.918,270,146,10,154,105,7000,1,0.0,1014.239,1014.239,111.0,80.0,1,0.0,1014.239,1014.239,111.0,80.0,Horns Rev I,1474.729
686,8,46,10.256,0.0,0.068,80,70,2000,34.918,270,146,10,154,105,7000,3,1.0,1926.471,445.384,26.861,80.0,5,1.0,2244.047,445.384,26.861,80.0,Horns Rev I,563.46
687,8,47,10.256,0.0,0.068,80,70,2000,34.918,270,146,10,154,105,7000,4,1.0,1471.037,606.373,69.904,80.0,4,1.0,1471.037,606.373,69.904,80.0,Horns Rev I,494.192
688,8,48,10.256,0.0,0.068,80,70,2000,34.918,270,146,10,154,105,7000,0,0.0,0.0,0.0,0.0,0.0,0,0.0,0.0,0.0,0.0,0.0,Horns Rev I,1488.244
689,8,49,10.256,0.0,0.068,80,70,2000,34.918,270,146,10,154,105,7000,1,0.0,1803.496,1803.496,98.83,80.0,1,0.0,1803.496,1803.496,98.83,80.0,Horns Rev I,1446.075
690,8,50,10.256,0.0,0.068,80,70,2000,34.918,270,146,10,154,105,7000,2,0.925,1441.418,1002.67,5.99,80.0,3,0.925,1448.192,1002.67,5.99,80.0,Horns Rev I,660.895
691,8,51,10.256,0.0,0.068,80,70,2000,34.918,270,146,10,154,105,7000,2,0.314,823.778,419.905,54.843,80.0,2,0.314,823.778,419.905,54.843,80.0,Horns Rev I,1110.46
692,8,52,10.256,0.0,0.068,80,70,2000,34.918,270,146,10,154,105,7000,1,0.0,564.787,564.787,101.998,80.0,1,0.0,564.787,564.787,101.998,80.0,Horns Rev I,1467.521
693,8,53,10.256,0.0,0.068,80,70,2000,34.918,270,146,10,154,105,7000,2,1.0,1709.874,1134.561,10.515,80.0,3,1.0,2090.952,1134.561,10.515,80.0,Horns Rev I,670.711
694,8,54,10.256,0.0,0.068,80,70,2000,34.918,270,146,10,154,105,7000,3,0.047,1055.0,499.54,97.819,80.0,4,0.047,1487.432,499.54,97.819,80.0,Horns Rev I,1347.674
695,8,55,10.256,0.0,0.068,80,70,2000,34.918,270,146,10,154,105,7000,0,0.0,0.0,0.0,0.0,0.0,0,0.0,0.0,0.0,0.0,0.0,Horns Rev I,1488.244
696,8,56,10.256,0.0,0.068,80,70,2000,34.918,270,146,10,154,105,7000,1,0.794,1305.86,1305.86,16.47,80.0,1,0.794,1305.86,1305.86,16.47,80.0,Horns Rev I,753.629
697,8,57,10.256,0.0,0.068,80,70,2000,34.918,270,146,10,154,105,7000,0,0.0,0.0,0.0,0.0,0.0,0,0.0,0.0,0.0,0.0,0.0,Horns Rev I,1488.244
698,8,58,10.256,0.0,0.068,80,70,2000,34.918,270,146,10,154,105,7000,2,0.303,916.936,706.983,110.625,80.0,2,0.303,916.936,706.983,110.625,80.0,Horns Rev I,1157.104
699,8,59,10.256,0.0,0.068,80,70,2000,34.918,270,146,10,154,105,7000,1,0.729,543.717,543.717,21.719,80.0,1,0.729,543.717,543.717,21.719,80.0,Horns Rev I,679.842
700,8,60,10.256,0.0,0.068,80,70,2000,34.918,270,146,10,154,105,7000,0,0.0,0.0,0.0,0.0,0.0,0,0.0,0.0,0.0,0.0,0.0,Horns Rev I,1488.231
701,8,61,10.256,0.0,0.068,80,70,2000,34.918,270,146,10,154,105,7000,1,0.959,404.754,404.754,3.254,80.0,1,0.959,404.754,404.754,3.254,80.0,Horns Rev I,537.164
702,8,62,10.256,0.0,0.068,80,70,2000,34.918,270,146,10,154,105,7000,3,1.0,1363.445,546.784,10.809,80.0,4,1.0,1724.192,546.784,10.809,80.0,Horns Rev I,573.402
703,8,63,10.256,0.0,0.068,80,70,2000,34.918,270,146,10,154,105,7000,4,1.0,1608.528,522.384,42.614,80.0,4,1.0,1608.528,522.384,42.614,80.0,Horns Rev I,704.033
704,8,64,10.256,0.0,0.068,80,70,2000,34.918,270,146,10,154,105,7000,0,0.0,0.0,0.0,0.0,0.0,0,0.0,0.0,0.0,0.0,0.0,Horns Rev I,1488.244
705,8,65,10.256,0.0,0.068,80,70,2000,34.918,270,146,10,154,105,7000,2,0.822,1222.695,834.899,109.906,80.0,2,0.822,1222.695,834.899,109.906,80.0,Horns Rev I,773.897
706,8,66,10.256,0.0,0.068,80,70,2000,34.918,270,146,10,154,105,7000,1,0.759,439.311,439.311,19.249,80.0,1,0.759,439.311,439.311,19.249,80.0,Horns Rev I,631.621
707,8,67,10.256,0.0,0.068,80,70,2000,34.918,270,146,10,154,105,7000,2,0.0,821.699,454.217,92.483,80.0,3,0.0,1300.37,454.217,92.483,80.0,Horns Rev I,1444.74
708,8,68,10.256,0.0,0.068,80,70,2000,34.918,270,146,10,154,105,7000,2,0.878,1641.106,473.539,105.066,80.0,2,0.878,2437.718,2066.764,141.032,80.0,Horns Rev I,859.362
709,8,69,10.256,0.0,0.068,80,70,2000,34.918,270,146,10,154,105,7000,0,0.0,0.0,0.0,0.0,0.0,0,0.0,0.0,0.0,0.0,0.0,Horns Rev I,1488.243
710,8,70,10.256,0.0,0.068,80,70,2000,34.918,270,146,10,154,105,7000,0,0.0,0.0,0.0,0.0,0.0,0,0.0,0.0,0.0,0.0,0.0,Horns Rev I,1488.244
711,8,71,10.256,0.0,0.068,80,70,2000,34.918,270,146,10,154,105,7000,2,0.9,2221.63,1592.151,71.192,80.0,4,0.9,2248.329,1592.151,71.192,80.0,Horns Rev I,864.342
712,8,72,10.256,0.0,0.068,80,70,2000,34.918,270,146,10,154,105,7000,0,0.0,0.0,0.0,0.0,0.0,0,0.0,0.0,0.0,0.0,0.0,Horns Rev I,1488.244
713,8,73,10.256,0.0,0.068,80,70,2000,34.918,270,146,10,154,105,7000,0,0.0,0.0,0.0,0.0,0.0,0,0.0,0.0,0.0,0.0,0.0,Horns Rev I,1488.162
714,8,74,10.256,0.0,0.068,80,70,2000,34.918,270,146,10,154,105,7000,0,0.0,0.0,0.0,0.0,0.0,0,0.0,0.0,0.0,0.0,0.0,Horns Rev I,1487.362
715,8,75,10.256,0.0,0.068,80,70,2000,34.918,270,146,10,154,105,7000,4,1.0,1627.321,902.638,103.108,80.0,6,1.0,2097.556,902.638,103.108,80.0,Horns Rev I,688.316
716,8,76,10.256,0.0,0.068,80,70,2000,34.918,270,146,10,154,105,7000,2,1.0,1245.064,552.698,0.356,80.0,4,1.0,1630.765,552.698,0.356,80.0,Horns Rev I,546.135
717,8,77,10.256,0.0,0.068,80,70,2000,34.918,270,146,10,154,105,7000,0,0.0,0.0,0.0,0.0,0.0,0,0.0,0.0,0.0,0.0,0.0,Horns Rev I,1488.244
718,8,78,10.256,0.0,0.068,80,70,2000,34.918,270,146,10,154,105,7000,4,0.721,1454.416,409.961,113.256,80.0,4,0.721,1938.774,962.659,113.612,80.0,Horns Rev I,857.741
719,8,79,10.256,0.0,0.068,80,70,2000,34.918,270,146,10,154,105,7000,3,0.957,1835.407,425.28,93.05,80.0,4,0.957,1963.192,425.28,93.05,80.0,Horns Rev I,860.852
720,9,0,10.982,240.0,0.086,80,70,2000,10.154,150,104,8,80,70,2000,2,0.017,3330.039,2834.867,96.882,80.0,4,0.017,2539.577,1374.357,127.506,80.0,Horns Rev I,1593.368
721,9,1,10.982,240.0,0.086,80,70,2000,10.154,150,104,8,80,70,2000,6,1.0,2506.375,431.949,88.888,80.0,9,1.0,2693.101,431.949,88.888,80.0,Horns Rev I,938.113
722,9,2,10.982,240.0,0.086,80,70,2000,10.154,150,104,8,80,70,2000,4,0.868,2381.051,1186.429,12.642,80.0,7,0.868,3112.665,1186.429,12.642,80.0,Horns Rev I,892.051
723,9,3,10.982,240.0,0.086,80,70,2000,10.154,150,104,8,80,70,2000,0,0.0,0.0,0.0,0.0,0.0,0,0.0,0.0,0.0,0.0,0.0,Horns Rev I,1712.388
724,9,4,10.982,240.0,0.086,80,70,2000,10.154,150,104,8,80,70,2000,2,0.253,1779.461,1501.371,114.458,80.0,2,0.253,1779.461,1501.371,114.458,80.0,Horns Rev I,1486.831
725,9,5,10.982,240.0,0.086,80,70,2000,10.154,150,104,8,80,70,2000,4,0.836,1485.114,521.079,15.74,80.0,5,0.836,1868.893,521.079,15.74,80.0,Horns Rev I,763.442
726,9,6,10.982,240.0,0.086,80,70,2000,10.154,150,104,8,80,70,2000,2,0.154,1073.432,445.526,67.678,80.0,2,0.154,1073.432,445.526,67.678,80.0,Horns Rev I,1557.26
727,9,7,10.982,240.0,0.086,80,70,2000,10.154,150,104,8,80,70,2000,0,0.0,0.0,0.0,0.0,0.0,0,0.0,0.0,0.0,0.0,0.0,Horns Rev I,1712.388
728,9,8,10.982,240.0,0.086,80,70,2000,10.154,150,104,8,80,70,2000,1,0.04,602.21,602.21,76.779,80.0,1,0.04,602.21,602.21,76.779,80.0,Horns Rev I,1620.963
729,9,9,10.982,240.0,0.086,80,70,2000,10.154,150,104,8,80,70,2000,0,0.0,0.0,0.0,0.0,0.0,0,0.0,0.0,0.0,0.0,0.0,Horns Rev I,1712.388
730,9,10,10.982,240.0,0.086,80,70,2000,10.154,150,104,8,80,70,2000,0,0.0,0.0,0.0,0.0,0.0,0,0.0,0.0,0.0,0.0,0.0,Horns Rev I,1712.388
731,9,11,10.982,240.0,0.086,80,70,2000,10.154,150,104,8,80,70,2000,2,0.428,3592.927,2962.248,45.77,80.0,5,0.428,3098.23,2262.316,172.336,80.0,Horns Rev I,1382.167
732,9,12,10.982,240.0,0.086,80,70,2000,10.154,150,104,8,80,70,2000,1,0.0,1408.721,1408.721,96.242,80.0,1,0.0,1408.721,1408.721,96.242,80.0,Horns Rev I,1681.252
733,9,13,10.982,240.0,0.086,80,70,2000,10.154,150,104,8,80,70,2000,1,0.295,800.187,800.187,56.416,80.0,1,0.295,800.187,800.187,56.416,80.0,Horns Rev I,1436.693
734,9,14,10.982,240.0,0.086,80,70,2000,10.154,150,104,8,80,70,2000,3,1.0,1479.459,815.639,26.758,80.0,3,1.0,1479.459,815.639,26.758,80.0,Horns Rev I,652.83
735,9,15,10.982,240.0,0.086,80,70,2000,10.154,150,104,8,80,70,2000,2,0.486,880.685,392.32,107.005,80.0,2,0.486,1780.438,1369.051,41.108,80.0,Horns Rev I,1260.157
736,9,16,10.982,240.0,0.086,80,70,2000,10.154,150,104,8,80,70,2000,4,1.0,3303.76,1172.871,86.111,80.0,7,1.0,3269.321,1172.871,86.111,80.0,Horns Rev I,929.674
737,9,17,10.982,240.0,0.086,80,70,2000,10.154,150,104,8,80,70,2000,1,0.003,1623.971,1623.971,79.768,80.0,1,0.003,1623.971,1623.971,79.768,80.0,Horns Rev I,1624.667
738,9,18,10.982,240.0,0.086,80,70,2000,10.154,150,104,8,80,70,2000,1,0.0,809.135,809.135,92.353,80.0,1,0.0,809.135,809.135,92.353,80.0,Horns Rev I,1679.88
739,9,19,10.982,240.0,0.086,80,70,2000,10.154,150,104,8,80,70,2000,0,0.0,0.0,0.0,0.0,0.0,0,0.0,0.0,0.0,0.0,0.0,Horns Rev I,1712.388
740,9,20,10.982,240.0,0.086,80,70,2000,10.154,150,104,8,80,70,2000,4,1.0,2698.823,1007.519,32.478,80.0,6,1.0,2856.948,1007.519,32.478,80.0,Horns Rev I,893.505
741,9,21,10.982,240.0,0.086,80,70,2000,10.154,150,104,8,80,70,2000,1,0.385,2202.472,2202.472,49.22,80.0,2,0.385,1890.233,1577.993,120.278,80.0,Horns Rev I,1391.292
742,9,22,10.982,240.0,0.086,80,70,2000,10.154,150,104,8,80,70,2000,0,0.0,0.0,0.0,0.0,0.0,0,0.0,0.0,0.0,0.0,0.0,Horns Rev I,1712.388
743,9,23,10.982,240.0,0.086,80,70,2000,10.154,150,104,8,80,70,2000,3,1.0,2055.491,455.282,26.009,80.0,6,1.0,2252.904,455.282,26.009,80.0,Horns Rev I,765.695
744,9,24,10.982,240.0,0.086,80,70,2000,10.154,150,104,8,80,70,2000,4,0.23,1684.767,494.516,103.609,80.0,4,0.23,1684.767,494.516,103.609,80.0,Horns Rev I,1454.346
745,9,25,10.982,240.0,0.086,80,70,2000,10.154,150,104,8,80,70,2000,3,0.73,2255.073,1322.356,88.25,80.0,4,0.73,2551.597,1322.356,88.25,80.0,Horns Rev I,1192.303
746,9,26,10.982,240.0,0.086,80,70,2000,10.154,150,104,8,80,70,2000,2,0.713,1600.184,749.515,54.101,80.0,3,0.713,1465.136,749.515,54.101,80.0,Horns Rev I,1231.678
747,9,27,10.982,240.0,0.086,80,70,2000,10.154,150,104,8,80,70,2000,1,0.112,624.479,624.479,71.058,80.0,1,0.112,624.479,624.479,71.058,80.0,Horns Rev I,1585.677
748,9,28,10.982,240.0,0.086,80,70,2000,10.154,150,104,8,80,70,2000,1,0.081,463.368,463.368,73.545,80.0,1,0.081,463.368,463.368,73.545,80.0,Horns Rev I,1597.404
749,9,29,10.982,240.0,0.086,80,70,2000,10.154,150,104,8,80,70,2000,3,0.978,1638.988,1056.455,1.791,80.0,3,0.978,1638.988,1056.455,1.791,80.0,Horns Rev I,868.615
750,9,30,10.982,240.0,0.086,80,70,2000,10.154,150,104,8,80,70,2000,0,0.0,0.0,0.0,0.0,0.0,0,0.0,0.0,0.0,0.0,0.0,Horns Rev I,1712.301
751,9,31,10.982,240.0,0.086,80,70,2000,10.154,150,104,8,80,70,2000,0,0.0,0.0,0.0,0.0,0.0,0,0.0,0.0,0.0,0.0,0.0,Horns Rev I,1712.382
752,9,32,10.982,240.0,0.086,80,70,2000,10.154,150,104,8,80,70,2000,0,0.0,0.0,0.0,0.0,0.0,0,0.0,0.0,0.0,0.0,0.0,Horns Rev I,1712.388
753,9,33,10.982,240.0,0.086,80,70,2000,10.154,150,104,8,80,70,2000,0,0.0,0.0,0.0,0.0,0.0,0,0.0,0.0,0.0,0.0,0.0,Horns Rev I,1712.149
754,9,34,10.982,240.0,0.086,80,70,2000,10.154,150,104,8,80,70,2000,2,0.184,1907.623,806.387,65.248,80.0,6,0.184,2247.275,806.387,65.248,80.0,Horns Rev I,1501.831
755,9,35,10.982,240.0,0.086,80,70,2000,10.154,150,104,8,80,70,2000,0,0.0,0.0,0.0,0.0,0.0,0,0.0,0.0,0.0,0.0,0.0,Horns Rev I,1712.388
756,9,36,10.982,240.0,0.086,80,70,2000,10.154,150,104,8,80,70,2000,0,0.0,0.0,0.0,0.0,0.0,0,0.0,0.0,0.0,0.0,0.0,Horns Rev I,1712.388
757,9,37,10.982,240.0,0.086,80,70,2000,10.154,150,104,8,80,70,2000,1,0.08,831.268,831.268,73.586,80.0,2,0.08,1143.507,831.268,73.586,80.0,Horns Rev I,1588.249
758,9,38,10.982,240.0,0.086,80,70,2000,10.154,150,104,8,80,70,2000,0,0.0,0.0,0.0,0.0,0.0,0,0.0,0.0,0.0,0.0,0.0,Horns Rev I,1711.44
759,9,39,10.982,240.0,0.086,80,70,2000,10.154,150,104,8,80,70,2000,1,0.264,625.868,625.868,58.918,80.0,1,0.264,625.868,625.868,58.918,80.0,Horns Rev I,1464.832
760,9,40,10.982,240.0,0.086,80,70,2000,10.154,150,104,8,80,70,2000,0,0.0,0.0,0.0,0.0,0.0,0,0.0,0.0,0.0,0.0,0.0,Horns Rev I,1712.388
761,9,41,10.982,240.0,0.086,80,70,2000,10.154,150,104,8,80,70,2000,3,1.0,1885.859,512.642,14.696,80.0,4,1.0,2064.263,512.642,14.696,80.0,Horns Rev I,672.321
762,9,42,10.982,240.0,0.086,80,70,2000,10.154,150,104,8,80,70,2000,1,0.715,1822.756,1822.756,22.775,80.0,3,0.715,2386.969,1822.756,22.775,80.0,Horns Rev I,1099.919
763,9,43,10.982,240.0,0.086,80,70,2000,10.154,150,104,8,80,70,2000,1,0.153,700.365,700.365,67.763,80.0,2,0.153,885.495,700.365,67.763,80.0,Horns Rev I,1557.716
764,9,44,10.982,240.0,0.086,80,70,2000,10.154,150,104,8,80,70,2000,1,0.905,700.392,700.392,7.614,80.0,1,0.905,700.392,700.392,7.614,80.0,Horns Rev I,817.113
765,9,45,10.982,240.0,0.086,80,70,2000,10.154,150,104,8,80,70,2000,2,1.0,2400.313,2163.538,29.046,80.0,3,1.0,2149.94,1649.194,152.149,80.0,Horns Rev I,934.791
766,9,46,10.982,240.0,0.086,80,70,2000,10.154,150,104,8,80,70,2000,1,0.942,473.551,473.551,4.619,80.0,1,0.942,473.551,473.551,4.619,80.0,Horns Rev I,740.327
767,9,47,10.982,240.0,0.086,80,70,2000,10.154,150,104,8,80,70,2000,0,0.0,0.0,0.0,0.0,0.0,0,0.0,0.0,0.0,0.0,0.0,Horns Rev I,1712.388
768,9,48,10.982,240.0,0.086,80,70,2000,10.154,150,104,8,80,70,2000,4,1.0,3790.668,2658.87,113.023,80.0,5,1.0,3940.242,2658.87,113.023,80.0,Horns Rev I,1170.277
769,9,49,10.982,240.0,0.086,80,70,2000,10.154,150,104,8,80,70,2000,1,0.0,1370.452,1370.452,81.645,80.0,3,0.0,2210.229,1370.452,81.645,80.0,Horns Rev I,1633.34
770,9,50,10.982,240.0,0.086,80,70,2000,10.154,150,104,8,80,70,2000,3,1.0,1978.394,1117.012,97.598,80.0,5,1.0,2544.085,1117.012,97.598,80.0,Horns Rev I,897.995
771,9,51,10.982,240.0,0.086,80,70,2000,10.154,150,104,8,80,70,2000,2,0.846,1353.647,1003.45,42.359,80.0,2,0.846,1353.647,1003.45,42.359,80.0,Horns Rev I,1084.402
772,9,52,10.982,240.0,0.086,80,70,2000,10.154,150,104,8,80,70,2000,4,0.923,3188.058,2478.354,76.927,80.0,7,0.923,2847.921,1274.685,142.9,80.0,Horns Rev I,1120.367
773,9,53,10.982,240.0,0.086,80,70,2000,10.154,150,104,8,80,70,2000,1,0.384,1799.505,1799.505,49.289,80.0,1,0.384,1799.505,1799.505,49.289,80.0,Horns Rev I,1379.33
774,9,54,10.982,240.0,0.086,80,70,2000,10.154,150,104,8,80,70,2000,1,0.555,1028.213,1028.213,35.614,80.0,1,0.555,1028.213,1028.213,35.614,80.0,Horns Rev I,1157.089
775,9,55,10.982,240.0,0.086,80,70,2000,10.154,150,104,8,80,70,2000,4,1.0,1916.525,806.931,44.785,80.0,4,1.0,1916.525,806.931,44.785,80.0,Horns Rev I,629.56
776,9,56,10.982,240.0,0.086,80,70,2000,10.154,150,104,8,80,70,2000,4,0.797,2709.984,1699.224,112.563,80.0,6,0.797,2535.475,945.927,124.654,80.0,Horns Rev I,1233.174
777,9,57,10.982,240.0,0.086,80,70,2000,10.154,150,104,8,80,70,2000,0,0.0,0.0,0.0,0.0,0.0,0,0.0,0.0,0.0,0.0,0.0,Horns Rev I,1712.388
778,9,58,10.982,240.0,0.086,80,70,2000,10.154,150,104,8,80,70,2000,2,1.0,1712.941,1400.007,0.412,80.0,2,1.0,1712.941,1400.007,0.412,80.0,Horns Rev I,866.801
779,9,59,10.982,240.0,0.086,80,70,2000,10.154,150,104,8,80,70,2000,5,1.0,2092.563,408.314,34.194,80.0,6,1.0,2528.385,408.314,34.194,80.0,Horns Rev I,821.35
780,9,60,10.982,240.0,0.086,80,70,2000,10.154,150,104,8,80,70,2000,2,0.428,847.581,555.379,45.72,80.0,2,0.428,847.581,555.379,45.72,80.0,Horns Rev I,1218.472
781,9,61,10.982,240.0,0.086,80,70,2000,10.154,150,104,8,80,70,2000,2,1.0,995.73,595.637,15.823,80.0,2,1.0,995.73,595.637,15.823,80.0,Horns Rev I,704.69
782,9,62,10.982,240.0,0.086,80,70,2000,10.154,150,104,8,80,70,2000,2,0.228,1601.199,1087.093,61.751,80.0,2,0.228,1601.199,1087.093,61.751,80.0,Horns Rev I,1456.605
783,9,63,10.982,240.0,0.086,80,70,2000,10.154,150,104,8,80,70,2000,3,1.0,1526.092,458.626,118.544,80.0,3,1.0,2068.828,1545.719,56.793,80.0,Horns Rev I,1072.128
784,9,64,10.982,240.0,0.086,80,70,2000,10.154,150,104,8,80,70,2000,6,1.0,3118.671,780.851,33.426,80.0,9,1.0,3086.946,780.851,33.426,80.0,Horns Rev I,933.077
785,9,65,10.982,240.0,0.086,80,70,2000,10.154,150,104,8,80,70,2000,5,1.0,2593.506,1513.749,28.218,80.0,6,1.0,2775.857,1513.749,28.218,80.0,Horns Rev I,891.962
786,9,66,10.982,240.0,0.086,80,70,2000,10.154,150,104,8,80,70,2000,0,0.0,0.0,0.0,0.0,0.0,0,0.0,0.0,0.0,0.0,0.0,Horns Rev I,1712.388
787,9,67,10.982,240.0,0.086,80,70,2000,10.154,150,104,8,80,70,2000,4,1.0,1349.695,432.168,116.541,80.0,3,1.0,1655.538,927.01,55.277,80.0,Horns Rev I,1087.367
788,9,68,10.982,240.0,0.086,80,70,2000,10.154,150,104,8,80,70,2000,0,0.0,0.0,0.0,0.0,0.0,0,0.0,0.0,0.0,0.0,0.0,Horns Rev I,1712.388
789,9,69,10.982,240.0,0.086,80,70,2000,10.154,150,104,8,80,70,2000,4,0.998,1337.149,396.751,88.033,80.0,9,0.998,2430.776,396.751,88.033,80.0,Horns Rev I,935.889
790,9,70,10.982,240.0,0.086,80,70,2000,10.154,150,104,8,80,70,2000,3,1.0,1606.566,1041.512,45.158,80.0,3,1.0,1606.566,1041.512,45.158,80.0,Horns Rev I,778.426
791,9,71,10.982,240.0,0.086,80,70,2000,10.154,150,104,8,80,70,2000,2,0.0,873.799,685.24,108.032,80.0,2,0.0,873.799,685.24,108.032,80.0,Horns Rev I,1678.77
792,9,72,10.982,240.0,0.086,80,70,2000,10.154,150,104,8,80,70,2000,1,0.316,556.18,556.18,54.731,80.0,1,0.316,556.18,556.18,54.731,80.0,Horns Rev I,1406.96
793,9,73,10.982,240.0,0.086,80,70,2000,10.154,150,104,8,80,70,2000,1,0.0,1209.323,1209.323,118.625,80.0,1,0.0,1209.323,1209.323,118.625,80.0,Horns Rev I,1706.04
794,9,74,10.982,240.0,0.086,80,70,2000,10.154,150,104,8,80,70,2000,0,0.0,0.0,0.0,0.0,0.0,0,0.0,0.0,0.0,0.0,0.0,Horns Rev I,1710.921
795,9,75,10.982,240.0,0.086,80,70,2000,10.154,150,104,8,80,70,2000,0,0.0,0.0,0.0,0.0,0.0,0,0.0,0.0,0.0,0.0,0.0,Horns Rev I,1712.388
796,9,76,10.982,240.0,0.086,80,70,2000,10.154,150,104,8,80,70,2000,0,0.0,0.0,0.0,0.0,0.0,0,0.0,0.0,0.0,0.0,0.0,Horns Rev I,1712.388
797,9,77,10.982,240.0,0.086,80,70,2000,10.154,150,104,8,80,70,2000,1,0.275,584.403,584.403,57.984,80.0,1,0.275,584.403,584.403,57.984,80.0,Horns Rev I,1452.214
798,9,78,10.982,240.0,0.086,80,70,2000,10.154,150,104,8,80,70,2000,0,0.0,0.0,0.0,0.0,0.0,0,0.0,0.0,0.0,0.0,0.0,Horns Rev I,1712.388
799,9,79,10.982,240.0,0.086,80,70,2000,10.154,150,104,8,80,70,2000,0,0.0,0.0,0.0,0.0,0.0,1,0.0,987.894,987.894,127.721,80.0,Horns Rev I,1708.848
800,10,0,6.36,90.0,0.066,80,70,2000,30.164,180,74,4,154,100,6000,1,0.0,488.259,488.259,102.251,80.0,1,0.0,488.259,488.259,102.251,80.0,Horns Rev I,345.274
801,10,1,6.36,90.0,0.066,80,70,2000,30.164,180,74,4,154,100,6000,0,0.0,0.0,0.0,0.0,0.0,0,0.0,0.0,0.0,0.0,0.0,Horns Rev I,352.175
802,10,2,6.36,90.0,0.066,80,70,2000,30.164,180,74,4,154,100,6000,1,0.001,415.291,415.291,79.934,80.0,1,0.001,415.291,415.291,79.934,80.0,Horns Rev I,321.029
803,10,3,6.36,90.0,0.066,80,70,2000,30.164,180,74,4,154,100,6000,4,0.722,3199.219,1611.182,101.66,80.0,8,0.722,3394.829,1611.182,101.66,80.0,Horns Rev I,227.098
804,10,4,6.36,90.0,0.066,80,70,2000,30.164,180,74,4,154,100,6000,3,0.499,1473.366,595.526,99.58,80.0,5,0.499,1661.849,595.526,99.58,80.0,Horns Rev I,210.401
805,10,5,6.36,90.0,0.066,80,70,2000,30.164,180,74,4,154,100,6000,1,0.038,1100.092,1100.092,76.93,80.0,1,0.038,1100.092,1100.092,76.93,80.0,Horns Rev I,311.696
806,10,6,6.36,90.0,0.066,80,70,2000,30.164,180,74,4,154,100,6000,2,0.908,2637.573,2394.045,28.643,80.0,3,0.908,2410.377,1955.984,139.35,80.0,Horns Rev I,190.878
807,10,7,6.36,90.0,0.066,80,70,2000,30.164,180,74,4,154,100,6000,1,0.0,1332.237,1332.237,80.843,80.0,2,0.0,1747.138,1332.237,80.843,80.0,Horns Rev I,317.921
808,10,8,6.36,90.0,0.066,80,70,2000,30.164,180,74,4,154,100,6000,0,0.0,0.0,0.0,0.0,0.0,0,0.0,0.0,0.0,0.0,0.0,Horns Rev I,352.171
809,10,9,6.36,90.0,0.066,80,70,2000,30.164,180,74,4,154,100,6000,1,0.0,513.062,513.062,85.548,80.0,2,0.0,1179.181,513.062,85.548,80.0,Horns Rev I,329.415
810,10,10,6.36,90.0,0.066,80,70,2000,30.164,180,74,4,154,100,6000,4,1.0,2563.508,424.049,56.573,80.0,7,1.0,2886.522,424.049,56.573,80.0,Horns Rev I,150.843
811,10,11,6.36,90.0,0.066,80,70,2000,30.164,180,74,4,154,100,6000,0,0.0,0.0,0.0,0.0,0.0,0,0.0,0.0,0.0,0.0,0.0,Horns Rev I,352.175
812,10,12,6.36,90.0,0.066,80,70,2000,30.164,180,74,4,154,100,6000,2,0.436,2108.184,702.647,45.146,80.0,3,0.436,2426.259,702.647,45.146,80.0,Horns Rev I,220.263
813,10,13,6.36,90.0,0.066,80,70,2000,30.164,180,74,4,154,100,6000,5,0.861,2641.141,1599.13,69.884,80.0,6,0.861,2872.886,1599.13,69.884,80.0,Horns Rev I,195.248
814,10,14,6.36,90.0,0.066,80,70,2000,30.164,180,74,4,154,100,6000,3,0.473,1702.96,1207.059,42.389,80.0,3,0.473,1702.96,1207.059,42.389,80.0,Horns Rev I,216.522
815,10,15,6.36,90.0,0.066,80,70,2000,30.164,180,74,4,154,100,6000,1,0.925,419.494,419.494,6.006,80.0,2,0.925,647.721,419.494,6.006,80.0,Horns Rev I,114.209
816,10,16,6.36,90.0,0.066,80,70,2000,30.164,180,74,4,154,100,6000,0,0.0,0.0,0.0,0.0,0.0,0,0.0,0.0,0.0,0.0,0.0,Horns Rev I,352.175
817,10,17,6.36,90.0,0.066,80,70,2000,30.164,180,74,4,154,100,6000,4,1.0,1627.092,1002.775,66.777,80.0,5,1.0,1943.219,1002.775,66.777,80.0,Horns Rev I,149.132
818,10,18,6.36,90.0,0.066,80,70,2000,30.164,180,74,4,154,100,6000,0,0.0,0.0,0.0,0.0,0.0,0,0.0,0.0,0.0,0.0,0.0,Horns Rev I,352.159
819,10,19,6.36,90.0,0.066,80,70,2000,30.164,180,74,4,154,100,6000,0,0.0,0.0,0.0,0.0,0.0,1,0.0,1557.998,1557.998,155.77,80.0,Horns Rev I,352.035
820,10,20,6.36,90.0,0.066,80,70,2000,30.164,180,74,4,154,100,6000,0,0.0,0.0,0.0,0.0,0.0,0,0.0,0.0,0.0,0.0,0.0,Horns Rev I,351.943
821,10,21,6.36,90.0,0.066,80,70,2000,30.164,180,74,4,154,100,6000,2,0.19,1340.715,1026.563,64.81,80.0,3,0.19,1566.256,1026.563,64.81,80.0,Horns Rev I,282.086
822,10,22,6.36,90.0,0.066,80,70,2000,30.164,180,74,4,154,100,6000,4,0.355,2370.832,433.832,65.713,80.0,6,0.355,2557.549,433.832,65.713,80.0,Horns Rev I,263.124
823,10,23,6.36,90.0,0.066,80,70,2000,30.164,180,74,4,154,100,6000,1,0.557,1104.614,1104.614,35.465,80.0,2,0.557,1289.968,1104.614,35.465,80.0,Horns Rev I,198.632
824,10,24,6.36,90.0,0.066,80,70,2000,30.164,180,74,4,154,100,6000,1,0.0,1143.938,1143.938,90.045,80.0,1,0.0,1143.938,1143.938,90.045,80.0,Horns Rev I,331.732
825,10,25,6.36,90.0,0.066,80,70,2000,30.164,180,74,4,154,100,6000,1,0.0,990.773,990.773,89.154,80.0,1,0.0,990.773,990.773,89.154,80.0,Horns Rev I,331.36
826,10,26,6.36,90.0,0.066,80,70,2000,30.164,180,74,4,154,100,6000,3,1.0,832.423,430.417,67.514,80.0,4,1.0,1049.224,430.417,67.514,80.0,Horns Rev I,136.325
827,10,27,6.36,90.0,0.066,80,70,2000,30.164,180,74,4,154,100,6000,4,1.0,2392.238,1352.214,117.581,80.0,6,1.0,2764.979,1352.214,117.581,80.0,Horns Rev I,112.317
828,10,28,6.36,90.0,0.066,80,70,2000,30.164,180,74,4,154,100,6000,1,0.624,487.056,487.056,30.055,80.0,1,0.624,487.056,487.056,30.055,80.0,Horns Rev I,164.086
829,10,29,6.36,90.0,0.066,80,70,2000,30.164,180,74,4,154,100,6000,2,0.115,1621.805,432.539,115.157,80.0,2,0.115,2585.418,2359.763,172.821,80.0,Horns Rev I,297.096
830,10,30,6.36,90.0,0.066,80,70,2000,30.164,180,74,4,154,100,6000,4,1.0,1965.158,488.033,39.671,80.0,6,1.0,2211.515,488.033,39.671,80.0,Horns Rev I,146.118
831,10,31,6.36,90.0,0.066,80,70,2000,30.164,180,74,4,154,100,6000,3,1.0,2290.412,1125.653,101.873,80.0,3,1.0,2290.412,1125.653,101.873,80.0,Horns Rev I,174.349
832,10,32,6.36,90.0,0.066,80,70,2000,30.164,180,74,4,154,100,6000,3,0.997,2358.386,1109.788,94.92,80.0,6,0.997,2772.278,1109.788,94.92,80.0,Horns Rev I,208.947
833,10,33,6.36,90.0,0.066,80,70,2000,30.164,180,74,4,154,100,6000,3,0.718,1813.158,803.942,82.207,80.0,6,0.718,2648.033,803.942,82.207,80.0,Horns Rev I,203.747
834,10,34,6.36,90.0,0.066,80,70,2000,30.164,180,74,4,154,100,6000,3,1.0,1202.219,476.409,1.19,80.0,3,1.0,1202.219,476.409,1.19,80.0,Horns Rev I,110.991
835,10,35,6.36,90.0,0.066,80,70,2000,30.164,180,74,4,154,100,6000,2,0.834,2903.378,2075.943,80.803,80.0,5,0.834,3551.069,2075.943,80.803,80.0,Horns Rev I,202.464
836,10,36,6.36,90.0,0.066,80,70,2000,30.164,180,74,4,154,100,6000,1,0.125,829.802,829.802,70.03,80.0,1,0.125,829.802,829.802,70.03,80.0,Horns Rev I,297.522
837,10,37,6.36,90.0,0.066,80,70,2000,30.164,180,74,4,154,100,6000,3,1.0,2465.758,1194.13,27.569,80.0,4,1.0,2291.863,1194.13,27.569,80.0,Horns Rev I,160.766
838,10,38,6.36,90.0,0.066,80,70,2000,30.164,180,74,4,154,100,6000,0,0.0,0.0,0.0,0.0,0.0,0,0.0,0.0,0.0,0.0,0.0,Horns Rev I,352.175
839,10,39,6.36,90.0,0.066,80,70,2000,30.164,180,74,4,154,100,6000,5,1.0,2417.233,1115.56,94.021,80.0,6,1.0,2650.688,1115.56,94.021,80.0,Horns Rev I,112.076
840,10,40,6.36,90.0,0.066,80,70,2000,30.164,180,74,4,154,100,6000,2,0.779,867.657,673.998,117.096,80.0,2,0.779,1768.882,1061.317,17.718,80.0,Horns Rev I,157.885
841,10,41,6.36,90.0,0.066,80,70,2000,30.164,180,74,4,154,100,6000,0,0.0,0.0,0.0,0.0,0.0,0,0.0,0.0,0.0,0.0,0.0,Horns Rev I,352.175
842,10,42,6.36,90.0,0.066,80,70,2000,30.164,180,74,4,154,100,6000,1,0.365,478.226,478.226,50.809,80.0,1,0.365,478.226,478.226,50.809,80.0,Horns Rev I,236.139
843,10,43,6.36,90.0,0.066,80,70,2000,30.164,180,74,4,154,100,6000,4,1.0,1597.58,492.555,8.363,80.0,6,1.0,1877.429,492.555,8.363,80.0,Horns Rev I,108.531
844,10,44,6.36,90.0,0.066,80,70,2000,30.164,180,74,4,154,100,6000,5,1.0,2411.162,577.671,43.161,80.0,5,1.0,2411.162,577.671,43.161,80.0,Horns Rev I,151.308
845,10,45,6.36,90.0,0.066,80,70,2000,30.164,180,74,4,154,100,6000,2,0.199,1446.113,997.637,112.449,80.0,2,0.199,1446.113,997.637,112.449,80.0,Horns Rev I,282.877
846,10,46,6.36,90.0,0.066,80,70,2000,30.164,180,74,4,154,100,6000,3,0.796,1839.849,1261.41,41.531,80.0,5,0.796,2428.01,1261.41,41.531,80.0,Horns Rev I,197.796
847,10,47,6.36,90.0,0.066,80,70,2000,30.164,180,74,4,154,100,6000,0,0.0,0.0,0.0,0.0,0.0,0,0.0,0.0,0.0,0.0,0.0,Horns Rev I,352.175
848,10,48,6.36,90.0,0.066,80,70,2000,30.164,180,74,4,154,100,6000,0,0.0,0.0,0.0,0.0,0.0,0,0.0,0.0,0.0,0.0,0.0,Horns Rev I,352.175
849,10,49,6.36,90.0,0.066,80,70,2000,30.164,180,74,4,154,100,6000,2,0.446,1907.443,1566.821,79.076,80.0,2,0.446,1907.443,1566.821,79.076,80.0,Horns Rev I,234.227
850,10,50,6.36,90.0,0.066,80,70,2000,30.164,180,74,4,154,100,6000,0,0.0,0.0,0.0,0.0,0.0,0,0.0,0.0,0.0,0.0,0.0,Horns Rev I,352.174
851,10,51,6.36,90.0,0.066,80,70,2000,30.164,180,74,4,154,100,6000,4,1.0,2063.733,1162.069,43.956,80.0,4,1.0,2063.733,1162.069,43.956,80.0,Horns Rev I,158.372
852,10,52,6.36,90.0,0.066,80,70,2000,30.164,180,74,4,154,100,6000,0,0.0,0.0,0.0,0.0,0.0,0,0.0,0.0,0.0,0.0,0.0,Horns Rev I,350.959
853,10,53,6.36,90.0,0.066,80,70,2000,30.164,180,74,4,154,100,6000,2,0.0,603.008,393.262,103.491,80.0,1,0.0,812.755,812.755,97.484,80.0,Horns Rev I,339.183
854,10,54,6.36,90.0,0.066,80,70,2000,30.164,180,74,4,154,100,6000,1,0.0,947.237,947.237,99.799,80.0,1,0.0,947.237,947.237,99.799,80.0,Horns Rev I,341.606
855,10,55,6.36,90.0,0.066,80,70,2000,30.164,180,74,4,154,100,6000,1,0.0,641.57,641.57,83.282,80.0,3,0.0,1152.719,641.57,83.282,80.0,Horns Rev I,325.052
856,10,56,6.36,90.0,0.066,80,70,2000,30.164,180,74,4,154,100,6000,2,0.213,1088.714,707.954,62.946,80.0,2,0.213,1088.714,707.954,62.946,80.0,Horns Rev I,272.844
857,10,57,6.36,90.0,0.066,80,70,2000,30.164,180,74,4,154,100,6000,4,1.0,3133.753,473.55,113.822,80.0,6,1.0,3509.908,2218.464,135.564,80.0,Horns Rev I,205.58
858,10,58,6.36,90.0,0.066,80,70,2000,30.164,180,74,4,154,100,6000,2,1.0,2096.033,1543.726,13.134,80.0,4,1.0,2342.798,1543.726,13.134,80.0,Horns Rev I,149.011
859,10,59,6.36,90.0,0.066,80,70,2000,30.164,180,74,4,154,100,6000,0,0.0,0.0,0.0,0.0,0.0,0,0.0,0.0,0.0,0.0,0.0,Horns Rev I,352.175
860,10,60,6.36,90.0,0.066,80,70,2000,30.164,180,74,4,154,100,6000,3,1.0,1650.399,716.488,20.108,80.0,4,1.0,1993.709,716.488,20.108,80.0,Horns Rev I,135.637
861,10,61,6.36,90.0,0.066,80,70,2000,30.164,180,74,4,154,100,6000,2,0.738,969.121,470.578,20.924,80.0,4,0.738,1932.633,470.578,20.924,80.0,Horns Rev I,139.044
862,10,62,6.36,90.0,0.066,80,70,2000,30.164,180,74,4,154,100,6000,0,0.0,0.0,0.0,0.0,0.0,0,0.0,0.0,0.0,0.0,0.0,Horns Rev I,351.457
863,10,63,6.36,90.0,0.066,80,70,2000,30.164,180,74,4,154,100,6000,0,0.0,0.0,0.0,0.0,0.0,0,0.0,0.0,0.0,0.0,0.0,Horns Rev I,352.175
864,10,64,6.36,90.0,0.066,80,70,2000,30.164,180,74,4,154,100,6000,0,0.0,0.0,0.0,0.0,0.0,0,0.0,0.0,0.0,0.0,0.0,Horns Rev I,352.175
865,10,65,6.36,90.0,0.066,80,70,2000,30.164,180,74,4,154,100,6000,0,0.0,0.0,0.0,0.0,0.0,0,0.0,0.0,0.0,0.0,0.0,Horns Rev I,352.164
866,10,66,6.36,90.0,0.066,80,70,2000,30.164,180,74,4,154,100,6000,3,1.0,2592.779,547.498,64.72,80.0,9,1.0,2948.41,547.498,64.72,80.0,Horns Rev I,182.103
867,10,67,6.36,90.0,0.066,80,70,2000,30.164,180,74,4,154,100,6000,2,1.0,1431.239,483.944,19.706,80.0,3,1.0,1448.019,483.944,19.706,80.0,Horns Rev I,122.183
868,10,68,6.36,90.0,0.066,80,70,2000,30.164,180,74,4,154,100,6000,3,1.0,2059.354,1127.576,45.761,80.0,6,1.0,2850.618,1127.576,45.761,80.0,Horns Rev I,174.328
869,10,69,6.36,90.0,0.066,80,70,2000,30.164,180,74,4,154,100,6000,0,0.0,0.0,0.0,0.0,0.0,0,0.0,0.0,0.0,0.0,0.0,Horns Rev I,352.175
870,10,70,6.36,90.0,0.066,80,70,2000,30.164,180,74,4,154,100,6000,3,1.0,1055.486,468.364,59.506,80.0,3,1.0,1055.486,468.364,59.506,80.0,Horns Rev I,155.89
871,10,71,6.36,90.0,0.066,80,70,2000,30.164,180,74,4,154,100,6000,2,0.1,3537.373,3293.845,102.028,80.0,3,0.1,3027.038,2006.366,129.72,80.0,Horns Rev I,297.076
872,10,72,6.36,90.0,0.066,80,70,2000,30.164,180,74,4,154,100,6000,3,1.0,2233.307,570.313,47.791,80.0,5,1.0,2740.792,570.313,47.791,80.0,Horns Rev I,169.749
873,10,73,6.36,90.0,0.066,80,70,2000,30.164,180,74,4,154,100,6000,2,0.401,1880.223,1670.962,91.099,80.0,2,0.401,1880.223,1670.962,91.099,80.0,Horns Rev I,242.525
874,10,74,6.36,90.0,0.066,80,70,2000,30.164,180,74,4,154,100,6000,1,0.0,997.086,997.086,116.273,80.0,2,0.0,1853.599,997.086,116.273,80.0,Horns Rev I,348.991
875,10,75,6.36,90.0,0.066,80,70,2000,30.164,180,74,4,154,100,6000,3,1.0,2777.777,862.582,49.187,80.0,5,1.0,2611.342,862.582,49.187,80.0,Horns Rev I,171.223
876,10,76,6.36,90.0,0.066,80,70,2000,30.164,180,74,4,154,100,6000,5,1.0,2847.266,399.303,46.002,80.0,7,1.0,2671.321,399.303,46.002,80.0,Horns Rev I,155.675
877,10,77,6.36,90.0,0.066,80,70,2000,30.164,180,74,4,154,100,6000,4,0.902,1592.319,454.858,87.469,80.0,5,0.902,1970.206,454.858,87.469,80.0,Horns Rev I,168.464
878,10,78,6.36,90.0,0.066,80,70,2000,30.164,180,74,4,154,100,6000,4,1.0,2886.718,407.493,109.58,80.0,5,1.0,3317.036,1535.069,155.342,80.0,Horns Rev I,146.546
879,10,79,6.36,90.0,0.066,80,70,2000,30.164,180,74,4,154,100,6000,2,0.753,1902.041,1428.422,74.997,80.0,4,0.753,2479.645,1428.422,74.997,80.0,Horns Rev I,193.787
880,11,0,11.281,60.0,0.058,80,70,2000,43.403,0,30,6,112,84,3450,0,0.0,0.0,0.0,0.0,0.0,0,0.0,0.0,0.0,0.0,0.0,Horns Rev I,1783.246
881,11,1,11.281,60.0,0.058,80,70,2000,43.403,0,30,6,112,84,3450,0,0.0,0.0,0.0,0.0,0.0,0,0.0,0.0,0.0,0.0,0.0,Horns Rev I,1783.299
882,11,2,11.281,60.0,0.058,80,70,2000,43.403,0,30,6,112,84,3450,0,0.0,0.0,0.0,0.0,0.0,0,0.0,0.0,0.0,0.0,0.0,Horns Rev I,1783.177
883,11,3,11.281,60.0,0.058,80,70,2000,43.403,0,30,6,112,84,3450,4,1.0,2377.692,700.392,7.614,80.0,6,1.0,2785.923,700.392,7.614,80.0,Horns Rev I,756.366
884,11,4,11.281,60.0,0.058,80,70,2000,43.403,0,30,6,112,84,3450,0,0.0,0.0,0.0,0.0,0.0,0,0.0,0.0,0.0,0.0,0.0,Horns Rev I,1783.299
885,11,5,11.281,60.0,0.058,80,70,2000,43.403,0,30,6,112,84,3450,1,0.0,396.751,396.751,88.033,80.0,1,0.0,396.751,396.751,88.033,80.0,Horns Rev I,1755.999
886,11,6,11.281,60.0,0.058,80,70,2000,43.403,0,30,6,112,84,3450,3,0.362,2162.358,749.515,54.101,80.0,4,0.362,2152.737,749.515,54.101,80.0,Horns Rev I,1481.746
887,11,7,11.281,60.0,0.058,80,70,2000,43.403,0,30,6,112,84,3450,1,0.0,809.135,809.135,92.353,80.0,3,0.0,1831.814,809.135,92.353,80.0,Horns Rev I,1756.163
888,11,8,11.281,60.0,0.058,80,70,2000,43.403,0,30,6,112,84,3450,1,0.081,463.368,463.368,73.545,80.0,1,0.081,463.368,463.368,73.545,80.0,Horns Rev I,1700.035
889,11,9,11.281,60.0,0.058,80,70,2000,43.403,0,30,6,112,84,3450,4,1.0,2201.006,1028.213,35.614,80.0,4,1.0,2201.006,1028.213,35.614,80.0,Horns Rev I,807.7
890,11,10,11.281,60.0,0.058,80,70,2000,43.403,0,30,6,112,84,3450,3,0.543,1301.827,584.403,57.984,80.0,3,0.543,1301.827,584.403,57.984,80.0,Horns Rev I,1409.722
891,11,11,11.281,60.0,0.058,80,70,2000,43.403,0,30,6,112,84,3450,0,0.0,0.0,0.0,0.0,0.0,0,0.0,0.0,0.0,0.0,0.0,Horns Rev I,1783.299
892,11,12,11.281,60.0,0.058,80,70,2000,43.403,0,30,6,112,84,3450,2,0.462,1843.416,1370.452,81.645,80.0,3,0.462,2392.027,1370.452,81.645,80.0,Horns Rev I,1408.144
893,11,13,11.281,60.0,0.058,80,70,2000,43.403,0,30,6,112,84,3450,3,1.0,1408.373,595.637,15.823,80.0,4,1.0,1760.145,595.637,15.823,80.0,Horns Rev I,527.42
894,11,14,11.281,60.0,0.058,80,70,2000,43.403,0,30,6,112,84,3450,1,0.44,806.931,806.931,44.785,80.0,1,0.44,806.931,806.931,44.785,80.0,Horns Rev I,1388.545
895,11,15,11.281,60.0,0.058,80,70,2000,43.403,0,30,6,112,84,3450,2,0.207,1321.17,1117.012,97.598,80.0,2,0.207,1321.17,1117.012,97.598,80.0,Horns Rev I,1617.03
896,11,16,11.281,60.0,0.058,80,70,2000,43.403,0,30,6,112,84,3450,0,0.0,0.0,0.0,0.0,0.0,0,0.0,0.0,0.0,0.0,0.0,Horns Rev I,1783.299
897,11,17,11.281,60.0,0.058,80,70,2000,43.403,0,30,6,112,84,3450,2,0.309,1683.885,927.01,55.277,80.0,4,0.309,2108.922,927.01,55.277,80.0,Horns Rev I,1457.006
898,11,18,11.281,60.0,0.058,80,70,2000,43.403,0,30,6,112,84,3450,1,0.04,602.21,602.21,76.779,80.0,1,0.04,602.21,602.21,76.779,80.0,Horns Rev I,1706.293
899,11,19,11.281,60.0,0.058,80,70,2000,43.403,0,30,6,112,84,3450,3,0.406,2659.133,1701.338,102.998,80.0,7,0.406,3732.044,1701.338,102.998,80.0,Horns Rev I,1472.226
900,11,20,11.281,60.0,0.058,80,70,2000,43.403,0,30,6,112,84,3450,1,0.0,431.949,431.949,88.888,80.0,1,0.0,431.949,431.949,88.888,80.0,Horns Rev I,1757.276
901,11,21,11.281,60.0,0.058,80,70,2000,43.403,0,30,6,112,84,3450,3,0.211,1819.358,806.387,65.248,80.0,3,0.211,1819.358,806.387,65.248,80.0,Horns Rev I,1566.403
902,11,22,11.281,60.0,0.058,80,70,2000,43.403,0,30,6,112,84,3450,6,1.0,2716.915,1062.358,93.84,80.0,9,1.0,3069.619,1062.358,93.84,80.0,Horns Rev I,891.996
903,11,23,11.281,60.0,0.058,80,70,2000,43.403,0,30,6,112,84,3450,0,0.0,0.0,0.0,0.0,0.0,1,0.0,1600.255,1600.255,135.483,80.0,Horns Rev I,1782.417
904,11,24,11.281,60.0,0.058,80,70,2000,43.403,0,30,6,112,84,3450,2,0.803,719.455,521.079,15.74,80.0,2,0.803,719.455,521.079,15.74,80.0,Horns Rev I,900.125
905,11,25,11.281,60.0,0.058,80,70,2000,43.403,0,30,6,112,84,3450,1,0.594,1007.519,1007.519,32.478,80.0,2,0.594,1223.493,1007.519,32.478,80.0,Horns Rev I,1204.891
906,11,26,11.281,60.0,0.058,80,70,2000,43.403,0,30,6,112,84,3450,0,0.0,0.0,0.0,0.0,0.0,3,0.0,1870.962,1374.357,127.506,80.0,Horns Rev I,1779.835
907,11,27,11.281,60.0,0.058,80,70,2000,43.403,0,30,6,112,84,3450,2,0.989,2534.065,831.268,73.586,80.0,6,0.989,2675.708,831.268,73.586,80.0,Horns Rev I,1256.442
908,11,28,11.281,60.0,0.058,80,70,2000,43.403,0,30,6,112,84,3450,0,0.0,0.0,0.0,0.0,0.0,0,0.0,0.0,0.0,0.0,0.0,Horns Rev I,1783.299
909,11,29,11.281,60.0,0.058,80,70,2000,43.403,0,30,6,112,84,3450,5,0.889,1758.428,432.168,116.541,80.0,4,0.889,2089.993,1322.356,88.25,80.0,Horns Rev I,1247.771
910,11,30,11.281,60.0,0.058,80,70,2000,43.403,0,30,6,112,84,3450,1,0.428,2962.248,2962.248,45.77,80.0,2,0.428,2742.468,2522.688,149.342,80.0,Horns Rev I,1476.146
911,11,31,11.281,60.0,0.058,80,70,2000,43.403,0,30,6,112,84,3450,4,0.65,2915.09,1799.505,49.289,80.0,5,0.65,2770.437,1799.505,49.289,80.0,Horns Rev I,1313.409
912,11,32,11.281,60.0,0.058,80,70,2000,43.403,0,30,6,112,84,3450,0,0.0,0.0,0.0,0.0,0.0,0,0.0,0.0,0.0,0.0,0.0,Horns Rev I,1783.299
913,11,33,11.281,60.0,0.058,80,70,2000,43.403,0,30,6,112,84,3450,1,0.153,700.365,700.365,67.763,80.0,1,0.153,700.365,700.365,67.763,80.0,Horns Rev I,1658.604
914,11,34,11.281,60.0,0.058,80,70,2000,43.403,0,30,6,112,84,3450,1,0.842,1186.429,1186.429,12.642,80.0,2,0.842,1386.239,1186.429,12.642,80.0,Horns Rev I,1021.169
915,11,35,11.281,60.0,0.058,80,70,2000,43.403,0,30,6,112,84,3450,4,1.0,1856.466,800.187,56.416,80.0,4,1.0,1856.466,800.187,56.416,80.0,Horns Rev I,930.159
916,11,36,11.281,60.0,0.058,80,70,2000,43.403,0,30,6,112,84,3450,0,0.0,0.0,0.0,0.0,0.0,0,0.0,0.0,0.0,0.0,0.0,Horns Rev I,1782.753
917,11,37,11.281,60.0,0.058,80,70,2000,43.403,0,30,6,112,84,3450,3,0.0,2412.196,1209.323,118.625,80.0,3,0.0,2412.196,1209.323,118.625,80.0,Horns Rev I,1708.581
918,11,38,11.281,60.0,0.058,80,70,2000,43.403,0,30,6,112,84,3450,0,0.0,0.0,0.0,0.0,0.0,0,0.0,0.0,0.0,0.0,0.0,Horns Rev I,1783.299
919,11,39,11.281,60.0,0.058,80,70,2000,43.403,0,30,6,112,84,3450,4,1.0,3160.956,1400.007,0.412,80.0,6,1.0,3311.402,1400.007,0.412,80.0,Horns Rev I,826.921
920,11,40,11.281,60.0,0.058,80,70,2000,43.403,0,30,6,112,84,3450,2,0.486,2131.714,1369.051,41.108,80.0,3,0.486,2249.83,1369.051,41.108,80.0,Horns Rev I,1321.671
921,11,41,11.281,60.0,0.058,80,70,2000,43.403,0,30,6,112,84,3450,0,0.0,0.0,0.0,0.0,0.0,0,0.0,0.0,0.0,0.0,0.0,Horns Rev I,1783.299
922,11,42,11.281,60.0,0.058,80,70,2000,43.403,0,30,6,112,84,3450,0,0.0,0.0,0.0,0.0,0.0,0,0.0,0.0,0.0,0.0,0.0,Horns Rev I,1783.299
923,11,43,11.281,60.0,0.058,80,70,2000,43.403,0,30,6,112,84,3450,0,0.0,0.0,0.0,0.0,0.0,0,0.0,0.0,0.0,0.0,0.0,Horns Rev I,1783.299
924,11,44,11.281,60.0,0.058,80,70,2000,43.403,0,30,6,112,84,3450,3,0.471,1963.201,1003.45,42.359,80.0,5,0.471,2502.637,1003.45,42.359,80.0,Horns Rev I,1301.821
925,11,45,11.281,60.0,0.058,80,70,2000,43.403,0,30,6,112,84,3450,2,0.675,1255.409,455.282,26.009,80.0,3,0.675,1261.835,455.282,26.009,80.0,Horns Rev I,1025.133
926,11,46,11.281,60.0,0.058,80,70,2000,43.403,0,30,6,112,84,3450,4,0.949,3109.914,2163.538,29.046,80.0,4,0.949,3109.914,2163.538,29.046,80.0,Horns Rev I,1120.511
927,11,47,11.281,60.0,0.058,80,70,2000,43.403,0,30,6,112,84,3450,0,0.0,0.0,0.0,0.0,0.0,0,0.0,0.0,0.0,0.0,0.0,Horns Rev I,1783.299
928,11,48,11.281,60.0,0.058,80,70,2000,43.403,0,30,6,112,84,3450,0,0.0,0.0,0.0,0.0,0.0,0,0.0,0.0,0.0,0.0,0.0,Horns Rev I,1783.299
929,11,49,11.281,60.0,0.058,80,70,2000,43.403,0,30,6,112,84,3450,0,0.0,0.0,0.0,0.0,0.0,1,0.0,945.927,945.927,124.654,80.0,Horns Rev I,1781.568
930,11,50,11.281,60.0,0.058,80,70,2000,43.403,0,30,6,112,84,3450,1,0.573,408.314,408.314,34.194,80.0,1,0.573,408.314,408.314,34.194,80.0,Horns Rev I,1153.669
931,11,51,11.281,60.0,0.058,80,70,2000,43.403,0,30,6,112,84,3450,2,0.263,1439.626,1179.086,61.621,80.0,4,0.263,1873.983,1179.086,61.621,80.0,Horns Rev I,1530.925
932,11,52,11.281,60.0,0.058,80,70,2000,43.403,0,30,6,112,84,3450,1,0.582,780.851,780.851,33.426,80.0,1,0.582,780.851,780.851,33.426,80.0,Horns Rev I,1204.495
933,11,53,11.281,60.0,0.058,80,70,2000,43.403,0,30,6,112,84,3450,3,1.0,1273.1,392.32,107.005,80.0,2,1.0,1713.489,1509.332,9.407,80.0,Horns Rev I,880.576
934,11,54,11.281,60.0,0.058,80,70,2000,43.403,0,30,6,112,84,3450,3,0.625,1563.724,1087.093,61.751,80.0,3,0.625,1563.724,1087.093,61.751,80.0,Horns Rev I,1401.512
935,11,55,11.281,60.0,0.058,80,70,2000,43.403,0,30,6,112,84,3450,0,0.0,0.0,0.0,0.0,0.0,0,0.0,0.0,0.0,0.0,0.0,Horns Rev I,1783.299
936,11,56,11.281,60.0,0.058,80,70,2000,43.403,0,30,6,112,84,3450,1,0.0,1172.871,1172.871,86.111,80.0,1,0.0,1172.871,1172.871,86.111,80.0,Horns Rev I,1741.765
937,11,57,11.281,60.0,0.058,80,70,2000,43.403,0,30,6,112,84,3450,0,0.0,0.0,0.0,0.0,0.0,0,0.0,0.0,0.0,0.0,0.0,Horns Rev I,1783.085
938,11,58,11.281,60.0,0.058,80,70,2000,43.403,0,30,6,112,84,3450,3,0.669,2347.932,1699.224,112.563,80.0,4,0.669,2082.461,1286.047,124.611,80.0,Horns Rev I,1288.518
939,11,59,11.281,60.0,0.058,80,70,2000,43.403,0,30,6,112,84,3450,0,0.0,0.0,0.0,0.0,0.0,0,0.0,0.0,0.0,0.0,0.0,Horns Rev I,1783.299
940,11,60,11.281,60.0,0.058,80,70,2000,43.403,0,30,6,112,84,3450,1,0.436,1041.512,1041.512,45.158,80.0,1,0.436,1041.512,1041.512,45.158,80.0,Horns Rev I,1407.221
941,11,61,11.281,60.0,0.058,80,70,2000,43.403,0,30,6,112,84,3450,2,1.0,1219.104,815.639,26.758,80.0,2,1.0,1219.104,815.639,26.758,80.0,Horns Rev I,779.572
942,11,62,11.281,60.0,0.058,80,70,2000,43.403,0,30,6,112,84,3450,1,0.0,458.626,458.626,118.544,80.0,0,0.0,0.0,0.0,0.0,0.0,Horns Rev I,1779.687
943,11,63,11.281,60.0,0.058,80,70,2000,43.403,0,30,6,112,84,3450,1,0.816,512.642,512.642,14.696,80.0,1,0.816,512.642,512.642,14.696,80.0,Horns Rev I,903.021
944,11,64,11.281,60.0,0.058,80,70,2000,43.403,0,30,6,112,84,3450,0,0.0,0.0,0.0,0.0,0.0,0,0.0,0.0,0.0,0.0,0.0,Horns Rev I,1783.299
945,11,65,11.281,60.0,0.058,80,70,2000,43.403,0,30,6,112,84,3450,1,0.31,815.907,815.907,55.207,80.0,1,0.31,815.907,815.907,55.207,80.0,Horns Rev I,1534.938
946,11,66,11.281,60.0,0.058,80,70,2000,43.403,0,30,6,112,84,3450,2,0.569,1306.866,556.18,54.731,80.0,2,0.569,1306.866,556.18,54.731,80.0,Horns Rev I,1435.541
947,11,67,11.281,60.0,0.058,80,70,2000,43.403,0,30,6,112,84,3450,2,0.647,1921.703,1513.749,28.218,80.0,3,0.647,1913.704,1513.749,28.218,80.0,Horns Rev I,1142.531
948,11,68,11.281,60.0,0.058,80,70,2000,43.403,0,30,6,112,84,3450,4,1.0,2390.639,685.24,108.032,80.0,8,1.0,2957.717,685.24,108.032,80.0,Horns Rev I,1133.555
949,11,69,11.281,60.0,0.058,80,70,2000,43.403,0,30,6,112,84,3450,0,0.0,0.0,0.0,0.0,0.0,0,0.0,0.0,0.0,0.0,0.0,Horns Rev I,1783.299
950,11,70,11.281,60.0,0.058,80,70,2000,43.403,0,30,6,112,84,3450,0,0.0,0.0,0.0,0.0,0.0,0,0.0,0.0,0.0,0.0,0.0,Horns Rev I,1783.299
951,11,71,11.281,60.0,0.058,80,70,2000,43.403,0,30,6,112,84,3450,6,1.0,2521.811,1056.455,1.791,80.0,6,1.0,2521.811,1056.455,1.791,80.0,Horns Rev I,756.669
952,11,72,11.281,60.0,0.058,80,70,2000,43.403,0,30,6,112,84,3450,1,0.0,1501.371,1501.371,114.458,80.0,2,0.0,1285.998,1070.624,124.577,80.0,Horns Rev I,1777.424
953,11,73,11.281,60.0,0.058,80,70,2000,43.403,0,30,6,112,84,3450,3,0.998,974.153,494.516,103.609,80.0,3,0.998,974.153,494.516,103.609,80.0,Horns Rev I,1009.559
954,11,74,11.281,60.0,0.058,80,70,2000,43.403,0,30,6,112,84,3450,1,0.715,1822.756,1822.756,22.775,80.0,2,0.715,2042.536,1822.756,22.775,80.0,Horns Rev I,1178.243
955,11,75,11.281,60.0,0.058,80,70,2000,43.403,0,30,6,112,84,3450,5,1.0,2961.482,473.551,4.619,80.0,6,1.0,2632.55,473.551,4.619,80.0,Horns Rev I,577.795
956,11,76,11.281,60.0,0.058,80,70,2000,43.403,0,30,6,112,84,3450,4,0.699,2674.288,624.479,71.058,80.0,8,0.699,3127.564,624.479,71.058,80.0,Horns Rev I,1358.293
957,11,77,11.281,60.0,0.058,80,70,2000,43.403,0,30,6,112,84,3450,2,1.0,1076.135,555.379,45.72,80.0,2,1.0,1076.135,555.379,45.72,80.0,Horns Rev I,882.34
958,11,78,11.281,60.0,0.058,80,70,2000,43.403,0,30,6,112,84,3450,5,1.0,2536.707,625.868,58.918,80.0,8,1.0,2909.123,625.868,58.918,80.0,Horns Rev I,1145.295
959,11,79,11.281,60.0,0.058,80,70,2000,43.403,0,30,6,112,84,3450,3,1.0,2358.045,445.526,67.678,80.0,6,1.0,2003.808,445.526,67.678,80.0,Horns Rev I,998.83
960,12,0,5.837,120.0,0.089,80,70,2000,40.275,180,139,7,80,70,2000,0,0.0,0.0,0.0,0.0,0.0,0,0.0,0.0,0.0,0.0,0.0,Horns Rev I,267.717
961,12,1,5.837,120.0,0.089,80,70,2000,40.275,180,139,7,80,70,2000,1,0.065,439.25,439.25,74.806,80.0,1,0.065,439.25,439.25,74.806,80.0,Horns Rev I,235.421
962,12,2,5.837,120.0,0.089,80,70,2000,40.275,180,139,7,80,70,2000,2,0.453,902.036,682.411,43.797,80.0,2,0.453,902.036,682.411,43.797,80.0,Horns Rev I,162.958
963,12,3,5.837,120.0,0.089,80,70,2000,40.275,180,139,7,80,70,2000,3,0.417,1712.516,526.742,97.515,80.0,5,0.417,1955.673,526.742,97.515,80.0,Horns Rev I,186.225
964,12,4,5.837,120.0,0.089,80,70,2000,40.275,180,139,7,80,70,2000,2,1.0,2507.999,1329.006,31.143,80.0,5,1.0,2546.053,1329.006,31.143,80.0,Horns Rev I,129.644
965,12,5,5.837,120.0,0.089,80,70,2000,40.275,180,139,7,80,70,2000,1,0.0,1793.148,1793.148,87.95,80.0,1,0.0,1793.148,1793.148,87.95,80.0,Horns Rev I,247.417
966,12,6,5.837,120.0,0.089,80,70,2000,40.275,180,139,7,80,70,2000,0,0.0,0.0,0.0,0.0,0.0,0,0.0,0.0,0.0,0.0,0.0,Horns Rev I,267.756
967,12,7,5.837,120.0,0.089,80,70,2000,40.275,180,139,7,80,70,2000,0,0.0,0.0,0.0,0.0,0.0,0,0.0,0.0,0.0,0.0,0.0,Horns Rev I,267.878
968,12,8,5.837,120.0,0.089,80,70,2000,40.275,180,139,7,80,70,2000,1,0.075,944.8,944.8,73.985,80.0,1,0.075,944.8,944.8,73.985,80.0,Horns Rev I,232.158
969,12,9,5.837,120.0,0.089,80,70,2000,40.275,180,139,7,80,70,2000,0,0.0,0.0,0.0,0.0,0.0,0,0.0,0.0,0.0,0.0,0.0,Horns Rev I,267.878
970,12,10,5.837,120.0,0.089,80,70,2000,40.275,180,139,7,80,70,2000,6,1.0,3000.066,1243.54,83.5,80.0,8,1.0,3051.44,1243.54,83.5,80.0,Horns Rev I,119.834
971,12,11,5.837,120.0,0.089,80,70,2000,40.275,180,139,7,80,70,2000,1,0.395,638.31,638.31,48.409,80.0,1,0.395,638.31,638.31,48.409,80.0,Horns Rev I,174.347
972,12,12,5.837,120.0,0.089,80,70,2000,40.275,180,139,7,80,70,2000,1,0.0,1893.919,1893.919,110.4,80.0,2,0.0,2095.337,1893.919,110.4,80.0,Horns Rev I,261.645
973,12,13,5.837,120.0,0.089,80,70,2000,40.275,180,139,7,80,70,2000,4,0.435,2602.898,461.753,71.474,80.0,7,0.435,2966.845,461.753,71.474,80.0,Horns Rev I,191.113
974,12,14,5.837,120.0,0.089,80,70,2000,40.275,180,139,7,80,70,2000,3,1.0,2034.783,1545.849,8.549,80.0,6,1.0,2596.868,1545.849,8.549,80.0,Horns Rev I,77.125
975,12,15,5.837,120.0,0.089,80,70,2000,40.275,180,139,7,80,70,2000,0,0.0,0.0,0.0,0.0,0.0,1,0.0,1591.458,1591.458,133.747,80.0,Horns Rev I,266.873
976,12,16,5.837,120.0,0.089,80,70,2000,40.275,180,139,7,80,70,2000,0,0.0,0.0,0.0,0.0,0.0,0,0.0,0.0,0.0,0.0,0.0,Horns Rev I,267.878
977,12,17,5.837,120.0,0.089,80,70,2000,40.275,180,139,7,80,70,2000,1,0.215,413.43,413.43,62.831,80.0,1,0.215,413.43,413.43,62.831,80.0,Horns Rev I,210.144
978,12,18,5.837,120.0,0.089,80,70,2000,40.275,180,139,7,80,70,2000,1,0.0,628.782,628.782,81.576,80.0,1,0.0,628.782,628.782,81.576,80.0,Horns Rev I,244.689
979,12,19,5.837,120.0,0.089,80,70,2000,40.275,180,139,7,80,70,2000,0,0.0,0.0,0.0,0.0,0.0,0,0.0,0.0,0.0,0.0,0.0,Horns Rev I,267.878
980,12,20,5.837,120.0,0.089,80,70,2000,40.275,180,139,7,80,70,2000,0,0.0,0.0,0.0,0.0,0.0,0,0.0,0.0,0.0,0.0,0.0,Horns Rev I,267.878
981,12,21,5.837,120.0,0.089,80,70,2000,40.275,180,139,7,80,70,2000,3,1.0,1783.961,506.677,23.439,80.0,4,1.0,2117.283,506.677,23.439,80.0,Horns Rev I,94.463
982,12,22,5.837,120.0,0.089,80,70,2000,40.275,180,139,7,80,70,2000,0,0.0,0.0,0.0,0.0,0.0,0,0.0,0.0,0.0,0.0,0.0,Horns Rev I,267.868
983,12,23,5.837,120.0,0.089,80,70,2000,40.275,180,139,7,80,70,2000,2,0.549,1523.913,1198.643,47.889,80.0,2,0.549,1523.913,1198.643,47.889,80.0,Horns Rev I,170.59
984,12,24,5.837,120.0,0.089,80,70,2000,40.275,180,139,7,80,70,2000,1,0.108,2357.987,2357.987,71.335,80.0,3,0.108,1777.251,1267.925,128.046,80.0,Horns Rev I,226.125
985,12,25,5.837,120.0,0.089,80,70,2000,40.275,180,139,7,80,70,2000,1,0.774,949.268,949.268,18.081,80.0,1,0.774,949.268,949.268,18.081,80.0,Horns Rev I,117.721
986,12,26,5.837,120.0,0.089,80,70,2000,40.275,180,139,7,80,70,2000,0,0.0,0.0,0.0,0.0,0.0,0,0.0,0.0,0.0,0.0,0.0,Horns Rev I,267.825
987,12,27,5.837,120.0,0.089,80,70,2000,40.275,180,139,7,80,70,2000,2,1.0,1337.935,1131.22,59.824,80.0,3,1.0,1562.847,1131.22,59.824,80.0,Horns Rev I,115.087
988,12,28,5.837,120.0,0.089,80,70,2000,40.275,180,139,7,80,70,2000,0,0.0,0.0,0.0,0.0,0.0,0,0.0,0.0,0.0,0.0,0.0,Horns Rev I,267.878
989,12,29,5.837,120.0,0.089,80,70,2000,40.275,180,139,7,80,70,2000,1,0.44,736.417,736.417,44.763,80.0,2,0.44,1538.008,736.417,44.763,80.0,Horns Rev I,166.348
990,12,30,5.837,120.0,0.089,80,70,2000,40.275,180,139,7,80,70,2000,2,0.909,2343.21,1990.465,74.618,80.0,6,0.909,3169.447,1990.465,74.618,80.0,Horns Rev I,145.352
991,12,31,5.837,120.0,0.089,80,70,2000,40.275,180,139,7,80,70,2000,0,0.0,0.0,0.0,0.0,0.0,0,0.0,0.0,0.0,0.0,0.0,Horns Rev I,267.755
992,12,32,5.837,120.0,0.089,80,70,2000,40.275,180,139,7,80,70,2000,5,1.0,2485.888,504.778,64.445,80.0,12,1.0,3285.153,504.778,64.445,80.0,Horns Rev I,134.789
993,12,33,5.837,120.0,0.089,80,70,2000,40.275,180,139,7,80,70,2000,4,1.0,3478.767,936.896,21.377,80.0,7,1.0,3566.87,936.896,21.377,80.0,Horns Rev I,89.472
994,12,34,5.837,120.0,0.089,80,70,2000,40.275,180,139,7,80,70,2000,2,0.138,2029.389,1782.722,106.027,80.0,2,0.138,2029.389,1782.722,106.027,80.0,Horns Rev I,222.071
995,12,35,5.837,120.0,0.089,80,70,2000,40.275,180,139,7,80,70,2000,3,1.0,3961.036,3482.885,44.191,80.0,4,1.0,3368.019,1588.966,154.591,80.0,Horns Rev I,156.406
996,12,36,5.837,120.0,0.089,80,70,2000,40.275,180,139,7,80,70,2000,0,0.0,0.0,0.0,0.0,0.0,0,0.0,0.0,0.0,0.0,0.0,Horns Rev I,267.878
997,12,37,5.837,120.0,0.089,80,70,2000,40.275,180,139,7,80,70,2000,3,1.0,1814.353,465.846,39.424,80.0,6,1.0,2025.585,465.846,39.424,80.0,Horns Rev I,105.62
998,12,38,5.837,120.0,0.089,80,70,2000,40.275,180,139,7,80,70,2000,0,0.0,0.0,0.0,0.0,0.0,0,0.0,0.0,0.0,0.0,0.0,Horns Rev I,267.878
999,12,39,5.837,120.0,0.089,80,70,2000,40.275,180,139,7,80,70,2000,2,0.271,863.564,581.959,76.789,80.0,3,0.271,1355.045,581.959,76.789,80.0,Horns Rev I,202.722
1000,12,40,5.837,120.0,0.089,80,70,2000,40.275,180,139,7,80,70,2000,0,0.0,0.0,0.0,0.0,0.0,0,0.0,0.0,0.0,0.0,0.0,Horns Rev I,267.735
1001,12,41,5.837,120.0,0.089,80,70,2000,40.275,180,139,7,80,70,2000,0,0.0,0.0,0.0,0.0,0.0,0,0.0,0.0,0.0,0.0,0.0,Horns Rev I,267.878
1002,12,42,5.837,120.0,0.089,80,70,2000,40.275,180,139,7,80,70,2000,1,0.201,1179.055,1179.055,63.882,80.0,1,0.201,1179.055,1179.055,63.882,80.0,Horns Rev I,213.573
1003,12,43,5.837,120.0,0.089,80,70,2000,40.275,180,139,7,80,70,2000,6,0.707,3030.83,959.022,98.955,80.0,7,0.707,2896.838,959.022,98.955,80.0,Horns Rev I,169.738
1004,12,44,5.837,120.0,0.089,80,70,2000,40.275,180,139,7,80,70,2000,3,0.481,2425.133,1399.795,69.044,80.0,5,0.481,2618.757,1399.795,69.044,80.0,Horns Rev I,190.801
1005,12,45,5.837,120.0,0.089,80,70,2000,40.275,180,139,7,80,70,2000,3,0.131,1141.6,705.49,87.277,80.0,3,0.131,1141.6,705.49,87.277,80.0,Horns Rev I,220.824
1006,12,46,5.837,120.0,0.089,80,70,2000,40.275,180,139,7,80,70,2000,1,0.761,530.836,530.836,19.104,80.0,2,0.761,842.951,530.836,19.104,80.0,Horns Rev I,104.2
1007,12,47,5.837,120.0,0.089,80,70,2000,40.275,180,139,7,80,70,2000,0,0.0,0.0,0.0,0.0,0.0,0,0.0,0.0,0.0,0.0,0.0,Horns Rev I,267.878
1008,12,48,5.837,120.0,0.089,80,70,2000,40.275,180,139,7,80,70,2000,0,0.0,0.0,0.0,0.0,0.0,0,0.0,0.0,0.0,0.0,0.0,Horns Rev I,267.878
1009,12,49,5.837,120.0,0.089,80,70,2000,40.275,180,139,7,80,70,2000,2,0.209,1915.925,1628.056,63.299,80.0,3,0.209,2147.474,1628.056,63.299,80.0,Horns Rev I,212.659
1010,12,50,5.837,120.0,0.089,80,70,2000,40.275,180,139,7,80,70,2000,1,0.536,493.335,493.335,37.092,80.0,1,0.536,493.335,493.335,37.092,80.0,Horns Rev I,140.864
1011,12,51,5.837,120.0,0.089,80,70,2000,40.275,180,139,7,80,70,2000,3,1.0,1405.173,524.703,46.626,80.0,5,1.0,2218.529,524.703,46.626,80.0,Horns Rev I,105.271
1012,12,52,5.837,120.0,0.089,80,70,2000,40.275,180,139,7,80,70,2000,1,0.0,418.375,418.375,103.576,80.0,0,0.0,0.0,0.0,0.0,0.0,Horns Rev I,263.253
1013,12,53,5.837,120.0,0.089,80,70,2000,40.275,180,139,7,80,70,2000,1,0.018,935.488,935.488,78.523,80.0,2,0.018,1407.888,935.488,78.523,80.0,Horns Rev I,239.156
1014,12,54,5.837,120.0,0.089,80,70,2000,40.275,180,139,7,80,70,2000,1,0.039,402.835,402.835,76.908,80.0,1,0.039,402.835,402.835,76.908,80.0,Horns Rev I,239.197
1015,12,55,5.837,120.0,0.089,80,70,2000,40.275,180,139,7,80,70,2000,3,1.0,1974.701,1373.344,52.157,80.0,3,1.0,1974.701,1373.344,52.157,80.0,Horns Rev I,117.04
1016,12,56,5.837,120.0,0.089,80,70,2000,40.275,180,139,7,80,70,2000,2,1.0,733.401,514.443,3.925,80.0,4,1.0,1175.401,514.443,3.925,80.0,Horns Rev I,66.036
1017,12,57,5.837,120.0,0.089,80,70,2000,40.275,180,139,7,80,70,2000,5,1.0,3220.675,1138.356,9.901,80.0,11,1.0,3726.962,1138.356,9.901,80.0,Horns Rev I,107.23
1018,12,58,5.837,120.0,0.089,80,70,2000,40.275,180,139,7,80,70,2000,3,1.0,1591.54,729.101,94.161,80.0,4,1.0,2052.481,729.101,94.161,80.0,Horns Rev I,126.22
1019,12,59,5.837,120.0,0.089,80,70,2000,40.275,180,139,7,80,70,2000,0,0.0,0.0,0.0,0.0,0.0,0,0.0,0.0,0.0,0.0,0.0,Horns Rev I,267.878
1020,12,60,5.837,120.0,0.089,80,70,2000,40.275,180,139,7,80,70,2000,3,0.802,1751.983,1265.389,15.816,80.0,6,0.802,2669.828,1265.389,15.816,80.0,Horns Rev I,123.035
1021,12,61,5.837,120.0,0.089,80,70,2000,40.275,180,139,7,80,70,2000,3,1.0,3389.162,2373.219,29.634,80.0,4,1.0,3285.835,2373.219,29.634,80.0,Horns Rev I,138.401
1022,12,62,5.837,120.0,0.089,80,70,2000,40.275,180,139,7,80,70,2000,1,0.403,575.739,575.739,47.762,80.0,1,0.403,575.739,575.739,47.762,80.0,Horns Rev I,171.637
1023,12,63,5.837,120.0,0.089,80,70,2000,40.275,180,139,7,80,70,2000,1,0.0,650.54,650.54,116.116,80.0,0,0.0,0.0,0.0,0.0,0.0,Horns Rev I,265.869
1024,12,64,5.837,120.0,0.089,80,70,2000,40.275,180,139,7,80,70,2000,0,0.0,0.0,0.0,0.0,0.0,0,0.0,0.0,0.0,0.0,0.0,Horns Rev I,267.878
1025,12,65,5.837,120.0,0.089,80,70,2000,40.275,180,139,7,80,70,2000,1,0.581,437.916,437.916,33.557,80.0,1,0.581,437.916,437.916,33.557,80.0,Horns Rev I,129.775
1026,12,66,5.837,120.0,0.089,80,70,2000,40.275,180,139,7,80,70,2000,3,1.0,2406.857,1228.189,117.257,80.0,10,1.0,3462.14,1228.189,117.257,80.0,Horns Rev I,138.379
1027,12,67,5.837,120.0,0.089,80,70,2000,40.275,180,139,7,80,70,2000,3,1.0,1764.507,825.915,114.495,80.0,3,1.0,1764.507,825.915,114.495,80.0,Horns Rev I,135.306
1028,12,68,5.837,120.0,0.089,80,70,2000,40.275,180,139,7,80,70,2000,0,0.0,0.0,0.0,0.0,0.0,1,0.0,1166.445,1166.445,121.17,80.0,Horns Rev I,265.851
1029,12,69,5.837,120.0,0.089,80,70,2000,40.275,180,139,7,80,70,2000,1,0.0,396.872,396.872,93.027,80.0,1,0.0,396.872,396.872,93.027,80.0,Horns Rev I,257.731
1030,12,70,5.837,120.0,0.089,80,70,2000,40.275,180,139,7,80,70,2000,2,0.647,2033.8,1137.226,28.253,80.0,4,0.647,2189.223,1137.226,28.253,80.0,Horns Rev I,137.872
1031,12,71,5.837,120.0,0.089,80,70,2000,40.275,180,139,7,80,70,2000,2,1.0,1159.629,563.211,15.262,80.0,2,1.0,1159.629,563.211,15.262,80.0,Horns Rev I,93.834
1032,12,72,5.837,120.0,0.089,80,70,2000,40.275,180,139,7,80,70,2000,4,1.0,3214.195,1133.092,56.827,80.0,9,1.0,3508.47,1133.092,56.827,80.0,Horns Rev I,137.659
1033,12,73,5.837,120.0,0.089,80,70,2000,40.275,180,139,7,80,70,2000,3,0.0,1123.27,499.025,108.862,80.0,3,0.0,1881.955,960.759,99.711,80.0,Horns Rev I,258.045
1034,12,74,5.837,120.0,0.089,80,70,2000,40.275,180,139,7,80,70,2000,3,1.0,1604.764,647.836,119.17,80.0,4,1.0,2781.183,1608.594,19.459,80.0,Horns Rev I,99.543
1035,12,75,5.837,120.0,0.089,80,70,2000,40.275,180,139,7,80,70,2000,0,0.0,0.0,0.0,0.0,0.0,0,0.0,0.0,0.0,0.0,0.0,Horns Rev I,267.878
1036,12,76,5.837,120.0,0.089,80,70,2000,40.275,180,139,7,80,70,2000,1,0.529,2305.262,2305.262,37.664,80.0,1,0.529,2305.262,2305.262,37.664,80.0,Horns Rev I,171.223
1037,12,77,5.837,120.0,0.089,80,70,2000,40.275,180,139,7,80,70,2000,5,1.0,2589.599,1018.105,22.223,80.0,8,1.0,3002.708,1018.105,22.223,80.0,Horns Rev I,106.692
1038,12,78,5.837,120.0,0.089,80,70,2000,40.275,180,139,7,80,70,2000,1,0.0,407.69,407.69,108.847,80.0,0,0.0,0.0,0.0,0.0,0.0,Horns Rev I,264.96
1039,12,79,5.837,120.0,0.089,80,70,2000,40.275,180,139,7,80,70,2000,1,0.105,1192.836,1192.836,71.615,80.0,1,0.105,1192.836,1192.836,71.615,80.0,Horns Rev I,227.704
1040,13,0,5.675,240.0,0.07,80,70,2000,9.052,270,103,5,80,70,2000,2,0.017,3330.039,2834.867,96.882,80.0,4,0.017,2539.577,1374.357,127.506,80.0,Horns Rev I,211.591
1041,13,1,5.675,240.0,0.07,80,70,2000,9.052,270,103,5,80,70,2000,6,1.0,2506.375,431.949,88.888,80.0,9,1.0,2693.101,431.949,88.888,80.0,Horns Rev I,106.172
1042,13,2,5.675,240.0,0.07,80,70,2000,9.052,270,103,5,80,70,2000,4,0.868,2381.051,1186.429,12.642,80.0,7,0.868,3112.665,1186.429,12.642,80.0,Horns Rev I,103.239
1043,13,3,5.675,240.0,0.07,80,70,2000,9.052,270,103,5,80,70,2000,0,0.0,0.0,0.0,0.0,0.0,0,0.0,0.0,0.0,0.0,0.0,Horns Rev I,244.755
1044,13,4,5.675,240.0,0.07,80,70,2000,9.052,270,103,5,80,70,2000,6,0.988,5584.466,1501.371,114.458,80.0,10,0.988,6623.64,1501.371,114.458,80.0,Horns Rev I,156.737
1045,13,5,5.675,240.0,0.07,80,70,2000,9.052,270,103,5,80,70,2000,4,0.836,1485.114,521.079,15.74,80.0,5,0.836,1868.893,521.079,15.74,80.0,Horns Rev I,87.072
1046,13,6,5.675,240.0,0.07,80,70,2000,9.052,270,103,5,80,70,2000,2,0.154,1073.432,445.526,67.678,80.0,2,0.154,1073.432,445.526,67.678,80.0,Horns Rev I,201.512
1047,13,7,5.675,240.0,0.07,80,70,2000,9.052,270,103,5,80,70,2000,0,0.0,0.0,0.0,0.0,0.0,0,0.0,0.0,0.0,0.0,0.0,Horns Rev I,244.755
1048,13,8,5.675,240.0,0.07,80,70,2000,9.052,270,103,5,80,70,2000,1,0.04,602.21,602.21,76.779,80.0,1,0.04,602.21,602.21,76.779,80.0,Horns Rev I,217.336
1049,13,9,5.675,240.0,0.07,80,70,2000,9.052,270,103,5,80,70,2000,0,0.0,0.0,0.0,0.0,0.0,0,0.0,0.0,0.0,0.0,0.0,Horns Rev I,244.755
1050,13,10,5.675,240.0,0.07,80,70,2000,9.052,270,103,5,80,70,2000,1,0.593,6160.682,6160.682,32.544,80.0,5,0.593,6064.72,5578.792,207.353,80.0,Horns Rev I,173.754
1051,13,11,5.675,240.0,0.07,80,70,2000,9.052,270,103,5,80,70,2000,2,0.428,3592.927,2962.248,45.77,80.0,6,0.428,4151.876,2262.316,172.336,80.0,Horns Rev I,169.311
1052,13,12,5.675,240.0,0.07,80,70,2000,9.052,270,103,5,80,70,2000,1,0.0,1408.721,1408.721,96.242,80.0,1,0.0,1408.721,1408.721,96.242,80.0,Horns Rev I,233.903
1053,13,13,5.675,240.0,0.07,80,70,2000,9.052,270,103,5,80,70,2000,2,1.0,3482.635,800.187,56.416,80.0,3,1.0,4488.301,800.187,56.416,80.0,Horns Rev I,143.472
1054,13,14,5.675,240.0,0.07,80,70,2000,9.052,270,103,5,80,70,2000,4,1.0,3003.684,815.639,26.758,80.0,5,1.0,3985.129,815.639,26.758,80.0,Horns Rev I,64.938
1055,13,15,5.675,240.0,0.07,80,70,2000,9.052,270,103,5,80,70,2000,2,0.486,880.685,392.32,107.005,80.0,2,0.486,1780.438,1369.051,41.108,80.0,Horns Rev I,150.191
1056,13,16,5.675,240.0,0.07,80,70,2000,9.052,270,103,5,80,70,2000,4,1.0,3303.76,1172.871,86.111,80.0,7,1.0,3269.321,1172.871,86.111,80.0,Horns Rev I,102.787
1057,13,17,5.675,240.0,0.07,80,70,2000,9.052,270,103,5,80,70,2000,1,0.003,1623.971,1623.971,79.768,80.0,1,0.003,1623.971,1623.971,79.768,80.0,Horns Rev I,218.383
1058,13,18,5.675,240.0,0.07,80,70,2000,9.052,270,103,5,80,70,2000,1,0.0,809.135,809.135,92.353,80.0,1,0.0,809.135,809.135,92.353,80.0,Horns Rev I,233.11
1059,13,19,5.675,240.0,0.07,80,70,2000,9.052,270,103,5,80,70,2000,0,0.0,0.0,0.0,0.0,0.0,0,0.0,0.0,0.0,0.0,0.0,Horns Rev I,244.755
1060,13,20,5.675,240.0,0.07,80,70,2000,9.052,270,103,5,80,70,2000,4,1.0,2698.823,1007.519,32.478,80.0,6,1.0,2856.948,1007.519,32.478,80.0,Horns Rev I,102.356
1061,13,21,5.675,240.0,0.07,80,70,2000,9.052,270,103,5,80,70,2000,1,0.385,2202.472,2202.472,49.22,80.0,2,0.385,1890.233,1577.993,120.278,80.0,Horns Rev I,171.123
1062,13,22,5.675,240.0,0.07,80,70,2000,9.052,270,103,5,80,70,2000,0,0.0,0.0,0.0,0.0,0.0,0,0.0,0.0,0.0,0.0,0.0,Horns Rev I,244.755
1063,13,23,5.675,240.0,0.07,80,70,2000,9.052,270,103,5,80,70,2000,3,1.0,2055.491,455.282,26.009,80.0,6,1.0,2252.904,455.282,26.009,80.0,Horns Rev I,86.993
1064,13,24,5.675,240.0,0.07,80,70,2000,9.052,270,103,5,80,70,2000,4,0.23,1684.767,494.516,103.609,80.0,4,0.23,1684.767,494.516,103.609,80.0,Horns Rev I,189.551
1065,13,25,5.675,240.0,0.07,80,70,2000,9.052,270,103,5,80,70,2000,3,0.73,2255.073,1322.356,88.25,80.0,4,0.73,2551.597,1322.356,88.25,80.0,Horns Rev I,138.436
1066,13,26,5.675,240.0,0.07,80,70,2000,9.052,270,103,5,80,70,2000,2,0.713,1600.184,749.515,54.101,80.0,3,0.713,1465.136,749.515,54.101,80.0,Horns Rev I,146.88
1067,13,27,5.675,240.0,0.07,80,70,2000,9.052,270,103,5,80,70,2000,1,0.112,624.479,624.479,71.058,80.0,1,0.112,624.479,624.479,71.058,80.0,Horns Rev I,208.055
1068,13,28,5.675,240.0,0.07,80,70,2000,9.052,270,103,5,80,70,2000,1,0.081,463.368,463.368,73.545,80.0,1,0.081,463.368,463.368,73.545,80.0,Horns Rev I,212.859
1069,13,29,5.675,240.0,0.07,80,70,2000,9.052,270,103,5,80,70,2000,3,0.978,1638.988,1056.455,1.791,80.0,3,0.978,1638.988,1056.455,1.791,80.0,Horns Rev I,96.491
1070,13,30,5.675,240.0,0.07,80,70,2000,9.052,270,103,5,80,70,2000,0,0.0,0.0,0.0,0.0,0.0,1,0.0,6457.859,6457.859,372.431,80.0,Horns Rev I,244.707
1071,13,31,5.675,240.0,0.07,80,70,2000,9.052,270,103,5,80,70,2000,0,0.0,0.0,0.0,0.0,0.0,0,0.0,0.0,0.0,0.0,0.0,Horns Rev I,244.751
1072,13,32,5.675,240.0,0.07,80,70,2000,9.052,270,103,5,80,70,2000,3,0.337,6617.039,5262.821,119.643,80.0,12,0.337,6584.401,4971.578,164.432,80.0,Horns Rev I,192.098
1073,13,33,5.675,240.0,0.07,80,70,2000,9.052,270,103,5,80,70,2000,1,0.0,5935.74,5935.74,110.998,80.0,11,0.0,6813.755,5571.021,285.285,80.0,Horns Rev I,232.378
1074,13,34,5.675,240.0,0.07,80,70,2000,9.052,270,103,5,80,70,2000,2,0.184,1907.623,806.387,65.248,80.0,6,0.184,2247.275,806.387,65.248,80.0,Horns Rev I,196.779
1075,13,35,5.675,240.0,0.07,80,70,2000,9.052,270,103,5,80,70,2000,1,0.398,5364.898,5364.898,48.138,80.0,2,0.398,5532.172,5364.898,48.138,80.0,Horns Rev I,183.416
1076,13,36,5.675,240.0,0.07,80,70,2000,9.052,270,103,5,80,70,2000,0,0.0,0.0,0.0,0.0,0.0,0,0.0,0.0,0.0,0.0,0.0,Horns Rev I,244.755
1077,13,37,5.675,240.0,0.07,80,70,2000,9.052,270,103,5,80,70,2000,1,0.08,831.268,831.268,73.586,80.0,2,0.08,1143.507,831.268,73.586,80.0,Horns Rev I,211.769
1078,13,38,5.675,240.0,0.07,80,70,2000,9.052,270,103,5,80,70,2000,0,0.0,0.0,0.0,0.0,0.0,0,0.0,0.0,0.0,0.0,0.0,Horns Rev I,244.302
1079,13,39,5.675,240.0,0.07,80,70,2000,9.052,270,103,5,80,70,2000,1,0.264,625.868,625.868,58.918,80.0,1,0.264,625.868,625.868,58.918,80.0,Horns Rev I,183.424
1080,13,40,5.675,240.0,0.07,80,70,2000,9.052,270,103,5,80,70,2000,0,0.0,0.0,0.0,0.0,0.0,0,0.0,0.0,0.0,0.0,0.0,Horns Rev I,244.755
1081,13,41,5.675,240.0,0.07,80,70,2000,9.052,270,103,5,80,70,2000,3,1.0,1885.859,512.642,14.696,80.0,4,1.0,2064.263,512.642,14.696,80.0,Horns Rev I,73.401
1082,13,42,5.675,240.0,0.07,80,70,2000,9.052,270,103,5,80,70,2000,1,0.715,1822.756,1822.756,22.775,80.0,5,0.715,5091.31,1822.756,22.775,80.0,Horns Rev I,126.535
1083,13,43,5.675,240.0,0.07,80,70,2000,9.052,270,103,5,80,70,2000,1,0.153,700.365,700.365,67.763,80.0,13,0.153,6494.332,700.365,67.763,80.0,Horns Rev I,201.376
1084,13,44,5.675,240.0,0.07,80,70,2000,9.052,270,103,5,80,70,2000,1,0.905,700.392,700.392,7.614,80.0,1,0.905,700.392,700.392,7.614,80.0,Horns Rev I,88.504
1085,13,45,5.675,240.0,0.07,80,70,2000,9.052,270,103,5,80,70,2000,2,1.0,2400.313,2163.538,29.046,80.0,3,1.0,2149.94,1649.194,152.149,80.0,Horns Rev I,104.918
1086,13,46,5.675,240.0,0.07,80,70,2000,9.052,270,103,5,80,70,2000,1,0.942,473.551,473.551,4.619,80.0,1,0.942,473.551,473.551,4.619,80.0,Horns Rev I,78.022
1087,13,47,5.675,240.0,0.07,80,70,2000,9.052,270,103,5,80,70,2000,0,0.0,0.0,0.0,0.0,0.0,0,0.0,0.0,0.0,0.0,0.0,Horns Rev I,244.755
1088,13,48,5.675,240.0,0.07,80,70,2000,9.052,270,103,5,80,70,2000,4,1.0,3790.668,2658.87,113.023,80.0,5,1.0,3940.242,2658.87,113.023,80.0,Horns Rev I,135.515
1089,13,49,5.675,240.0,0.07,80,70,2000,9.052,270,103,5,80,70,2000,1,0.0,1370.452,1370.452,81.645,80.0,3,0.0,2210.229,1370.452,81.645,80.0,Horns Rev I,220.938
1090,13,50,5.675,240.0,0.07,80,70,2000,9.052,270,103,5,80,70,2000,3,1.0,1978.394,1117.012,97.598,80.0,5,1.0,2544.085,1117.012,97.598,80.0,Horns Rev I,103.034
1091,13,51,5.675,240.0,0.07,80,70,2000,9.052,270,103,5,80,70,2000,2,0.846,1353.647,1003.45,42.359,80.0,2,0.846,1353.647,1003.45,42.359,80.0,Horns Rev I,129.05
1092,13,52,5.675,240.0,0.07,80,70,2000,9.052,270,103,5,80,70,2000,4,0.923,3188.058,2478.354,76.927,80.0,7,0.923,2847.921,1274.685,142.9,80.0,Horns Rev I,128.032
1093,13,53,5.675,240.0,0.07,80,70,2000,9.052,270,103,5,80,70,2000,1,0.384,1799.505,1799.505,49.289,80.0,1,0.384,1799.505,1799.505,49.289,80.0,Horns Rev I,169.17
1094,13,54,5.675,240.0,0.07,80,70,2000,9.052,270,103,5,80,70,2000,1,0.555,1028.213,1028.213,35.614,80.0,1,0.555,1028.213,1028.213,35.614,80.0,Horns Rev I,135.105
1095,13,55,5.675,240.0,0.07,80,70,2000,9.052,270,103,5,80,70,2000,5,1.0,3209.878,806.931,44.785,80.0,8,1.0,5276.028,806.931,44.785,80.0,Horns Rev I,60.591
1096,13,56,5.675,240.0,0.07,80,70,2000,9.052,270,103,5,80,70,2000,4,0.797,2709.984,1699.224,112.563,80.0,6,0.797,2535.475,945.927,124.654,80.0,Horns Rev I,145.198
1097,13,57,5.675,240.0,0.07,80,70,2000,9.052,270,103,5,80,70,2000,4,1.0,6464.586,5212.285,32.009,80.0,8,1.0,6279.375,4847.566,142.277,80.0,Horns Rev I,134.066
1098,13,58,5.675,240.0,0.07,80,70,2000,9.052,270,103,5,80,70,2000,2,1.0,1712.941,1400.007,0.412,80.0,2,1.0,1712.941,1400.007,0.412,80.0,Horns Rev I,98.412
1099,13,59,5.675,240.0,0.07,80,70,2000,9.052,270,103,5,80,70,2000,5,1.0,2092.563,408.314,34.194,80.0,6,1.0,2528.385,408.314,34.194,80.0,Horns Rev I,95.545
1100,13,60,5.675,240.0,0.07,80,70,2000,9.052,270,103,5,80,70,2000,3,0.428,2804.579,555.379,45.72,80.0,8,0.428,5500.686,555.379,45.72,80.0,Horns Rev I,149.452
1101,13,61,5.675,240.0,0.07,80,70,2000,9.052,270,103,5,80,70,2000,3,1.0,2917.394,595.637,15.823,80.0,4,1.0,3961.862,595.637,15.823,80.0,Horns Rev I,68.592
1102,13,62,5.675,240.0,0.07,80,70,2000,9.052,270,103,5,80,70,2000,2,0.228,1601.199,1087.093,61.751,80.0,2,0.228,1601.199,1087.093,61.751,80.0,Horns Rev I,189.571
1103,13,63,5.675,240.0,0.07,80,70,2000,9.052,270,103,5,80,70,2000,3,1.0,1526.092,458.626,118.544,80.0,3,1.0,2068.828,1545.719,56.793,80.0,Horns Rev I,123.205
1104,13,64,5.675,240.0,0.07,80,70,2000,9.052,270,103,5,80,70,2000,6,1.0,3118.671,780.851,33.426,80.0,9,1.0,3086.946,780.851,33.426,80.0,Horns Rev I,108.376
1105,13,65,5.675,240.0,0.07,80,70,2000,9.052,270,103,5,80,70,2000,5,1.0,2593.506,1513.749,28.218,80.0,6,1.0,2775.857,1513.749,28.218,80.0,Horns Rev I,99.06
1106,13,66,5.675,240.0,0.07,80,70,2000,9.052,270,103,5,80,70,2000,3,1.0,5526.887,4706.243,56.837,80.0,6,1.0,5753.087,4706.243,56.837,80.0,Horns Rev I,134.909
1107,13,67,5.675,240.0,0.07,80,70,2000,9.052,270,103,5,80,70,2000,4,1.0,1349.695,432.168,116.541,80.0,3,1.0,1655.538,927.01,55.277,80.0,Horns Rev I,123.648
1108,13,68,5.675,240.0,0.07,80,70,2000,9.052,270,103,5,80,70,2000,0,0.0,0.0,0.0,0.0,0.0,0,0.0,0.0,0.0,0.0,0.0,Horns Rev I,244.755
1109,13,69,5.675,240.0,0.07,80,70,2000,9.052,270,103,5,80,70,2000,4,0.998,1337.149,396.751,88.033,80.0,9,0.998,2430.776,396.751,88.033,80.0,Horns Rev I,104.407
1110,13,70,5.675,240.0,0.07,80,70,2000,9.052,270,103,5,80,70,2000,4,1.0,3290.418,1041.512,45.158,80.0,9,1.0,5931.01,1041.512,45.158,80.0,Horns Rev I,85.798
1111,13,71,5.675,240.0,0.07,80,70,2000,9.052,270,103,5,80,70,2000,2,0.0,873.799,685.24,108.032,80.0,2,0.0,873.799,685.24,108.032,80.0,Horns Rev I,232.781
1112,13,72,5.675,240.0,0.07,80,70,2000,9.052,270,103,5,80,70,2000,4,1.0,4701.346,556.18,54.731,80.0,9,1.0,5752.188,556.18,54.731,80.0,Horns Rev I,113.549
1113,13,73,5.675,240.0,0.07,80,70,2000,9.052,270,103,5,80,70,2000,1,0.0,1209.323,1209.323,118.625,80.0,1,0.0,1209.323,1209.323,118.625,80.0,Horns Rev I,242.611
1114,13,74,5.675,240.0,0.07,80,70,2000,9.052,270,103,5,80,70,2000,0,0.0,0.0,0.0,0.0,0.0,1,0.0,7157.791,7157.791,245.864,80.0,Horns Rev I,244.039
1115,13,75,5.675,240.0,0.07,80,70,2000,9.052,270,103,5,80,70,2000,0,0.0,0.0,0.0,0.0,0.0,0,0.0,0.0,0.0,0.0,0.0,Horns Rev I,244.755
1116,13,76,5.675,240.0,0.07,80,70,2000,9.052,270,103,5,80,70,2000,0,0.0,0.0,0.0,0.0,0.0,0,0.0,0.0,0.0,0.0,0.0,Horns Rev I,244.755
1117,13,77,5.675,240.0,0.07,80,70,2000,9.052,270,103,5,80,70,2000,2,0.275,3664.744,584.403,57.984,80.0,7,0.275,5651.779,584.403,57.984,80.0,Horns Rev I,177.978
1118,13,78,5.675,240.0,0.07,80,70,2000,9.052,270,103,5,80,70,2000,0,0.0,0.0,0.0,0.0,0.0,0,0.0,0.0,0.0,0.0,0.0,Horns Rev I,244.755
1119,13,79,5.675,240.0,0.07,80,70,2000,9.052,270,103,5,80,70,2000,0,0.0,0.0,0.0,0.0,0.0,1,0.0,987.894,987.894,127.721,80.0,Horns Rev I,243.588
1120,14,0,7.98,330.0,0.078,80,70,2000,25.077,240,88,6,112,84,3450,2,0.317,1792.019,1098.117,96.036,80.0,3,0.317,1794.978,1098.117,96.036,80.0,Horns Rev I,537.221
1121,14,1,7.98,330.0,0.078,80,70,2000,25.077,240,88,6,112,84,3450,2,0.979,903.423,474.463,96.343,80.0,2,0.979,903.423,474.463,96.343,80.0,Horns Rev I,323.466
1122,14,2,7.98,330.0,0.078,80,70,2000,25.077,240,88,6,112,84,3450,1,0.0,390.215,390.215,117.872,80.0,0,0.0,0.0,0.0,0.0,0.0,Horns Rev I,710.448
1123,14,3,7.98,330.0,0.078,80,70,2000,25.077,240,88,6,112,84,3450,0,0.0,0.0,0.0,0.0,0.0,0,0.0,0.0,0.0,0.0,0.0,Horns Rev I,713.757
1124,14,4,7.98,330.0,0.078,80,70,2000,25.077,240,88,6,112,84,3450,0,0.0,0.0,0.0,0.0,0.0,0,0.0,0.0,0.0,0.0,0.0,Horns Rev I,713.771
1125,14,5,7.98,330.0,0.078,80,70,2000,25.077,240,88,6,112,84,3450,0,0.0,0.0,0.0,0.0,0.0,0,0.0,0.0,0.0,0.0,0.0,Horns Rev I,713.771
1126,14,6,7.98,330.0,0.078,80,70,2000,25.077,240,88,6,112,84,3450,3,1.0,2370.205,1412.796,61.547,80.0,5,1.0,2257.478,1412.796,61.547,80.0,Horns Rev I,382.185
1127,14,7,7.98,330.0,0.078,80,70,2000,25.077,240,88,6,112,84,3450,4,0.136,2191.78,453.649,101.133,80.0,8,0.136,2481.749,453.649,101.133,80.0,Horns Rev I,596.714
1128,14,8,7.98,330.0,0.078,80,70,2000,25.077,240,88,6,112,84,3450,4,1.0,2258.44,1344.508,34.694,80.0,5,1.0,2353.493,1344.508,34.694,80.0,Horns Rev I,252.489
1129,14,9,7.98,330.0,0.078,80,70,2000,25.077,240,88,6,112,84,3450,3,1.0,3181.36,1620.596,14.356,80.0,8,1.0,2914.791,1136.553,121.885,80.0,Horns Rev I,318.844
1130,14,10,7.98,330.0,0.078,80,70,2000,25.077,240,88,6,112,84,3450,1,0.0,384.529,384.529,114.393,80.0,0,0.0,0.0,0.0,0.0,0.0,Horns Rev I,709.488
1131,14,11,7.98,330.0,0.078,80,70,2000,25.077,240,88,6,112,84,3450,0,0.0,0.0,0.0,0.0,0.0,0,0.0,0.0,0.0,0.0,0.0,Horns Rev I,713.771
1132,14,12,7.98,330.0,0.078,80,70,2000,25.077,240,88,6,112,84,3450,2,0.714,2341.145,2042.512,84.974,80.0,3,0.714,2026.418,1396.964,139.583,80.0,Horns Rev I,416.375
1133,14,13,7.98,330.0,0.078,80,70,2000,25.077,240,88,6,112,84,3450,0,0.0,0.0,0.0,0.0,0.0,0,0.0,0.0,0.0,0.0,0.0,Horns Rev I,713.402
1134,14,14,7.98,330.0,0.078,80,70,2000,25.077,240,88,6,112,84,3450,0,0.0,0.0,0.0,0.0,0.0,0,0.0,0.0,0.0,0.0,0.0,Horns Rev I,713.039
1135,14,15,7.98,330.0,0.078,80,70,2000,25.077,240,88,6,112,84,3450,0,0.0,0.0,0.0,0.0,0.0,2,0.0,2306.64,1588.467,133.829,80.0,Horns Rev I,711.446
1136,14,16,7.98,330.0,0.078,80,70,2000,25.077,240,88,6,112,84,3450,1,0.0,857.921,857.921,94.644,80.0,1,0.0,857.921,857.921,94.644,80.0,Horns Rev I,685.196
1137,14,17,7.98,330.0,0.078,80,70,2000,25.077,240,88,6,112,84,3450,1,0.958,1881.008,1881.008,3.342,80.0,3,0.958,2574.575,1881.008,3.342,80.0,Horns Rev I,354.702
1138,14,18,7.98,330.0,0.078,80,70,2000,25.077,240,88,6,112,84,3450,3,0.421,2110.438,694.116,66.462,80.0,5,0.421,2533.501,694.116,66.462,80.0,Horns Rev I,517.104
1139,14,19,7.98,330.0,0.078,80,70,2000,25.077,240,88,6,112,84,3450,2,1.0,822.482,572.222,74.935,80.0,2,1.0,822.482,572.222,74.935,80.0,Horns Rev I,303.56
1140,14,20,7.98,330.0,0.078,80,70,2000,25.077,240,88,6,112,84,3450,2,1.0,1176.409,914.211,10.8,80.0,2,1.0,1176.409,914.211,10.8,80.0,Horns Rev I,209.301
1141,14,21,7.98,330.0,0.078,80,70,2000,25.077,240,88,6,112,84,3450,2,0.557,1317.802,813.946,35.475,80.0,2,0.557,1317.802,813.946,35.475,80.0,Horns Rev I,398.916
1142,14,22,7.98,330.0,0.078,80,70,2000,25.077,240,88,6,112,84,3450,1,0.012,500.518,500.518,79.009,80.0,1,0.012,500.518,500.518,79.009,80.0,Horns Rev I,647.451
1143,14,23,7.98,330.0,0.078,80,70,2000,25.077,240,88,6,112,84,3450,4,1.0,1261.231,403.688,5.946,80.0,4,1.0,1261.231,403.688,5.946,80.0,Horns Rev I,183.262
1144,14,24,7.98,330.0,0.078,80,70,2000,25.077,240,88,6,112,84,3450,1,0.1,955.0,955.0,72.001,80.0,1,0.1,955.0,955.0,72.001,80.0,Horns Rev I,614.136
1145,14,25,7.98,330.0,0.078,80,70,2000,25.077,240,88,6,112,84,3450,3,1.0,1143.391,504.16,50.238,80.0,3,1.0,1143.391,504.16,50.238,80.0,Horns Rev I,355.584
1146,14,26,7.98,330.0,0.078,80,70,2000,25.077,240,88,6,112,84,3450,5,1.0,1928.564,498.834,25.193,80.0,6,1.0,1898.929,498.834,25.193,80.0,Horns Rev I,278.99
1147,14,27,7.98,330.0,0.078,80,70,2000,25.077,240,88,6,112,84,3450,1,0.462,1912.15,1912.15,43.008,80.0,1,0.462,1912.15,1912.15,43.008,80.0,Horns Rev I,476.322
1148,14,28,7.98,330.0,0.078,80,70,2000,25.077,240,88,6,112,84,3450,3,1.0,2185.29,990.61,36.247,80.0,4,1.0,2336.844,990.61,36.247,80.0,Horns Rev I,314.149
1149,14,29,7.98,330.0,0.078,80,70,2000,25.077,240,88,6,112,84,3450,2,0.826,1096.406,467.799,13.929,80.0,2,0.826,1096.406,467.799,13.929,80.0,Horns Rev I,268.531
1150,14,30,7.98,330.0,0.078,80,70,2000,25.077,240,88,6,112,84,3450,1,0.408,683.156,683.156,47.323,80.0,1,0.408,683.156,683.156,47.323,80.0,Horns Rev I,468.41
1151,14,31,7.98,330.0,0.078,80,70,2000,25.077,240,88,6,112,84,3450,3,1.0,1996.367,841.553,2.919,80.0,4,1.0,2282.217,841.553,2.919,80.0,Horns Rev I,229.969
1152,14,32,7.98,330.0,0.078,80,70,2000,25.077,240,88,6,112,84,3450,0,0.0,0.0,0.0,0.0,0.0,0,0.0,0.0,0.0,0.0,0.0,Horns Rev I,713.771
1153,14,33,7.98,330.0,0.078,80,70,2000,25.077,240,88,6,112,84,3450,0,0.0,0.0,0.0,0.0,0.0,0,0.0,0.0,0.0,0.0,0.0,Horns Rev I,713.771
1154,14,34,7.98,330.0,0.078,80,70,2000,25.077,240,88,6,112,84,3450,1,0.016,1436.346,1436.346,78.725,80.0,1,0.016,1436.346,1436.346,78.725,80.0,Horns Rev I,637.634
1155,14,35,7.98,330.0,0.078,80,70,2000,25.077,240,88,6,112,84,3450,1,0.757,534.4,534.4,19.449,80.0,1,0.757,534.4,534.4,19.449,80.0,Horns Rev I,295.922
1156,14,36,7.98,330.0,0.078,80,70,2000,25.077,240,88,6,112,84,3450,1,0.078,1090.864,1090.864,73.745,80.0,5,0.078,2987.928,1090.864,73.745,80.0,Horns Rev I,620.774
1157,14,37,7.98,330.0,0.078,80,70,2000,25.077,240,88,6,112,84,3450,3,0.753,1121.915,493.516,82.269,80.0,3,0.753,1121.915,493.516,82.269,80.0,Horns Rev I,391.388
1158,14,38,7.98,330.0,0.078,80,70,2000,25.077,240,88,6,112,84,3450,2,0.506,1259.588,1052.532,73.387,80.0,5,0.506,2178.457,1052.532,73.387,80.0,Horns Rev I,468.4
1159,14,39,7.98,330.0,0.078,80,70,2000,25.077,240,88,6,112,84,3450,1,0.423,717.963,717.963,46.148,80.0,3,0.423,1282.934,717.963,46.148,80.0,Horns Rev I,461.817
1160,14,40,7.98,330.0,0.078,80,70,2000,25.077,240,88,6,112,84,3450,5,1.0,2279.276,475.891,111.779,80.0,4,1.0,2730.123,1888.687,50.232,80.0,Horns Rev I,306.646
1161,14,41,7.98,330.0,0.078,80,70,2000,25.077,240,88,6,112,84,3450,1,0.859,1924.013,1924.013,11.299,80.0,4,0.859,2119.22,1400.017,139.972,80.0,Horns Rev I,365.417
1162,14,42,7.98,330.0,0.078,80,70,2000,25.077,240,88,6,112,84,3450,0,0.0,0.0,0.0,0.0,0.0,0,0.0,0.0,0.0,0.0,0.0,Horns Rev I,713.771
1163,14,43,7.98,330.0,0.078,80,70,2000,25.077,240,88,6,112,84,3450,0,0.0,0.0,0.0,0.0,0.0,0,0.0,0.0,0.0,0.0,0.0,Horns Rev I,713.771
1164,14,44,7.98,330.0,0.078,80,70,2000,25.077,240,88,6,112,84,3450,3,0.57,1247.915,792.473,70.759,80.0,3,0.57,1247.915,792.473,70.759,80.0,Horns Rev I,445.661
1165,14,45,7.98,330.0,0.078,80,70,2000,25.077,240,88,6,112,84,3450,3,0.479,1977.674,1311.593,67.201,80.0,3,0.479,1977.674,1311.593,67.201,80.0,Horns Rev I,501.324
1166,14,46,7.98,330.0,0.078,80,70,2000,25.077,240,88,6,112,84,3450,3,1.0,1881.493,837.88,111.526,80.0,4,1.0,1800.08,837.88,111.526,80.0,Horns Rev I,308.713
1167,14,47,7.98,330.0,0.078,80,70,2000,25.077,240,88,6,112,84,3450,3,0.625,2196.73,707.683,73.105,80.0,6,0.625,2539.774,707.683,73.105,80.0,Horns Rev I,426.989
1168,14,48,7.98,330.0,0.078,80,70,2000,25.077,240,88,6,112,84,3450,0,0.0,0.0,0.0,0.0,0.0,0,0.0,0.0,0.0,0.0,0.0,Horns Rev I,713.771
1169,14,49,7.98,330.0,0.078,80,70,2000,25.077,240,88,6,112,84,3450,1,0.426,2009.699,2009.699,45.945,80.0,1,0.426,2009.699,2009.699,45.945,80.0,Horns Rev I,492.453
1170,14,50,7.98,330.0,0.078,80,70,2000,25.077,240,88,6,112,84,3450,4,0.21,1407.405,414.112,119.488,80.0,3,0.21,1738.503,954.231,74.573,80.0,Horns Rev I,560.439
1171,14,51,7.98,330.0,0.078,80,70,2000,25.077,240,88,6,112,84,3450,2,0.18,1141.237,938.537,65.573,80.0,2,0.18,1141.237,938.537,65.573,80.0,Horns Rev I,582.804
1172,14,52,7.98,330.0,0.078,80,70,2000,25.077,240,88,6,112,84,3450,0,0.0,0.0,0.0,0.0,0.0,0,0.0,0.0,0.0,0.0,0.0,Horns Rev I,713.752
1173,14,53,7.98,330.0,0.078,80,70,2000,25.077,240,88,6,112,84,3450,3,1.0,1598.857,547.605,115.159,80.0,3,1.0,2278.757,1119.633,6.601,80.0,Horns Rev I,279.048
1174,14,54,7.98,330.0,0.078,80,70,2000,25.077,240,88,6,112,84,3450,6,1.0,2264.518,657.382,4.511,80.0,7,1.0,2285.035,657.382,4.511,80.0,Horns Rev I,176.754
1175,14,55,7.98,330.0,0.078,80,70,2000,25.077,240,88,6,112,84,3450,0,0.0,0.0,0.0,0.0,0.0,0,0.0,0.0,0.0,0.0,0.0,Horns Rev I,713.771
1176,14,56,7.98,330.0,0.078,80,70,2000,25.077,240,88,6,112,84,3450,1,0.482,1387.804,1387.804,41.41,80.0,1,0.482,1387.804,1387.804,41.41,80.0,Horns Rev I,454.892
1177,14,57,7.98,330.0,0.078,80,70,2000,25.077,240,88,6,112,84,3450,0,0.0,0.0,0.0,0.0,0.0,0,0.0,0.0,0.0,0.0,0.0,Horns Rev I,713.771
1178,14,58,7.98,330.0,0.078,80,70,2000,25.077,240,88,6,112,84,3450,1,0.0,1257.215,1257.215,118.065,80.0,1,0.0,1257.215,1257.215,118.065,80.0,Horns Rev I,707.18
1179,14,59,7.98,330.0,0.078,80,70,2000,25.077,240,88,6,112,84,3450,2,0.0,1565.729,899.537,98.208,80.0,2,0.0,1565.729,899.537,98.208,80.0,Horns Rev I,676.188
1180,14,60,7.98,330.0,0.078,80,70,2000,25.077,240,88,6,112,84,3450,1,0.435,405.401,405.401,45.235,80.0,1,0.435,405.401,405.401,45.235,80.0,Horns Rev I,440.192
1181,14,61,7.98,330.0,0.078,80,70,2000,25.077,240,88,6,112,84,3450,0,0.0,0.0,0.0,0.0,0.0,0,0.0,0.0,0.0,0.0,0.0,Horns Rev I,713.77
1182,14,62,7.98,330.0,0.078,80,70,2000,25.077,240,88,6,112,84,3450,1,0.053,2284.761,2284.761,75.733,80.0,2,0.053,2762.261,2284.761,75.733,80.0,Horns Rev I,623.253
1183,14,63,7.98,330.0,0.078,80,70,2000,25.077,240,88,6,112,84,3450,2,1.0,1814.396,1241.227,11.288,80.0,3,1.0,2233.794,1241.227,11.288,80.0,Horns Rev I,251.683
1184,14,64,7.98,330.0,0.078,80,70,2000,25.077,240,88,6,112,84,3450,1,0.269,892.268,892.268,58.498,80.0,2,0.269,1321.228,892.268,58.498,80.0,Horns Rev I,543.74
1185,14,65,7.98,330.0,0.078,80,70,2000,25.077,240,88,6,112,84,3450,1,0.975,1146.339,1146.339,1.993,80.0,1,0.975,1146.339,1146.339,1.993,80.0,Horns Rev I,311.781
1186,14,66,7.98,330.0,0.078,80,70,2000,25.077,240,88,6,112,84,3450,0,0.0,0.0,0.0,0.0,0.0,0,0.0,0.0,0.0,0.0,0.0,Horns Rev I,713.77
1187,14,67,7.98,330.0,0.078,80,70,2000,25.077,240,88,6,112,84,3450,3,0.747,1652.733,774.198,33.564,80.0,4,0.747,1787.163,774.198,33.564,80.0,Horns Rev I,367.443
1188,14,68,7.98,330.0,0.078,80,70,2000,25.077,240,88,6,112,84,3450,1,0.938,597.055,597.055,4.954,80.0,1,0.938,597.055,597.055,4.954,80.0,Horns Rev I,266.799
1189,14,69,7.98,330.0,0.078,80,70,2000,25.077,240,88,6,112,84,3450,1,0.791,524.396,524.396,16.712,80.0,1,0.791,524.396,524.396,16.712,80.0,Horns Rev I,284.669
1190,14,70,7.98,330.0,0.078,80,70,2000,25.077,240,88,6,112,84,3450,0,0.0,0.0,0.0,0.0,0.0,0,0.0,0.0,0.0,0.0,0.0,Horns Rev I,713.771
1191,14,71,7.98,330.0,0.078,80,70,2000,25.077,240,88,6,112,84,3450,2,1.0,1732.22,776.145,55.807,80.0,2,1.0,1732.22,776.145,55.807,80.0,Horns Rev I,364.564
1192,14,72,7.98,330.0,0.078,80,70,2000,25.077,240,88,6,112,84,3450,1,0.224,597.268,597.268,62.059,80.0,1,0.224,597.268,597.268,62.059,80.0,Horns Rev I,562.657
1193,14,73,7.98,330.0,0.078,80,70,2000,25.077,240,88,6,112,84,3450,1,0.893,728.108,728.108,8.554,80.0,2,0.893,999.121,728.108,8.554,80.0,Horns Rev I,285.141
1194,14,74,7.98,330.0,0.078,80,70,2000,25.077,240,88,6,112,84,3450,0,0.0,0.0,0.0,0.0,0.0,0,0.0,0.0,0.0,0.0,0.0,Horns Rev I,713.365
1195,14,75,7.98,330.0,0.078,80,70,2000,25.077,240,88,6,112,84,3450,2,1.0,774.224,475.697,34.265,80.0,2,1.0,774.224,475.697,34.265,80.0,Horns Rev I,299.279
1196,14,76,7.98,330.0,0.078,80,70,2000,25.077,240,88,6,112,84,3450,0,0.0,0.0,0.0,0.0,0.0,0,0.0,0.0,0.0,0.0,0.0,Horns Rev I,713.771
1197,14,77,7.98,330.0,0.078,80,70,2000,25.077,240,88,6,112,84,3450,1,0.0,518.885,518.885,99.751,80.0,1,0.0,518.885,518.885,99.751,80.0,Horns Rev I,696.788
1198,14,78,7.98,330.0,0.078,80,70,2000,25.077,240,88,6,112,84,3450,0,0.0,0.0,0.0,0.0,0.0,0,0.0,0.0,0.0,0.0,0.0,Horns Rev I,713.771
1199,14,79,7.98,330.0,0.078,80,70,2000,25.077,240,88,6,112,84,3450,3,1.0,2327.823,1671.331,28.375,80.0,4,1.0,2607.267,1671.331,28.375,80.0,Horns Rev I,341.241
